Library "sky130_fd_sc_hd__tt_025C_1v80" from "/mada/users/mtmosher/chisel-poseidon2/synth_test/sky130_fd_sc_hd__tt_025C_1v80.lib" has 324 cells (104 skipped: 63 seq; 13 tri-state; 18 no func; 0 dont_use; 10 with 2 outputs; 0 with 3+ outputs).  Time =     0.15 sec
[pass.abc] region 'DualIssueIssueUnit__c1': uncacheable -- ambiguous boundary: two inputs the region uses identically
[pass.abc] region 'DualIssueIssueUnit__c1': 214 gates, area 1306.38, delay 8.00  critical output 'mux_708_1' @ ../hagent/dino/build/build_dualissue_d/DualIssueIssueUnit.sv:67
[pass.abc] region 'DualIssueIssueUnit__c2': 57 gates, area 500.52, delay 5.00  critical output 'mux_736_1' @ ../hagent/dino/build/build_dualissue_d/DualIssueIssueUnit.sv:69
[pass.abc] region 'DualIssueIssueUnit__c3': uncacheable -- ambiguous boundary: two inputs the region uses identically
[pass.abc] region 'DualIssueIssueUnit__c3': 79 gates, area 573.19, delay 5.00  critical output 'mux_760_1' @ ../hagent/dino/build/build_dualissue_d/DualIssueIssueUnit.sv:70
[pass.abc] region 'DualIssueIssueUnit__c4': uncacheable -- ambiguous boundary: two inputs the region uses identically
[pass.abc] region 'DualIssueIssueUnit__c4': 66 gates, area 413.16, delay 1.00  critical output 'and_764_1' @ ../hagent/dino/build/build_dualissue_d/DualIssueIssueUnit.sv:71
[pass.abc] region 'DualIssueIssueUnit__c5': 65 gates, area 240.00, delay 1.00  critical output 'get_mask_24_1' @ ../hagent/dino/build/build_dualissue_d/PipelinedDualIssueCPU.sv:246
[pass.abc] region 'DualIssueIssueUnit__c6': 65 gates, area 240.00, delay 1.00  critical output 'get_mask_28_1' @ ../hagent/dino/build/build_dualissue_d/PipelinedDualIssueCPU.sv:246
[pass.abc] region 'DualIssueIssueUnit__c7': 4 gates, area 11.25, delay 1.00  critical output 'get_mask_32_1' @ ../hagent/dino/build/build_dualissue_d/PipelinedDualIssueCPU.sv:246
[pass.abc] region 'DualIssueIssueUnit__c8': 68 gates, area 17.52, delay 2.00  critical output 'mux_44_1' @ ../hagent/dino/build/build_dualissue_d/PipelinedDualIssueCPU.sv:246
[pass.abc] region 'DualIssueIssueUnit__c9': 68 gates, area 18.77, delay 2.00  critical output 'mux_56_1' @ ../hagent/dino/build/build_dualissue_d/PipelinedDualIssueCPU.sv:246
[pass.abc] region 'DualIssueIssueUnit__c10': 68 gates, area 16.27, delay 2.00  critical output 'mux_68_1' @ ../hagent/dino/build/build_dualissue_d/PipelinedDualIssueCPU.sv:246
[pass.abc] region 'DualIssueIssueUnit__c11': 68 gates, area 15.01, delay 2.00  critical output 'mux_80_1' @ ../hagent/dino/build/build_dualissue_d/PipelinedDualIssueCPU.sv:246
[pass.abc] region 'DualIssueIssueUnit__c12': 67 gates, area 17.52, delay 2.00  critical output 'mux_92_1' @ ../hagent/dino/build/build_dualissue_d/PipelinedDualIssueCPU.sv:246
[pass.abc] region 'DualIssueIssueUnit__c13': 68 gates, area 15.01, delay 2.00  critical output 'mux_104_1' @ ../hagent/dino/build/build_dualissue_d/PipelinedDualIssueCPU.sv:246
[pass.abc] region 'DualIssueIssueUnit__c14': 68 gates, area 17.51, delay 2.00  critical output 'mux_116_1' @ ../hagent/dino/build/build_dualissue_d/PipelinedDualIssueCPU.sv:246
[pass.abc] region 'DualIssueIssueUnit__c15': 68 gates, area 17.51, delay 2.00  critical output 'mux_136_1' @ ../hagent/dino/build/build_dualissue_d/PipelinedDualIssueCPU.sv:246
[pass.abc] region 'DualIssueIssueUnit__c16': 67 gates, area 17.52, delay 2.00  critical output 'mux_140_1' @ ../hagent/dino/build/build_dualissue_d/PipelinedDualIssueCPU.sv:246
[pass.abc] region 'DualIssueIssueUnit__c17': 68 gates, area 18.77, delay 2.00  critical output 'mux_164_1' @ ../hagent/dino/build/build_dualissue_d/PipelinedDualIssueCPU.sv:246
[pass.abc] region 'DualIssueIssueUnit__c18': 68 gates, area 17.52, delay 2.00  critical output 'mux_168_1' @ ../hagent/dino/build/build_dualissue_d/PipelinedDualIssueCPU.sv:246
[pass.abc] region 'DualIssueIssueUnit__c19': 66 gates, area 10.01, delay 1.00  critical output 'mux_188_1' @ ../hagent/dino/build/build_dualissue_d/PipelinedDualIssueCPU.sv:246
[pass.abc] region 'DualIssueIssueUnit__c20': uncacheable -- ambiguous boundary: two inputs the region uses identically
[pass.abc] region 'DualIssueIssueUnit__c20': 101 gates, area 247.72, delay 5.00  critical output 'or_644_1' @ ../hagent/dino/build/build_dualissue_d/PipelinedDualIssueCPU.sv:246
[pass.abc] region 'DualIssueRegisterFile__c1': 2806 gates, area 14781.60, delay 4.00  critical output 'hotmux_448_1' @ ../hagent/dino/build/build_dualissue_d/DualIssueRegisterFile.sv:54
[pass.abc] region 'DualIssueRegisterFile__c2': cache hit -- 2806 gates, area 14781.60, delay 4.00
[pass.abc] region 'DualIssueRegisterFile__c3': cache hit -- 2806 gates, area 14781.60, delay 4.00
[pass.abc] region 'DualIssueRegisterFile__c4': cache hit -- 2806 gates, area 14781.60, delay 4.00
[pass.abc] region 'DualIssueRegisterFile__c5': 6 gates, area 18.75, delay 1.00  critical output 'get_mask_20_1' @ ../hagent/dino/build/build_dualissue_d/PipelinedDualIssueCPU.sv:256
[pass.abc] region 'DualIssueRegisterFile__c6': 6 gates, area 18.75, delay 1.00  critical output 'get_mask_24_1' @ ../hagent/dino/build/build_dualissue_d/PipelinedDualIssueCPU.sv:256
[pass.abc] region 'DualIssueRegisterFile__c7': 6 gates, area 18.75, delay 1.00  critical output 'get_mask_28_1' @ ../hagent/dino/build/build_dualissue_d/PipelinedDualIssueCPU.sv:256
[pass.abc] region 'DualIssueRegisterFile__c8': 65 gates, area 240.00, delay 1.00  critical output 'get_mask_32_1' @ ../hagent/dino/build/build_dualissue_d/PipelinedDualIssueCPU.sv:256
[pass.abc] region 'DualIssueRegisterFile__c9': 2 gates, area 3.75, delay 1.00  critical output 'get_mask_36_1' @ ../hagent/dino/build/build_dualissue_d/PipelinedDualIssueCPU.sv:256
[pass.abc] region 'DualIssueRegisterFile__c10': 6 gates, area 18.75, delay 1.00  critical output 'get_mask_40_1' @ ../hagent/dino/build/build_dualissue_d/PipelinedDualIssueCPU.sv:256
[pass.abc] region 'DualIssueRegisterFile__c11': 6 gates, area 18.75, delay 1.00  critical output 'get_mask_44_1' @ ../hagent/dino/build/build_dualissue_d/PipelinedDualIssueCPU.sv:256
[pass.abc] region 'DualIssueRegisterFile__c12': 6 gates, area 18.75, delay 1.00  critical output 'get_mask_48_1' @ ../hagent/dino/build/build_dualissue_d/PipelinedDualIssueCPU.sv:256
[pass.abc] region 'DualIssueRegisterFile__c13': 65 gates, area 240.00, delay 1.00  critical output 'get_mask_52_1' @ ../hagent/dino/build/build_dualissue_d/PipelinedDualIssueCPU.sv:256
[pass.abc] region 'DualIssueRegisterFile__c14': 2 gates, area 3.75, delay 1.00  critical output 'get_mask_56_1' @ ../hagent/dino/build/build_dualissue_d/PipelinedDualIssueCPU.sv:256
Warning: 65 registers in this network have don't-care init values.
The don't-care are assumed to be 0. The result may not verify.
Use command "print_latch" to see the init values of registers.
Use command "zero" to convert or "init" to change the values.
[pass.abc] region 'DualIssueRegisterFile__c15': 594 gates, area 3635.82, delay 4.00  critical output 'regs_0_o' @ ../hagent/dino/build/build_dualissue_d/DualIssueRegisterFile.sv:20
Warning: 65 registers in this network have don't-care init values.
The don't-care are assumed to be 0. The result may not verify.
Use command "print_latch" to see the init values of registers.
Use command "zero" to convert or "init" to change the values.
[pass.abc] region 'DualIssueRegisterFile__c16': 594 gates, area 3635.82, delay 4.00  critical output 'regs_1_o' @ ../hagent/dino/build/build_dualissue_d/DualIssueRegisterFile.sv:21
Warning: 65 registers in this network have don't-care init values.
The don't-care are assumed to be 0. The result may not verify.
Use command "print_latch" to see the init values of registers.
Use command "zero" to convert or "init" to change the values.
[pass.abc] region 'DualIssueRegisterFile__c17': 594 gates, area 3635.82, delay 4.00  critical output 'regs_2_o' @ ../hagent/dino/build/build_dualissue_d/DualIssueRegisterFile.sv:22
Warning: 65 registers in this network have don't-care init values.
The don't-care are assumed to be 0. The result may not verify.
Use command "print_latch" to see the init values of registers.
Use command "zero" to convert or "init" to change the values.
[pass.abc] region 'DualIssueRegisterFile__c18': 594 gates, area 3635.82, delay 4.00  critical output 'regs_3_o' @ ../hagent/dino/build/build_dualissue_d/DualIssueRegisterFile.sv:23
Warning: 65 registers in this network have don't-care init values.
The don't-care are assumed to be 0. The result may not verify.
Use command "print_latch" to see the init values of registers.
Use command "zero" to convert or "init" to change the values.
[pass.abc] region 'DualIssueRegisterFile__c19': 594 gates, area 3635.82, delay 4.00  critical output 'regs_4_o' @ ../hagent/dino/build/build_dualissue_d/DualIssueRegisterFile.sv:24
Warning: 65 registers in this network have don't-care init values.
The don't-care are assumed to be 0. The result may not verify.
Use command "print_latch" to see the init values of registers.
Use command "zero" to convert or "init" to change the values.
[pass.abc] region 'DualIssueRegisterFile__c20': 594 gates, area 3635.82, delay 4.00  critical output 'regs_5_o' @ ../hagent/dino/build/build_dualissue_d/DualIssueRegisterFile.sv:25
Warning: 65 registers in this network have don't-care init values.
The don't-care are assumed to be 0. The result may not verify.
Use command "print_latch" to see the init values of registers.
Use command "zero" to convert or "init" to change the values.
[pass.abc] region 'DualIssueRegisterFile__c21': 594 gates, area 3635.82, delay 4.00  critical output 'regs_6_o' @ ../hagent/dino/build/build_dualissue_d/DualIssueRegisterFile.sv:26
Warning: 65 registers in this network have don't-care init values.
The don't-care are assumed to be 0. The result may not verify.
Use command "print_latch" to see the init values of registers.
Use command "zero" to convert or "init" to change the values.
[pass.abc] region 'DualIssueRegisterFile__c22': 594 gates, area 3635.82, delay 4.00  critical output 'regs_7_o' @ ../hagent/dino/build/build_dualissue_d/DualIssueRegisterFile.sv:27
Warning: 65 registers in this network have don't-care init values.
The don't-care are assumed to be 0. The result may not verify.
Use command "print_latch" to see the init values of registers.
Use command "zero" to convert or "init" to change the values.
[pass.abc] region 'DualIssueRegisterFile__c23': 594 gates, area 3635.82, delay 4.00  critical output 'regs_8_o' @ ../hagent/dino/build/build_dualissue_d/DualIssueRegisterFile.sv:28
Warning: 65 registers in this network have don't-care init values.
The don't-care are assumed to be 0. The result may not verify.
Use command "print_latch" to see the init values of registers.
Use command "zero" to convert or "init" to change the values.
[pass.abc] region 'DualIssueRegisterFile__c24': 594 gates, area 3635.82, delay 4.00  critical output 'regs_9_o' @ ../hagent/dino/build/build_dualissue_d/DualIssueRegisterFile.sv:29
Warning: 65 registers in this network have don't-care init values.
The don't-care are assumed to be 0. The result may not verify.
Use command "print_latch" to see the init values of registers.
Use command "zero" to convert or "init" to change the values.
[pass.abc] region 'DualIssueRegisterFile__c25': 594 gates, area 3635.82, delay 4.00  critical output 'regs_10_o' @ ../hagent/dino/build/build_dualissue_d/DualIssueRegisterFile.sv:30
Warning: 65 registers in this network have don't-care init values.
The don't-care are assumed to be 0. The result may not verify.
Use command "print_latch" to see the init values of registers.
Use command "zero" to convert or "init" to change the values.
[pass.abc] region 'DualIssueRegisterFile__c26': 594 gates, area 3635.82, delay 4.00  critical output 'regs_11_o' @ ../hagent/dino/build/build_dualissue_d/DualIssueRegisterFile.sv:31
Warning: 65 registers in this network have don't-care init values.
The don't-care are assumed to be 0. The result may not verify.
Use command "print_latch" to see the init values of registers.
Use command "zero" to convert or "init" to change the values.
[pass.abc] region 'DualIssueRegisterFile__c27': 594 gates, area 3635.82, delay 4.00  critical output 'regs_12_o' @ ../hagent/dino/build/build_dualissue_d/DualIssueRegisterFile.sv:32
Warning: 65 registers in this network have don't-care init values.
The don't-care are assumed to be 0. The result may not verify.
Use command "print_latch" to see the init values of registers.
Use command "zero" to convert or "init" to change the values.
[pass.abc] region 'DualIssueRegisterFile__c28': 594 gates, area 3635.82, delay 4.00  critical output 'regs_13_o' @ ../hagent/dino/build/build_dualissue_d/DualIssueRegisterFile.sv:33
Warning: 65 registers in this network have don't-care init values.
The don't-care are assumed to be 0. The result may not verify.
Use command "print_latch" to see the init values of registers.
Use command "zero" to convert or "init" to change the values.
[pass.abc] region 'DualIssueRegisterFile__c29': 594 gates, area 3635.82, delay 4.00  critical output 'regs_14_o' @ ../hagent/dino/build/build_dualissue_d/DualIssueRegisterFile.sv:34
Warning: 65 registers in this network have don't-care init values.
The don't-care are assumed to be 0. The result may not verify.
Use command "print_latch" to see the init values of registers.
Use command "zero" to convert or "init" to change the values.
[pass.abc] region 'DualIssueRegisterFile__c30': 594 gates, area 3635.82, delay 4.00  critical output 'regs_15_o' @ ../hagent/dino/build/build_dualissue_d/DualIssueRegisterFile.sv:35
Warning: 65 registers in this network have don't-care init values.
The don't-care are assumed to be 0. The result may not verify.
Use command "print_latch" to see the init values of registers.
Use command "zero" to convert or "init" to change the values.
[pass.abc] region 'DualIssueRegisterFile__c31': 594 gates, area 3635.82, delay 4.00  critical output 'regs_16_o' @ ../hagent/dino/build/build_dualissue_d/DualIssueRegisterFile.sv:36
Warning: 65 registers in this network have don't-care init values.
The don't-care are assumed to be 0. The result may not verify.
Use command "print_latch" to see the init values of registers.
Use command "zero" to convert or "init" to change the values.
[pass.abc] region 'DualIssueRegisterFile__c32': 594 gates, area 3635.82, delay 4.00  critical output 'regs_17_o' @ ../hagent/dino/build/build_dualissue_d/DualIssueRegisterFile.sv:37
Warning: 65 registers in this network have don't-care init values.
The don't-care are assumed to be 0. The result may not verify.
Use command "print_latch" to see the init values of registers.
Use command "zero" to convert or "init" to change the values.
[pass.abc] region 'DualIssueRegisterFile__c33': 594 gates, area 3635.82, delay 4.00  critical output 'regs_18_o' @ ../hagent/dino/build/build_dualissue_d/DualIssueRegisterFile.sv:38
Warning: 65 registers in this network have don't-care init values.
The don't-care are assumed to be 0. The result may not verify.
Use command "print_latch" to see the init values of registers.
Use command "zero" to convert or "init" to change the values.
[pass.abc] region 'DualIssueRegisterFile__c34': 594 gates, area 3635.82, delay 4.00  critical output 'regs_19_o' @ ../hagent/dino/build/build_dualissue_d/DualIssueRegisterFile.sv:39
Warning: 65 registers in this network have don't-care init values.
The don't-care are assumed to be 0. The result may not verify.
Use command "print_latch" to see the init values of registers.
Use command "zero" to convert or "init" to change the values.
[pass.abc] region 'DualIssueRegisterFile__c35': 594 gates, area 3635.82, delay 4.00  critical output 'regs_20_o' @ ../hagent/dino/build/build_dualissue_d/DualIssueRegisterFile.sv:40
Warning: 65 registers in this network have don't-care init values.
The don't-care are assumed to be 0. The result may not verify.
Use command "print_latch" to see the init values of registers.
Use command "zero" to convert or "init" to change the values.
[pass.abc] region 'DualIssueRegisterFile__c36': 594 gates, area 3635.82, delay 4.00  critical output 'regs_21_o' @ ../hagent/dino/build/build_dualissue_d/DualIssueRegisterFile.sv:41
Warning: 65 registers in this network have don't-care init values.
The don't-care are assumed to be 0. The result may not verify.
Use command "print_latch" to see the init values of registers.
Use command "zero" to convert or "init" to change the values.
[pass.abc] region 'DualIssueRegisterFile__c37': 594 gates, area 3635.82, delay 4.00  critical output 'regs_22_o' @ ../hagent/dino/build/build_dualissue_d/DualIssueRegisterFile.sv:42
Warning: 65 registers in this network have don't-care init values.
The don't-care are assumed to be 0. The result may not verify.
Use command "print_latch" to see the init values of registers.
Use command "zero" to convert or "init" to change the values.
[pass.abc] region 'DualIssueRegisterFile__c38': 594 gates, area 3635.82, delay 4.00  critical output 'regs_23_o' @ ../hagent/dino/build/build_dualissue_d/DualIssueRegisterFile.sv:43
Warning: 65 registers in this network have don't-care init values.
The don't-care are assumed to be 0. The result may not verify.
Use command "print_latch" to see the init values of registers.
Use command "zero" to convert or "init" to change the values.
[pass.abc] region 'DualIssueRegisterFile__c39': 594 gates, area 3635.82, delay 4.00  critical output 'regs_24_o' @ ../hagent/dino/build/build_dualissue_d/DualIssueRegisterFile.sv:44
Warning: 65 registers in this network have don't-care init values.
The don't-care are assumed to be 0. The result may not verify.
Use command "print_latch" to see the init values of registers.
Use command "zero" to convert or "init" to change the values.
[pass.abc] region 'DualIssueRegisterFile__c40': 594 gates, area 3635.82, delay 4.00  critical output 'regs_25_o' @ ../hagent/dino/build/build_dualissue_d/DualIssueRegisterFile.sv:45
Warning: 65 registers in this network have don't-care init values.
The don't-care are assumed to be 0. The result may not verify.
Use command "print_latch" to see the init values of registers.
Use command "zero" to convert or "init" to change the values.
[pass.abc] region 'DualIssueRegisterFile__c41': 594 gates, area 3635.82, delay 4.00  critical output 'regs_26_o' @ ../hagent/dino/build/build_dualissue_d/DualIssueRegisterFile.sv:46
Warning: 65 registers in this network have don't-care init values.
The don't-care are assumed to be 0. The result may not verify.
Use command "print_latch" to see the init values of registers.
Use command "zero" to convert or "init" to change the values.
[pass.abc] region 'DualIssueRegisterFile__c42': 594 gates, area 3635.82, delay 4.00  critical output 'regs_27_o' @ ../hagent/dino/build/build_dualissue_d/DualIssueRegisterFile.sv:47
Warning: 65 registers in this network have don't-care init values.
The don't-care are assumed to be 0. The result may not verify.
Use command "print_latch" to see the init values of registers.
Use command "zero" to convert or "init" to change the values.
[pass.abc] region 'DualIssueRegisterFile__c43': 594 gates, area 3635.82, delay 4.00  critical output 'regs_28_o' @ ../hagent/dino/build/build_dualissue_d/DualIssueRegisterFile.sv:48
Warning: 65 registers in this network have don't-care init values.
The don't-care are assumed to be 0. The result may not verify.
Use command "print_latch" to see the init values of registers.
Use command "zero" to convert or "init" to change the values.
[pass.abc] region 'DualIssueRegisterFile__c44': 594 gates, area 3635.82, delay 4.00  critical output 'regs_29_o' @ ../hagent/dino/build/build_dualissue_d/DualIssueRegisterFile.sv:49
Warning: 65 registers in this network have don't-care init values.
The don't-care are assumed to be 0. The result may not verify.
Use command "print_latch" to see the init values of registers.
Use command "zero" to convert or "init" to change the values.
[pass.abc] region 'DualIssueRegisterFile__c45': 594 gates, area 3635.82, delay 4.00  critical output 'regs_30_o' @ ../hagent/dino/build/build_dualissue_d/DualIssueRegisterFile.sv:50
Warning: 65 registers in this network have don't-care init values.
The don't-care are assumed to be 0. The result may not verify.
Use command "print_latch" to see the init values of registers.
Use command "zero" to convert or "init" to change the values.
[pass.abc] region 'DualIssueRegisterFile__c46': 594 gates, area 3635.82, delay 4.00  critical output 'regs_31_o' @ ../hagent/dino/build/build_dualissue_d/DualIssueRegisterFile.sv:51
[pass.abc] region 'DualIssueRegisterFile__c47': 3 gates, area 15.01, delay 2.00  critical output 'eq_188_1' @ ../hagent/dino/build/build_dualissue_d/PipelinedDualIssueCPU.sv:256
[pass.abc] region 'DualIssueRegisterFile__c48': 3 gates, area 15.01, delay 2.00  critical output 'eq_192_1' @ ../hagent/dino/build/build_dualissue_d/PipelinedDualIssueCPU.sv:256
[pass.abc] region 'DualIssueRegisterFile__c49': 3 gates, area 12.52, delay 2.00  critical output 'eq_196_1' @ ../hagent/dino/build/build_dualissue_d/PipelinedDualIssueCPU.sv:256
[pass.abc] region 'DualIssueRegisterFile__c50': 3 gates, area 15.01, delay 2.00  critical output 'eq_200_1' @ ../hagent/dino/build/build_dualissue_d/PipelinedDualIssueCPU.sv:256
[pass.abc] region 'DualIssueRegisterFile__c51': 3 gates, area 13.77, delay 2.00  critical output 'eq_204_1' @ ../hagent/dino/build/build_dualissue_d/PipelinedDualIssueCPU.sv:256
[pass.abc] region 'DualIssueRegisterFile__c52': 3 gates, area 13.77, delay 2.00  critical output 'eq_208_1' @ ../hagent/dino/build/build_dualissue_d/PipelinedDualIssueCPU.sv:256
[pass.abc] region 'DualIssueRegisterFile__c53': 3 gates, area 11.26, delay 2.00  critical output 'eq_212_1' @ ../hagent/dino/build/build_dualissue_d/PipelinedDualIssueCPU.sv:256
[pass.abc] region 'DualIssueRegisterFile__c54': 3 gates, area 15.01, delay 2.00  critical output 'eq_216_1' @ ../hagent/dino/build/build_dualissue_d/PipelinedDualIssueCPU.sv:256
[pass.abc] region 'DualIssueRegisterFile__c55': 3 gates, area 16.26, delay 2.00  critical output 'eq_220_1' @ ../hagent/dino/build/build_dualissue_d/PipelinedDualIssueCPU.sv:256
[pass.abc] region 'DualIssueRegisterFile__c56': 3 gates, area 16.26, delay 2.00  critical output 'eq_224_1' @ ../hagent/dino/build/build_dualissue_d/PipelinedDualIssueCPU.sv:256
[pass.abc] region 'DualIssueRegisterFile__c57': 3 gates, area 13.76, delay 2.00  critical output 'eq_228_1' @ ../hagent/dino/build/build_dualissue_d/PipelinedDualIssueCPU.sv:256
[pass.abc] region 'DualIssueRegisterFile__c58': 3 gates, area 16.26, delay 2.00  critical output 'eq_232_1' @ ../hagent/dino/build/build_dualissue_d/PipelinedDualIssueCPU.sv:256
[pass.abc] region 'DualIssueRegisterFile__c59': 3 gates, area 13.76, delay 2.00  critical output 'eq_236_1' @ ../hagent/dino/build/build_dualissue_d/PipelinedDualIssueCPU.sv:256
[pass.abc] region 'DualIssueRegisterFile__c60': 3 gates, area 13.76, delay 2.00  critical output 'eq_240_1' @ ../hagent/dino/build/build_dualissue_d/PipelinedDualIssueCPU.sv:256
[pass.abc] region 'DualIssueRegisterFile__c61': 3 gates, area 11.26, delay 2.00  critical output 'eq_244_1' @ ../hagent/dino/build/build_dualissue_d/PipelinedDualIssueCPU.sv:256
[pass.abc] region 'DualIssueRegisterFile__c62': 3 gates, area 15.01, delay 2.00  critical output 'eq_248_1' @ ../hagent/dino/build/build_dualissue_d/PipelinedDualIssueCPU.sv:256
[pass.abc] region 'DualIssueRegisterFile__c63': 3 gates, area 16.26, delay 2.00  critical output 'eq_252_1' @ ../hagent/dino/build/build_dualissue_d/PipelinedDualIssueCPU.sv:256
[pass.abc] region 'DualIssueRegisterFile__c64': 3 gates, area 16.26, delay 2.00  critical output 'eq_256_1' @ ../hagent/dino/build/build_dualissue_d/PipelinedDualIssueCPU.sv:256
[pass.abc] region 'DualIssueRegisterFile__c65': 3 gates, area 13.76, delay 2.00  critical output 'eq_260_1' @ ../hagent/dino/build/build_dualissue_d/PipelinedDualIssueCPU.sv:256
[pass.abc] region 'DualIssueRegisterFile__c66': 3 gates, area 16.26, delay 2.00  critical output 'eq_264_1' @ ../hagent/dino/build/build_dualissue_d/PipelinedDualIssueCPU.sv:256
[pass.abc] region 'DualIssueRegisterFile__c67': 3 gates, area 13.76, delay 2.00  critical output 'eq_268_1' @ ../hagent/dino/build/build_dualissue_d/PipelinedDualIssueCPU.sv:256
[pass.abc] region 'DualIssueRegisterFile__c68': 3 gates, area 13.76, delay 2.00  critical output 'eq_272_1' @ ../hagent/dino/build/build_dualissue_d/PipelinedDualIssueCPU.sv:256
[pass.abc] region 'DualIssueRegisterFile__c69': 3 gates, area 11.26, delay 2.00  critical output 'eq_276_1' @ ../hagent/dino/build/build_dualissue_d/PipelinedDualIssueCPU.sv:256
[pass.abc] region 'DualIssueRegisterFile__c70': 3 gates, area 15.01, delay 2.00  critical output 'eq_280_1' @ ../hagent/dino/build/build_dualissue_d/PipelinedDualIssueCPU.sv:256
[pass.abc] region 'DualIssueRegisterFile__c71': 3 gates, area 13.76, delay 2.00  critical output 'eq_284_1' @ ../hagent/dino/build/build_dualissue_d/PipelinedDualIssueCPU.sv:256
[pass.abc] region 'DualIssueRegisterFile__c72': 3 gates, area 13.76, delay 2.00  critical output 'eq_288_1' @ ../hagent/dino/build/build_dualissue_d/PipelinedDualIssueCPU.sv:256
[pass.abc] region 'DualIssueRegisterFile__c73': 3 gates, area 11.26, delay 2.00  critical output 'eq_292_1' @ ../hagent/dino/build/build_dualissue_d/PipelinedDualIssueCPU.sv:256
[pass.abc] region 'DualIssueRegisterFile__c74': 3 gates, area 13.76, delay 2.00  critical output 'eq_296_1' @ ../hagent/dino/build/build_dualissue_d/PipelinedDualIssueCPU.sv:256
[pass.abc] region 'DualIssueRegisterFile__c75': 3 gates, area 16.27, delay 2.00  critical output 'eq_300_1' @ ../hagent/dino/build/build_dualissue_d/PipelinedDualIssueCPU.sv:256
[pass.abc] region 'DualIssueRegisterFile__c76': 3 gates, area 16.27, delay 2.00  critical output 'eq_304_1' @ ../hagent/dino/build/build_dualissue_d/PipelinedDualIssueCPU.sv:256
[pass.abc] region 'DualIssueRegisterFile__c77': 3 gates, area 12.51, delay 2.00  critical output 'eq_308_1' @ ../hagent/dino/build/build_dualissue_d/PipelinedDualIssueCPU.sv:256
[pass.abc] region 'DualIssueRegisterFile__c78': cache hit -- 3 gates, area 15.01, delay 2.00
[pass.abc] region 'DualIssueRegisterFile__c79': cache hit -- 3 gates, area 15.01, delay 2.00
[pass.abc] region 'DualIssueRegisterFile__c80': cache hit -- 3 gates, area 12.52, delay 2.00
[pass.abc] region 'DualIssueRegisterFile__c81': cache hit -- 3 gates, area 15.01, delay 2.00
[pass.abc] region 'DualIssueRegisterFile__c82': cache hit -- 3 gates, area 13.77, delay 2.00
[pass.abc] region 'DualIssueRegisterFile__c83': cache hit -- 3 gates, area 13.77, delay 2.00
[pass.abc] region 'DualIssueRegisterFile__c84': cache hit -- 3 gates, area 11.26, delay 2.00
[pass.abc] region 'DualIssueRegisterFile__c85': cache hit -- 3 gates, area 15.01, delay 2.00
[pass.abc] region 'DualIssueRegisterFile__c86': cache hit -- 3 gates, area 16.26, delay 2.00
[pass.abc] region 'DualIssueRegisterFile__c87': cache hit -- 3 gates, area 16.26, delay 2.00
[pass.abc] region 'DualIssueRegisterFile__c88': cache hit -- 3 gates, area 13.76, delay 2.00
[pass.abc] region 'DualIssueRegisterFile__c89': cache hit -- 3 gates, area 16.26, delay 2.00
[pass.abc] region 'DualIssueRegisterFile__c90': cache hit -- 3 gates, area 13.76, delay 2.00
[pass.abc] region 'DualIssueRegisterFile__c91': cache hit -- 3 gates, area 13.76, delay 2.00
[pass.abc] region 'DualIssueRegisterFile__c92': cache hit -- 3 gates, area 11.26, delay 2.00
[pass.abc] region 'DualIssueRegisterFile__c93': cache hit -- 3 gates, area 15.01, delay 2.00
[pass.abc] region 'DualIssueRegisterFile__c94': cache hit -- 3 gates, area 16.26, delay 2.00
[pass.abc] region 'DualIssueRegisterFile__c95': cache hit -- 3 gates, area 16.26, delay 2.00
[pass.abc] region 'DualIssueRegisterFile__c96': cache hit -- 3 gates, area 13.76, delay 2.00
[pass.abc] region 'DualIssueRegisterFile__c97': cache hit -- 3 gates, area 16.26, delay 2.00
[pass.abc] region 'DualIssueRegisterFile__c98': cache hit -- 3 gates, area 13.76, delay 2.00
[pass.abc] region 'DualIssueRegisterFile__c99': cache hit -- 3 gates, area 13.76, delay 2.00
[pass.abc] region 'DualIssueRegisterFile__c100': cache hit -- 3 gates, area 11.26, delay 2.00
[pass.abc] region 'DualIssueRegisterFile__c101': cache hit -- 3 gates, area 15.01, delay 2.00
[pass.abc] region 'DualIssueRegisterFile__c102': cache hit -- 3 gates, area 13.76, delay 2.00
[pass.abc] region 'DualIssueRegisterFile__c103': cache hit -- 3 gates, area 13.76, delay 2.00
[pass.abc] region 'DualIssueRegisterFile__c104': cache hit -- 3 gates, area 11.26, delay 2.00
[pass.abc] region 'DualIssueRegisterFile__c105': cache hit -- 3 gates, area 13.76, delay 2.00
[pass.abc] region 'DualIssueRegisterFile__c106': cache hit -- 3 gates, area 16.27, delay 2.00
[pass.abc] region 'DualIssueRegisterFile__c107': cache hit -- 3 gates, area 16.27, delay 2.00
[pass.abc] region 'DualIssueRegisterFile__c108': cache hit -- 3 gates, area 12.51, delay 2.00
[pass.abc] region 'DualIssueRegisterFile__c109': cache hit -- 3 gates, area 15.01, delay 2.00
[pass.abc] region 'DualIssueRegisterFile__c110': cache hit -- 3 gates, area 15.01, delay 2.00
[pass.abc] region 'DualIssueRegisterFile__c111': cache hit -- 3 gates, area 12.52, delay 2.00
[pass.abc] region 'DualIssueRegisterFile__c112': cache hit -- 3 gates, area 15.01, delay 2.00
[pass.abc] region 'DualIssueRegisterFile__c113': cache hit -- 3 gates, area 13.77, delay 2.00
[pass.abc] region 'DualIssueRegisterFile__c114': cache hit -- 3 gates, area 13.77, delay 2.00
[pass.abc] region 'DualIssueRegisterFile__c115': cache hit -- 3 gates, area 11.26, delay 2.00
[pass.abc] region 'DualIssueRegisterFile__c116': cache hit -- 3 gates, area 15.01, delay 2.00
[pass.abc] region 'DualIssueRegisterFile__c117': cache hit -- 3 gates, area 16.26, delay 2.00
[pass.abc] region 'DualIssueRegisterFile__c118': cache hit -- 3 gates, area 16.26, delay 2.00
[pass.abc] region 'DualIssueRegisterFile__c119': cache hit -- 3 gates, area 13.76, delay 2.00
[pass.abc] region 'DualIssueRegisterFile__c120': cache hit -- 3 gates, area 16.26, delay 2.00
[pass.abc] region 'DualIssueRegisterFile__c121': cache hit -- 3 gates, area 13.76, delay 2.00
[pass.abc] region 'DualIssueRegisterFile__c122': cache hit -- 3 gates, area 13.76, delay 2.00
[pass.abc] region 'DualIssueRegisterFile__c123': cache hit -- 3 gates, area 11.26, delay 2.00
[pass.abc] region 'DualIssueRegisterFile__c124': cache hit -- 3 gates, area 15.01, delay 2.00
[pass.abc] region 'DualIssueRegisterFile__c125': cache hit -- 3 gates, area 16.26, delay 2.00
[pass.abc] region 'DualIssueRegisterFile__c126': cache hit -- 3 gates, area 16.26, delay 2.00
[pass.abc] region 'DualIssueRegisterFile__c127': cache hit -- 3 gates, area 13.76, delay 2.00
[pass.abc] region 'DualIssueRegisterFile__c128': cache hit -- 3 gates, area 16.26, delay 2.00
[pass.abc] region 'DualIssueRegisterFile__c129': cache hit -- 3 gates, area 13.76, delay 2.00
[pass.abc] region 'DualIssueRegisterFile__c130': cache hit -- 3 gates, area 13.76, delay 2.00
[pass.abc] region 'DualIssueRegisterFile__c131': cache hit -- 3 gates, area 11.26, delay 2.00
[pass.abc] region 'DualIssueRegisterFile__c132': cache hit -- 3 gates, area 15.01, delay 2.00
[pass.abc] region 'DualIssueRegisterFile__c133': cache hit -- 3 gates, area 13.76, delay 2.00
[pass.abc] region 'DualIssueRegisterFile__c134': cache hit -- 3 gates, area 13.76, delay 2.00
[pass.abc] region 'DualIssueRegisterFile__c135': cache hit -- 3 gates, area 11.26, delay 2.00
[pass.abc] region 'DualIssueRegisterFile__c136': cache hit -- 3 gates, area 13.76, delay 2.00
[pass.abc] region 'DualIssueRegisterFile__c137': cache hit -- 3 gates, area 16.27, delay 2.00
[pass.abc] region 'DualIssueRegisterFile__c138': cache hit -- 3 gates, area 16.27, delay 2.00
[pass.abc] region 'DualIssueRegisterFile__c139': cache hit -- 3 gates, area 12.51, delay 2.00
[pass.abc] region 'DualIssueRegisterFile__c140': cache hit -- 3 gates, area 15.01, delay 2.00
[pass.abc] region 'DualIssueRegisterFile__c141': cache hit -- 3 gates, area 15.01, delay 2.00
[pass.abc] region 'DualIssueRegisterFile__c142': cache hit -- 3 gates, area 12.52, delay 2.00
[pass.abc] region 'DualIssueRegisterFile__c143': cache hit -- 3 gates, area 15.01, delay 2.00
[pass.abc] region 'DualIssueRegisterFile__c144': cache hit -- 3 gates, area 13.77, delay 2.00
[pass.abc] region 'DualIssueRegisterFile__c145': cache hit -- 3 gates, area 13.77, delay 2.00
[pass.abc] region 'DualIssueRegisterFile__c146': cache hit -- 3 gates, area 11.26, delay 2.00
[pass.abc] region 'DualIssueRegisterFile__c147': cache hit -- 3 gates, area 15.01, delay 2.00
[pass.abc] region 'DualIssueRegisterFile__c148': cache hit -- 3 gates, area 16.26, delay 2.00
[pass.abc] region 'DualIssueRegisterFile__c149': cache hit -- 3 gates, area 16.26, delay 2.00
[pass.abc] region 'DualIssueRegisterFile__c150': cache hit -- 3 gates, area 13.76, delay 2.00
[pass.abc] region 'DualIssueRegisterFile__c151': cache hit -- 3 gates, area 16.26, delay 2.00
[pass.abc] region 'DualIssueRegisterFile__c152': cache hit -- 3 gates, area 13.76, delay 2.00
[pass.abc] region 'DualIssueRegisterFile__c153': cache hit -- 3 gates, area 13.76, delay 2.00
[pass.abc] region 'DualIssueRegisterFile__c154': cache hit -- 3 gates, area 11.26, delay 2.00
[pass.abc] region 'DualIssueRegisterFile__c155': cache hit -- 3 gates, area 15.01, delay 2.00
[pass.abc] region 'DualIssueRegisterFile__c156': cache hit -- 3 gates, area 16.26, delay 2.00
[pass.abc] region 'DualIssueRegisterFile__c157': cache hit -- 3 gates, area 16.26, delay 2.00
[pass.abc] region 'DualIssueRegisterFile__c158': cache hit -- 3 gates, area 13.76, delay 2.00
[pass.abc] region 'DualIssueRegisterFile__c159': cache hit -- 3 gates, area 16.26, delay 2.00
[pass.abc] region 'DualIssueRegisterFile__c160': cache hit -- 3 gates, area 13.76, delay 2.00
[pass.abc] region 'DualIssueRegisterFile__c161': cache hit -- 3 gates, area 13.76, delay 2.00
[pass.abc] region 'DualIssueRegisterFile__c162': cache hit -- 3 gates, area 11.26, delay 2.00
[pass.abc] region 'DualIssueRegisterFile__c163': cache hit -- 3 gates, area 15.01, delay 2.00
[pass.abc] region 'DualIssueRegisterFile__c164': cache hit -- 3 gates, area 13.76, delay 2.00
[pass.abc] region 'DualIssueRegisterFile__c165': cache hit -- 3 gates, area 13.76, delay 2.00
[pass.abc] region 'DualIssueRegisterFile__c166': cache hit -- 3 gates, area 11.26, delay 2.00
[pass.abc] region 'DualIssueRegisterFile__c167': cache hit -- 3 gates, area 13.76, delay 2.00
[pass.abc] region 'DualIssueRegisterFile__c168': cache hit -- 3 gates, area 16.27, delay 2.00
[pass.abc] region 'DualIssueRegisterFile__c169': cache hit -- 3 gates, area 16.27, delay 2.00
[pass.abc] region 'DualIssueRegisterFile__c170': cache hit -- 3 gates, area 12.51, delay 2.00
[pass.abc] region 'DualIssueRegisterFile__c171': 67 gates, area 12.51, delay 2.00  critical output 'mux_1248_1' @ ../hagent/dino/build/build_dualissue_d/PipelinedDualIssueCPU.sv:256
[pass.abc] region 'DualIssueRegisterFile__c172': 67 gates, area 15.01, delay 2.00  critical output 'mux_1256_1' @ ../hagent/dino/build/build_dualissue_d/PipelinedDualIssueCPU.sv:256
[pass.abc] region 'DualIssueRegisterFile__c173': 67 gates, area 15.01, delay 2.00  critical output 'mux_1264_1' @ ../hagent/dino/build/build_dualissue_d/PipelinedDualIssueCPU.sv:256
[pass.abc] region 'DualIssueRegisterFile__c174': 67 gates, area 12.52, delay 2.00  critical output 'mux_1272_1' @ ../hagent/dino/build/build_dualissue_d/PipelinedDualIssueCPU.sv:256
[pass.abc] region 'DualIssueRegisterFile__c175': 67 gates, area 15.01, delay 2.00  critical output 'mux_1280_1' @ ../hagent/dino/build/build_dualissue_d/PipelinedDualIssueCPU.sv:256
[pass.abc] region 'DualIssueRegisterFile__c176': 67 gates, area 13.77, delay 2.00  critical output 'mux_1288_1' @ ../hagent/dino/build/build_dualissue_d/PipelinedDualIssueCPU.sv:256
[pass.abc] region 'DualIssueRegisterFile__c177': 67 gates, area 13.77, delay 2.00  critical output 'mux_1296_1' @ ../hagent/dino/build/build_dualissue_d/PipelinedDualIssueCPU.sv:256
[pass.abc] region 'DualIssueRegisterFile__c178': 67 gates, area 11.26, delay 2.00  critical output 'mux_1304_1' @ ../hagent/dino/build/build_dualissue_d/PipelinedDualIssueCPU.sv:256
[pass.abc] region 'DualIssueRegisterFile__c179': 67 gates, area 15.01, delay 2.00  critical output 'mux_1312_1' @ ../hagent/dino/build/build_dualissue_d/PipelinedDualIssueCPU.sv:256
[pass.abc] region 'DualIssueRegisterFile__c180': 67 gates, area 16.26, delay 2.00  critical output 'mux_1320_1' @ ../hagent/dino/build/build_dualissue_d/PipelinedDualIssueCPU.sv:256
[pass.abc] region 'DualIssueRegisterFile__c181': 67 gates, area 16.26, delay 2.00  critical output 'mux_1328_1' @ ../hagent/dino/build/build_dualissue_d/PipelinedDualIssueCPU.sv:256
[pass.abc] region 'DualIssueRegisterFile__c182': 67 gates, area 13.76, delay 2.00  critical output 'mux_1336_1' @ ../hagent/dino/build/build_dualissue_d/PipelinedDualIssueCPU.sv:256
[pass.abc] region 'DualIssueRegisterFile__c183': 67 gates, area 16.26, delay 2.00  critical output 'mux_1344_1' @ ../hagent/dino/build/build_dualissue_d/PipelinedDualIssueCPU.sv:256
[pass.abc] region 'DualIssueRegisterFile__c184': 67 gates, area 13.76, delay 2.00  critical output 'mux_1352_1' @ ../hagent/dino/build/build_dualissue_d/PipelinedDualIssueCPU.sv:256
[pass.abc] region 'DualIssueRegisterFile__c185': 67 gates, area 13.76, delay 2.00  critical output 'mux_1360_1' @ ../hagent/dino/build/build_dualissue_d/PipelinedDualIssueCPU.sv:256
[pass.abc] region 'DualIssueRegisterFile__c186': 67 gates, area 11.26, delay 2.00  critical output 'mux_1368_1' @ ../hagent/dino/build/build_dualissue_d/PipelinedDualIssueCPU.sv:256
[pass.abc] region 'DualIssueRegisterFile__c187': 67 gates, area 15.01, delay 2.00  critical output 'mux_1376_1' @ ../hagent/dino/build/build_dualissue_d/PipelinedDualIssueCPU.sv:256
[pass.abc] region 'DualIssueRegisterFile__c188': 67 gates, area 16.26, delay 2.00  critical output 'mux_1384_1' @ ../hagent/dino/build/build_dualissue_d/PipelinedDualIssueCPU.sv:256
[pass.abc] region 'DualIssueRegisterFile__c189': 67 gates, area 16.26, delay 2.00  critical output 'mux_1392_1' @ ../hagent/dino/build/build_dualissue_d/PipelinedDualIssueCPU.sv:256
[pass.abc] region 'DualIssueRegisterFile__c190': 67 gates, area 13.76, delay 2.00  critical output 'mux_1400_1' @ ../hagent/dino/build/build_dualissue_d/PipelinedDualIssueCPU.sv:256
[pass.abc] region 'DualIssueRegisterFile__c191': 67 gates, area 16.26, delay 2.00  critical output 'mux_1408_1' @ ../hagent/dino/build/build_dualissue_d/PipelinedDualIssueCPU.sv:256
[pass.abc] region 'DualIssueRegisterFile__c192': 67 gates, area 13.76, delay 2.00  critical output 'mux_1416_1' @ ../hagent/dino/build/build_dualissue_d/PipelinedDualIssueCPU.sv:256
[pass.abc] region 'DualIssueRegisterFile__c193': 67 gates, area 13.76, delay 2.00  critical output 'mux_1424_1' @ ../hagent/dino/build/build_dualissue_d/PipelinedDualIssueCPU.sv:256
[pass.abc] region 'DualIssueRegisterFile__c194': 67 gates, area 11.26, delay 2.00  critical output 'mux_1432_1' @ ../hagent/dino/build/build_dualissue_d/PipelinedDualIssueCPU.sv:256
[pass.abc] region 'DualIssueRegisterFile__c195': 67 gates, area 15.01, delay 2.00  critical output 'mux_1440_1' @ ../hagent/dino/build/build_dualissue_d/PipelinedDualIssueCPU.sv:256
[pass.abc] region 'DualIssueRegisterFile__c196': 67 gates, area 13.76, delay 2.00  critical output 'mux_1448_1' @ ../hagent/dino/build/build_dualissue_d/PipelinedDualIssueCPU.sv:256
[pass.abc] region 'DualIssueRegisterFile__c197': 67 gates, area 13.76, delay 2.00  critical output 'mux_1456_1' @ ../hagent/dino/build/build_dualissue_d/PipelinedDualIssueCPU.sv:256
[pass.abc] region 'DualIssueRegisterFile__c198': 67 gates, area 11.26, delay 2.00  critical output 'mux_1464_1' @ ../hagent/dino/build/build_dualissue_d/PipelinedDualIssueCPU.sv:256
[pass.abc] region 'DualIssueRegisterFile__c199': 67 gates, area 13.76, delay 2.00  critical output 'mux_1472_1' @ ../hagent/dino/build/build_dualissue_d/PipelinedDualIssueCPU.sv:256
[pass.abc] region 'DualIssueRegisterFile__c200': 67 gates, area 16.27, delay 2.00  critical output 'mux_1480_1' @ ../hagent/dino/build/build_dualissue_d/PipelinedDualIssueCPU.sv:256
[pass.abc] region 'DualIssueRegisterFile__c201': 67 gates, area 16.27, delay 2.00  critical output 'mux_1488_1' @ ../hagent/dino/build/build_dualissue_d/PipelinedDualIssueCPU.sv:256
[pass.abc] region 'DualIssueRegisterFile__c202': uncacheable -- ambiguous boundary: two inputs the region uses identically
[pass.abc] region 'DualIssueRegisterFile__c202': 11 gates, area 75.07, delay 3.00  critical output 'eq_1512_1' @ ../hagent/dino/build/build_dualissue_d/PipelinedDualIssueCPU.sv:256
[pass.abc] region 'DualIssueRegisterFile__c203': 24 gates, area 140.20, delay 4.00  critical output 'eq_1520_1' @ ../hagent/dino/build/build_dualissue_d/DualIssueRegisterFile.sv:360
[pass.abc] region 'DualIssueRegisterFile__c204': cache hit -- 24 gates, area 140.20, delay 4.00
[pass.abc] region 'DualIssueRegisterFile__c205': cache hit -- 24 gates, area 140.20, delay 4.00
[pass.abc] region 'DualIssueRegisterFile__c206': cache hit -- 24 gates, area 140.20, delay 4.00
[pass.abc] region 'DualIssueRegisterFile__c207': cache hit -- 24 gates, area 140.20, delay 4.00
[pass.abc] region 'DualIssueRegisterFile__c208': cache hit -- 24 gates, area 140.20, delay 4.00
[pass.abc] region 'DualIssueRegisterFile__c209': cache hit -- 24 gates, area 140.20, delay 4.00
[pass.abc] region 'DualIssueRegisterFile__c210': cache hit -- 24 gates, area 140.20, delay 4.00
[pass.abc] region 'DualIssueRegisterFile__c211': cache hit -- 24 gates, area 140.20, delay 4.00
[pass.abc] region 'DualIssueRegisterFile__c212': cache hit -- 24 gates, area 140.20, delay 4.00
[pass.abc] region 'DualIssueRegisterFile__c213': cache hit -- 24 gates, area 140.20, delay 4.00
[pass.abc] region 'DualIssueRegisterFile__c214': cache hit -- 24 gates, area 140.20, delay 4.00
[pass.abc] region 'DualIssueRegisterFile__c215': cache hit -- 24 gates, area 140.20, delay 4.00
[pass.abc] region 'DualIssueRegisterFile__c216': cache hit -- 24 gates, area 140.20, delay 4.00
[pass.abc] region 'DualIssueRegisterFile__c217': cache hit -- 24 gates, area 140.20, delay 4.00
[pass.abc] region 'DualIssueRegisterFile__c218': cache hit -- 24 gates, area 140.20, delay 4.00
[pass.abc] region 'DualIssueRegisterFile__c219': cache hit -- 24 gates, area 140.20, delay 4.00
[pass.abc] region 'DualIssueRegisterFile__c220': cache hit -- 24 gates, area 140.20, delay 4.00
[pass.abc] region 'DualIssueRegisterFile__c221': cache hit -- 24 gates, area 140.20, delay 4.00
[pass.abc] region 'DualIssueRegisterFile__c222': cache hit -- 24 gates, area 140.20, delay 4.00
[pass.abc] region 'DualIssueRegisterFile__c223': cache hit -- 24 gates, area 140.20, delay 4.00
[pass.abc] region 'DualIssueRegisterFile__c224': cache hit -- 24 gates, area 140.20, delay 4.00
[pass.abc] region 'DualIssueRegisterFile__c225': cache hit -- 24 gates, area 140.20, delay 4.00
[pass.abc] region 'DualIssueRegisterFile__c226': cache hit -- 24 gates, area 140.20, delay 4.00
[pass.abc] region 'DualIssueRegisterFile__c227': cache hit -- 24 gates, area 140.20, delay 4.00
[pass.abc] region 'DualIssueRegisterFile__c228': cache hit -- 24 gates, area 140.20, delay 4.00
[pass.abc] region 'DualIssueRegisterFile__c229': cache hit -- 24 gates, area 140.20, delay 4.00
[pass.abc] region 'DualIssueRegisterFile__c230': cache hit -- 24 gates, area 140.20, delay 4.00
[pass.abc] region 'DualIssueRegisterFile__c231': cache hit -- 24 gates, area 140.20, delay 4.00
[pass.abc] region 'DualIssueRegisterFile__c232': cache hit -- 24 gates, area 140.20, delay 4.00
[pass.abc] region 'DualIssueRegisterFile__c233': cache hit -- 24 gates, area 140.20, delay 4.00
[pass.abc] region 'DualIssueRegisterFile__c234': 3 gates, area 13.77, delay 2.00  critical output 'eq_2012_1' @ ../hagent/dino/build/build_dualissue_d/DualIssueRegisterFile.sv:360
[pass.abc] region 'DualIssueRegisterFile__c235': 66 gates, area 12.52, delay 1.00  critical output 'and_2024_1' @ ../hagent/dino/build/build_dualissue_d/DualIssueRegisterFile.sv:360
[pass.abc] region 'DualIssueRegisterFile__c236': cache hit -- 24 gates, area 140.20, delay 4.00
[pass.abc] region 'DualIssueRegisterFile__c237': cache hit -- 3 gates, area 12.51, delay 2.00
[pass.abc] region 'DualIssueRegisterFile__c238': 66 gates, area 6.26, delay 1.00  critical output 'mux_2040_1' @ ../hagent/dino/build/build_dualissue_d/DualIssueRegisterFile.sv:427
[pass.abc] region 'DualIssueRegisterFile__c239': cache hit -- 66 gates, area 12.52, delay 1.00
[pass.abc] region 'DualIssueRegisterFile__c240': cache hit -- 24 gates, area 140.20, delay 4.00
[pass.abc] region 'DualIssueRegisterFile__c241': cache hit -- 66 gates, area 12.52, delay 1.00
[pass.abc] region 'DualIssueRegisterFile__c242': cache hit -- 24 gates, area 140.20, delay 4.00
[pass.abc] region 'DualIssueRegisterFile__c243': cache hit -- 3 gates, area 15.01, delay 2.00
[pass.abc] region 'DualIssueRegisterFile__c244': cache hit -- 66 gates, area 6.26, delay 1.00
[pass.abc] region 'DualIssueRegisterFile__c245': cache hit -- 66 gates, area 12.52, delay 1.00
[pass.abc] region 'DualIssueRegisterFile__c246': cache hit -- 24 gates, area 140.20, delay 4.00
[pass.abc] region 'DualIssueRegisterFile__c247': cache hit -- 66 gates, area 12.52, delay 1.00
[pass.abc] region 'DualIssueRegisterFile__c248': cache hit -- 24 gates, area 140.20, delay 4.00
[pass.abc] region 'DualIssueRegisterFile__c249': cache hit -- 3 gates, area 15.01, delay 2.00
[pass.abc] region 'DualIssueRegisterFile__c250': cache hit -- 66 gates, area 6.26, delay 1.00
[pass.abc] region 'DualIssueRegisterFile__c251': cache hit -- 66 gates, area 12.52, delay 1.00
[pass.abc] region 'DualIssueRegisterFile__c252': cache hit -- 24 gates, area 140.20, delay 4.00
[pass.abc] region 'DualIssueRegisterFile__c253': cache hit -- 66 gates, area 12.52, delay 1.00
[pass.abc] region 'DualIssueRegisterFile__c254': cache hit -- 24 gates, area 140.20, delay 4.00
[pass.abc] region 'DualIssueRegisterFile__c255': cache hit -- 3 gates, area 12.52, delay 2.00
[pass.abc] region 'DualIssueRegisterFile__c256': cache hit -- 66 gates, area 6.26, delay 1.00
[pass.abc] region 'DualIssueRegisterFile__c257': cache hit -- 66 gates, area 12.52, delay 1.00
[pass.abc] region 'DualIssueRegisterFile__c258': cache hit -- 24 gates, area 140.20, delay 4.00
[pass.abc] region 'DualIssueRegisterFile__c259': cache hit -- 66 gates, area 12.52, delay 1.00
[pass.abc] region 'DualIssueRegisterFile__c260': cache hit -- 24 gates, area 140.20, delay 4.00
[pass.abc] region 'DualIssueRegisterFile__c261': cache hit -- 3 gates, area 15.01, delay 2.00
[pass.abc] region 'DualIssueRegisterFile__c262': cache hit -- 66 gates, area 6.26, delay 1.00
[pass.abc] region 'DualIssueRegisterFile__c263': cache hit -- 66 gates, area 12.52, delay 1.00
[pass.abc] region 'DualIssueRegisterFile__c264': cache hit -- 24 gates, area 140.20, delay 4.00
[pass.abc] region 'DualIssueRegisterFile__c265': cache hit -- 66 gates, area 12.52, delay 1.00
[pass.abc] region 'DualIssueRegisterFile__c266': cache hit -- 24 gates, area 140.20, delay 4.00
[pass.abc] region 'DualIssueRegisterFile__c267': cache hit -- 3 gates, area 13.77, delay 2.00
[pass.abc] region 'DualIssueRegisterFile__c268': cache hit -- 66 gates, area 6.26, delay 1.00
[pass.abc] region 'DualIssueRegisterFile__c269': cache hit -- 66 gates, area 12.52, delay 1.00
[pass.abc] region 'DualIssueRegisterFile__c270': cache hit -- 24 gates, area 140.20, delay 4.00
[pass.abc] region 'DualIssueRegisterFile__c271': cache hit -- 66 gates, area 12.52, delay 1.00
[pass.abc] region 'DualIssueRegisterFile__c272': cache hit -- 24 gates, area 140.20, delay 4.00
[pass.abc] region 'DualIssueRegisterFile__c273': cache hit -- 3 gates, area 13.77, delay 2.00
[pass.abc] region 'DualIssueRegisterFile__c274': cache hit -- 66 gates, area 6.26, delay 1.00
[pass.abc] region 'DualIssueRegisterFile__c275': cache hit -- 66 gates, area 12.52, delay 1.00
[pass.abc] region 'DualIssueRegisterFile__c276': cache hit -- 24 gates, area 140.20, delay 4.00
[pass.abc] region 'DualIssueRegisterFile__c277': cache hit -- 66 gates, area 12.52, delay 1.00
[pass.abc] region 'DualIssueRegisterFile__c278': cache hit -- 24 gates, area 140.20, delay 4.00
[pass.abc] region 'DualIssueRegisterFile__c279': cache hit -- 3 gates, area 11.26, delay 2.00
[pass.abc] region 'DualIssueRegisterFile__c280': cache hit -- 66 gates, area 6.26, delay 1.00
[pass.abc] region 'DualIssueRegisterFile__c281': cache hit -- 66 gates, area 12.52, delay 1.00
[pass.abc] region 'DualIssueRegisterFile__c282': cache hit -- 24 gates, area 140.20, delay 4.00
[pass.abc] region 'DualIssueRegisterFile__c283': cache hit -- 66 gates, area 12.52, delay 1.00
[pass.abc] region 'DualIssueRegisterFile__c284': cache hit -- 24 gates, area 140.20, delay 4.00
[pass.abc] region 'DualIssueRegisterFile__c285': cache hit -- 3 gates, area 15.01, delay 2.00
[pass.abc] region 'DualIssueRegisterFile__c286': cache hit -- 66 gates, area 6.26, delay 1.00
[pass.abc] region 'DualIssueRegisterFile__c287': cache hit -- 66 gates, area 12.52, delay 1.00
[pass.abc] region 'DualIssueRegisterFile__c288': cache hit -- 24 gates, area 140.20, delay 4.00
[pass.abc] region 'DualIssueRegisterFile__c289': cache hit -- 66 gates, area 12.52, delay 1.00
[pass.abc] region 'DualIssueRegisterFile__c290': cache hit -- 24 gates, area 140.20, delay 4.00
[pass.abc] region 'DualIssueRegisterFile__c291': cache hit -- 3 gates, area 16.26, delay 2.00
[pass.abc] region 'DualIssueRegisterFile__c292': cache hit -- 66 gates, area 6.26, delay 1.00
[pass.abc] region 'DualIssueRegisterFile__c293': cache hit -- 66 gates, area 12.52, delay 1.00
[pass.abc] region 'DualIssueRegisterFile__c294': cache hit -- 24 gates, area 140.20, delay 4.00
[pass.abc] region 'DualIssueRegisterFile__c295': cache hit -- 66 gates, area 12.52, delay 1.00
[pass.abc] region 'DualIssueRegisterFile__c296': cache hit -- 24 gates, area 140.20, delay 4.00
[pass.abc] region 'DualIssueRegisterFile__c297': cache hit -- 3 gates, area 16.26, delay 2.00
[pass.abc] region 'DualIssueRegisterFile__c298': cache hit -- 66 gates, area 6.26, delay 1.00
[pass.abc] region 'DualIssueRegisterFile__c299': cache hit -- 66 gates, area 12.52, delay 1.00
[pass.abc] region 'DualIssueRegisterFile__c300': cache hit -- 24 gates, area 140.20, delay 4.00
[pass.abc] region 'DualIssueRegisterFile__c301': cache hit -- 66 gates, area 12.52, delay 1.00
[pass.abc] region 'DualIssueRegisterFile__c302': cache hit -- 24 gates, area 140.20, delay 4.00
[pass.abc] region 'DualIssueRegisterFile__c303': cache hit -- 3 gates, area 13.76, delay 2.00
[pass.abc] region 'DualIssueRegisterFile__c304': cache hit -- 66 gates, area 6.26, delay 1.00
[pass.abc] region 'DualIssueRegisterFile__c305': cache hit -- 66 gates, area 12.52, delay 1.00
[pass.abc] region 'DualIssueRegisterFile__c306': cache hit -- 24 gates, area 140.20, delay 4.00
[pass.abc] region 'DualIssueRegisterFile__c307': cache hit -- 66 gates, area 12.52, delay 1.00
[pass.abc] region 'DualIssueRegisterFile__c308': cache hit -- 24 gates, area 140.20, delay 4.00
[pass.abc] region 'DualIssueRegisterFile__c309': cache hit -- 3 gates, area 16.26, delay 2.00
[pass.abc] region 'DualIssueRegisterFile__c310': cache hit -- 66 gates, area 6.26, delay 1.00
[pass.abc] region 'DualIssueRegisterFile__c311': cache hit -- 66 gates, area 12.52, delay 1.00
[pass.abc] region 'DualIssueRegisterFile__c312': cache hit -- 24 gates, area 140.20, delay 4.00
[pass.abc] region 'DualIssueRegisterFile__c313': cache hit -- 66 gates, area 12.52, delay 1.00
[pass.abc] region 'DualIssueRegisterFile__c314': cache hit -- 24 gates, area 140.20, delay 4.00
[pass.abc] region 'DualIssueRegisterFile__c315': cache hit -- 3 gates, area 13.76, delay 2.00
[pass.abc] region 'DualIssueRegisterFile__c316': cache hit -- 66 gates, area 6.26, delay 1.00
[pass.abc] region 'DualIssueRegisterFile__c317': cache hit -- 66 gates, area 12.52, delay 1.00
[pass.abc] region 'DualIssueRegisterFile__c318': cache hit -- 24 gates, area 140.20, delay 4.00
[pass.abc] region 'DualIssueRegisterFile__c319': cache hit -- 66 gates, area 12.52, delay 1.00
[pass.abc] region 'DualIssueRegisterFile__c320': cache hit -- 24 gates, area 140.20, delay 4.00
[pass.abc] region 'DualIssueRegisterFile__c321': cache hit -- 3 gates, area 13.76, delay 2.00
[pass.abc] region 'DualIssueRegisterFile__c322': cache hit -- 66 gates, area 6.26, delay 1.00
[pass.abc] region 'DualIssueRegisterFile__c323': cache hit -- 66 gates, area 12.52, delay 1.00
[pass.abc] region 'DualIssueRegisterFile__c324': cache hit -- 24 gates, area 140.20, delay 4.00
[pass.abc] region 'DualIssueRegisterFile__c325': cache hit -- 66 gates, area 12.52, delay 1.00
[pass.abc] region 'DualIssueRegisterFile__c326': cache hit -- 24 gates, area 140.20, delay 4.00
[pass.abc] region 'DualIssueRegisterFile__c327': cache hit -- 3 gates, area 11.26, delay 2.00
[pass.abc] region 'DualIssueRegisterFile__c328': cache hit -- 66 gates, area 6.26, delay 1.00
[pass.abc] region 'DualIssueRegisterFile__c329': cache hit -- 66 gates, area 12.52, delay 1.00
[pass.abc] region 'DualIssueRegisterFile__c330': cache hit -- 24 gates, area 140.20, delay 4.00
[pass.abc] region 'DualIssueRegisterFile__c331': cache hit -- 66 gates, area 12.52, delay 1.00
[pass.abc] region 'DualIssueRegisterFile__c332': cache hit -- 24 gates, area 140.20, delay 4.00
[pass.abc] region 'DualIssueRegisterFile__c333': cache hit -- 3 gates, area 15.01, delay 2.00
[pass.abc] region 'DualIssueRegisterFile__c334': cache hit -- 66 gates, area 6.26, delay 1.00
[pass.abc] region 'DualIssueRegisterFile__c335': cache hit -- 66 gates, area 12.52, delay 1.00
[pass.abc] region 'DualIssueRegisterFile__c336': cache hit -- 24 gates, area 140.20, delay 4.00
[pass.abc] region 'DualIssueRegisterFile__c337': cache hit -- 66 gates, area 12.52, delay 1.00
[pass.abc] region 'DualIssueRegisterFile__c338': cache hit -- 24 gates, area 140.20, delay 4.00
[pass.abc] region 'DualIssueRegisterFile__c339': cache hit -- 3 gates, area 16.26, delay 2.00
[pass.abc] region 'DualIssueRegisterFile__c340': cache hit -- 66 gates, area 6.26, delay 1.00
[pass.abc] region 'DualIssueRegisterFile__c341': cache hit -- 66 gates, area 12.52, delay 1.00
[pass.abc] region 'DualIssueRegisterFile__c342': cache hit -- 24 gates, area 140.20, delay 4.00
[pass.abc] region 'DualIssueRegisterFile__c343': cache hit -- 66 gates, area 12.52, delay 1.00
[pass.abc] region 'DualIssueRegisterFile__c344': cache hit -- 24 gates, area 140.20, delay 4.00
[pass.abc] region 'DualIssueRegisterFile__c345': cache hit -- 3 gates, area 16.26, delay 2.00
[pass.abc] region 'DualIssueRegisterFile__c346': cache hit -- 66 gates, area 6.26, delay 1.00
[pass.abc] region 'DualIssueRegisterFile__c347': cache hit -- 66 gates, area 12.52, delay 1.00
[pass.abc] region 'DualIssueRegisterFile__c348': cache hit -- 24 gates, area 140.20, delay 4.00
[pass.abc] region 'DualIssueRegisterFile__c349': cache hit -- 66 gates, area 12.52, delay 1.00
[pass.abc] region 'DualIssueRegisterFile__c350': cache hit -- 24 gates, area 140.20, delay 4.00
[pass.abc] region 'DualIssueRegisterFile__c351': cache hit -- 3 gates, area 13.76, delay 2.00
[pass.abc] region 'DualIssueRegisterFile__c352': cache hit -- 66 gates, area 6.26, delay 1.00
[pass.abc] region 'DualIssueRegisterFile__c353': cache hit -- 66 gates, area 12.52, delay 1.00
[pass.abc] region 'DualIssueRegisterFile__c354': cache hit -- 24 gates, area 140.20, delay 4.00
[pass.abc] region 'DualIssueRegisterFile__c355': cache hit -- 66 gates, area 12.52, delay 1.00
[pass.abc] region 'DualIssueRegisterFile__c356': cache hit -- 24 gates, area 140.20, delay 4.00
[pass.abc] region 'DualIssueRegisterFile__c357': cache hit -- 3 gates, area 16.26, delay 2.00
[pass.abc] region 'DualIssueRegisterFile__c358': cache hit -- 66 gates, area 6.26, delay 1.00
[pass.abc] region 'DualIssueRegisterFile__c359': cache hit -- 66 gates, area 12.52, delay 1.00
[pass.abc] region 'DualIssueRegisterFile__c360': cache hit -- 24 gates, area 140.20, delay 4.00
[pass.abc] region 'DualIssueRegisterFile__c361': cache hit -- 66 gates, area 12.52, delay 1.00
[pass.abc] region 'DualIssueRegisterFile__c362': cache hit -- 24 gates, area 140.20, delay 4.00
[pass.abc] region 'DualIssueRegisterFile__c363': cache hit -- 3 gates, area 13.76, delay 2.00
[pass.abc] region 'DualIssueRegisterFile__c364': cache hit -- 66 gates, area 6.26, delay 1.00
[pass.abc] region 'DualIssueRegisterFile__c365': cache hit -- 66 gates, area 12.52, delay 1.00
[pass.abc] region 'DualIssueRegisterFile__c366': cache hit -- 24 gates, area 140.20, delay 4.00
[pass.abc] region 'DualIssueRegisterFile__c367': cache hit -- 66 gates, area 12.52, delay 1.00
[pass.abc] region 'DualIssueRegisterFile__c368': cache hit -- 24 gates, area 140.20, delay 4.00
[pass.abc] region 'DualIssueRegisterFile__c369': cache hit -- 3 gates, area 13.76, delay 2.00
[pass.abc] region 'DualIssueRegisterFile__c370': cache hit -- 66 gates, area 6.26, delay 1.00
[pass.abc] region 'DualIssueRegisterFile__c371': cache hit -- 66 gates, area 12.52, delay 1.00
[pass.abc] region 'DualIssueRegisterFile__c372': cache hit -- 24 gates, area 140.20, delay 4.00
[pass.abc] region 'DualIssueRegisterFile__c373': cache hit -- 66 gates, area 12.52, delay 1.00
[pass.abc] region 'DualIssueRegisterFile__c374': cache hit -- 24 gates, area 140.20, delay 4.00
[pass.abc] region 'DualIssueRegisterFile__c375': cache hit -- 3 gates, area 11.26, delay 2.00
[pass.abc] region 'DualIssueRegisterFile__c376': cache hit -- 66 gates, area 6.26, delay 1.00
[pass.abc] region 'DualIssueRegisterFile__c377': cache hit -- 66 gates, area 12.52, delay 1.00
[pass.abc] region 'DualIssueRegisterFile__c378': cache hit -- 24 gates, area 140.20, delay 4.00
[pass.abc] region 'DualIssueRegisterFile__c379': cache hit -- 66 gates, area 12.52, delay 1.00
[pass.abc] region 'DualIssueRegisterFile__c380': cache hit -- 24 gates, area 140.20, delay 4.00
[pass.abc] region 'DualIssueRegisterFile__c381': cache hit -- 3 gates, area 15.01, delay 2.00
[pass.abc] region 'DualIssueRegisterFile__c382': cache hit -- 66 gates, area 6.26, delay 1.00
[pass.abc] region 'DualIssueRegisterFile__c383': cache hit -- 66 gates, area 12.52, delay 1.00
[pass.abc] region 'DualIssueRegisterFile__c384': cache hit -- 24 gates, area 140.20, delay 4.00
[pass.abc] region 'DualIssueRegisterFile__c385': cache hit -- 66 gates, area 12.52, delay 1.00
[pass.abc] region 'DualIssueRegisterFile__c386': cache hit -- 24 gates, area 140.20, delay 4.00
[pass.abc] region 'DualIssueRegisterFile__c387': cache hit -- 3 gates, area 13.76, delay 2.00
[pass.abc] region 'DualIssueRegisterFile__c388': cache hit -- 66 gates, area 6.26, delay 1.00
[pass.abc] region 'DualIssueRegisterFile__c389': cache hit -- 66 gates, area 12.52, delay 1.00
[pass.abc] region 'DualIssueRegisterFile__c390': cache hit -- 24 gates, area 140.20, delay 4.00
[pass.abc] region 'DualIssueRegisterFile__c391': cache hit -- 66 gates, area 12.52, delay 1.00
[pass.abc] region 'DualIssueRegisterFile__c392': cache hit -- 24 gates, area 140.20, delay 4.00
[pass.abc] region 'DualIssueRegisterFile__c393': cache hit -- 3 gates, area 13.76, delay 2.00
[pass.abc] region 'DualIssueRegisterFile__c394': cache hit -- 66 gates, area 6.26, delay 1.00
[pass.abc] region 'DualIssueRegisterFile__c395': cache hit -- 66 gates, area 12.52, delay 1.00
[pass.abc] region 'DualIssueRegisterFile__c396': cache hit -- 24 gates, area 140.20, delay 4.00
[pass.abc] region 'DualIssueRegisterFile__c397': cache hit -- 66 gates, area 12.52, delay 1.00
[pass.abc] region 'DualIssueRegisterFile__c398': cache hit -- 24 gates, area 140.20, delay 4.00
[pass.abc] region 'DualIssueRegisterFile__c399': cache hit -- 3 gates, area 11.26, delay 2.00
[pass.abc] region 'DualIssueRegisterFile__c400': cache hit -- 66 gates, area 6.26, delay 1.00
[pass.abc] region 'DualIssueRegisterFile__c401': cache hit -- 66 gates, area 12.52, delay 1.00
[pass.abc] region 'DualIssueRegisterFile__c402': cache hit -- 24 gates, area 140.20, delay 4.00
[pass.abc] region 'DualIssueRegisterFile__c403': cache hit -- 66 gates, area 12.52, delay 1.00
[pass.abc] region 'DualIssueRegisterFile__c404': cache hit -- 24 gates, area 140.20, delay 4.00
[pass.abc] region 'DualIssueRegisterFile__c405': cache hit -- 3 gates, area 13.76, delay 2.00
[pass.abc] region 'DualIssueRegisterFile__c406': cache hit -- 66 gates, area 6.26, delay 1.00
[pass.abc] region 'DualIssueRegisterFile__c407': cache hit -- 66 gates, area 12.52, delay 1.00
[pass.abc] region 'DualIssueRegisterFile__c408': cache hit -- 24 gates, area 140.20, delay 4.00
[pass.abc] region 'DualIssueRegisterFile__c409': cache hit -- 66 gates, area 12.52, delay 1.00
[pass.abc] region 'DualIssueRegisterFile__c410': cache hit -- 24 gates, area 140.20, delay 4.00
[pass.abc] region 'DualIssueRegisterFile__c411': cache hit -- 3 gates, area 16.27, delay 2.00
[pass.abc] region 'DualIssueRegisterFile__c412': cache hit -- 66 gates, area 6.26, delay 1.00
[pass.abc] region 'DualIssueRegisterFile__c413': cache hit -- 66 gates, area 12.52, delay 1.00
[pass.abc] region 'DualIssueRegisterFile__c414': cache hit -- 24 gates, area 140.20, delay 4.00
[pass.abc] region 'DualIssueRegisterFile__c415': cache hit -- 66 gates, area 12.52, delay 1.00
[pass.abc] region 'DualIssueRegisterFile__c416': cache hit -- 24 gates, area 140.20, delay 4.00
[pass.abc] region 'DualIssueRegisterFile__c417': cache hit -- 3 gates, area 16.27, delay 2.00
[pass.abc] region 'DualIssueRegisterFile__c418': cache hit -- 66 gates, area 6.26, delay 1.00
[pass.abc] region 'DualIssueRegisterFile__c419': cache hit -- 66 gates, area 12.52, delay 1.00
[pass.abc] region 'DualIssueRegisterFile__c420': cache hit -- 24 gates, area 140.20, delay 4.00
[pass.abc] region 'DualIssueRegisterFile__c421': cache hit -- 3 gates, area 13.77, delay 2.00
[pass.abc] region 'DualIssueRegisterFile__c422': cache hit -- 66 gates, area 6.26, delay 1.00
[pass.abc] region 'DualIssueRegisterFile__c423': cache hit -- 66 gates, area 12.52, delay 1.00
[pass.abc] region 'DualIssueRegisterFile__c424': cache hit -- 24 gates, area 140.20, delay 4.00
[pass.abc] region 'DualIssueRegisterFile__c425': cache hit -- 3 gates, area 13.77, delay 2.00
[pass.abc] region 'DualIssueRegisterFile__c426': cache hit -- 66 gates, area 6.26, delay 1.00
[pass.abc] region 'DualIssueRegisterFile__c427': cache hit -- 66 gates, area 12.52, delay 1.00
[pass.abc] region 'DualIssueRegisterFile__c428': cache hit -- 24 gates, area 140.20, delay 4.00
Warning: The current network has no primary outputs. Some commands may not work correctly.
Warning: The current GIA has no primary outputs. Some commands may not work correctly.
Warning: The current GIA has no primary outputs. Some commands may not work correctly.
Warning: The current network has no primary outputs. Some commands may not work correctly.
Warning: The current GIA has no primary outputs. Some commands may not work correctly.
Warning: The current GIA has no primary outputs. Some commands may not work correctly.
Warning: The current GIA has no primary outputs. Some commands may not work correctly.
Warning: The current GIA has no primary outputs. Some commands may not work correctly.
Warning: The current network has no primary outputs. Some commands may not work correctly.
[pass.abc] region 'DualIssueRegisterFile__c429': 0 gates, area 0.00, delay -1000000000.00
[pass.abc] region 'DualIssueRegisterFile__c430': cache hit -- 0 gates, area 0.00, delay -1000000000.00
[pass.abc] region 'DualIssueRegisterFile__c431': cache hit -- 0 gates, area 0.00, delay -1000000000.00
[pass.abc] region 'DualIssueRegisterFile__c432': cache hit -- 0 gates, area 0.00, delay -1000000000.00
[pass.abc] region 'DualIssueRegisterFile__c433': cache hit -- 0 gates, area 0.00, delay -1000000000.00
[pass.abc] region 'DualIssueRegisterFile__c434': cache hit -- 0 gates, area 0.00, delay -1000000000.00
[pass.abc] region 'DualIssueRegisterFile__c435': cache hit -- 0 gates, area 0.00, delay -1000000000.00
[pass.abc] region 'DualIssueRegisterFile__c436': cache hit -- 0 gates, area 0.00, delay -1000000000.00
[pass.abc] region 'DualIssueRegisterFile__c437': cache hit -- 0 gates, area 0.00, delay -1000000000.00
[pass.abc] region 'DualIssueRegisterFile__c438': cache hit -- 0 gates, area 0.00, delay -1000000000.00
[pass.abc] region 'DualIssueRegisterFile__c439': cache hit -- 0 gates, area 0.00, delay -1000000000.00
[pass.abc] region 'DualIssueRegisterFile__c440': cache hit -- 0 gates, area 0.00, delay -1000000000.00
[pass.abc] region 'DualIssueRegisterFile__c441': cache hit -- 0 gates, area 0.00, delay -1000000000.00
[pass.abc] region 'DualIssueRegisterFile__c442': cache hit -- 0 gates, area 0.00, delay -1000000000.00
[pass.abc] region 'DualIssueRegisterFile__c443': cache hit -- 0 gates, area 0.00, delay -1000000000.00
[pass.abc] region 'DualIssueRegisterFile__c444': cache hit -- 0 gates, area 0.00, delay -1000000000.00
[pass.abc] region 'DualIssueRegisterFile__c445': cache hit -- 0 gates, area 0.00, delay -1000000000.00
[pass.abc] region 'DualIssueRegisterFile__c446': cache hit -- 0 gates, area 0.00, delay -1000000000.00
[pass.abc] region 'DualIssueRegisterFile__c447': cache hit -- 0 gates, area 0.00, delay -1000000000.00
[pass.abc] region 'DualIssueRegisterFile__c448': cache hit -- 0 gates, area 0.00, delay -1000000000.00
[pass.abc] region 'DualIssueRegisterFile__c449': cache hit -- 0 gates, area 0.00, delay -1000000000.00
[pass.abc] region 'DualIssueRegisterFile__c450': cache hit -- 0 gates, area 0.00, delay -1000000000.00
[pass.abc] region 'DualIssueRegisterFile__c451': cache hit -- 0 gates, area 0.00, delay -1000000000.00
[pass.abc] region 'DualIssueRegisterFile__c452': cache hit -- 0 gates, area 0.00, delay -1000000000.00
[pass.abc] region 'DualIssueRegisterFile__c453': cache hit -- 0 gates, area 0.00, delay -1000000000.00
[pass.abc] region 'DualIssueRegisterFile__c454': cache hit -- 0 gates, area 0.00, delay -1000000000.00
[pass.abc] region 'DualIssueRegisterFile__c455': cache hit -- 0 gates, area 0.00, delay -1000000000.00
[pass.abc] region 'DualIssueRegisterFile__c456': cache hit -- 0 gates, area 0.00, delay -1000000000.00
[pass.abc] region 'DualIssueRegisterFile__c457': cache hit -- 0 gates, area 0.00, delay -1000000000.00
[pass.abc] region 'DualIssueRegisterFile__c458': cache hit -- 0 gates, area 0.00, delay -1000000000.00
[pass.abc] region 'DualIssueRegisterFile__c459': cache hit -- 0 gates, area 0.00, delay -1000000000.00
[pass.abc] region 'DualIssueRegisterFile__c460': cache hit -- 0 gates, area 0.00, delay -1000000000.00
Warning: The current network has no primary outputs. Some commands may not work correctly.
Warning: The current GIA has no primary outputs. Some commands may not work correctly.
Warning: The current GIA has no primary outputs. Some commands may not work correctly.
Warning: The current network has no primary outputs. Some commands may not work correctly.
Warning: The current GIA has no primary outputs. Some commands may not work correctly.
Warning: The current GIA has no primary outputs. Some commands may not work correctly.
Warning: The current GIA has no primary outputs. Some commands may not work correctly.
Warning: The current GIA has no primary outputs. Some commands may not work correctly.
Warning: The current network has no primary outputs. Some commands may not work correctly.
[pass.abc] region 'DualIssueRegisterFile__c461': 0 gates, area 0.00, delay -1000000000.00
Warning: The current network has no primary outputs. Some commands may not work correctly.
Warning: The current GIA has no primary outputs. Some commands may not work correctly.
Warning: The current GIA has no primary outputs. Some commands may not work correctly.
Warning: The current network has no primary outputs. Some commands may not work correctly.
Warning: The current GIA has no primary outputs. Some commands may not work correctly.
Warning: The current GIA has no primary outputs. Some commands may not work correctly.
Warning: The current GIA has no primary outputs. Some commands may not work correctly.
Warning: The current GIA has no primary outputs. Some commands may not work correctly.
Warning: The current network has no primary outputs. Some commands may not work correctly.
[pass.abc] region 'DualIssueRegisterFile__c462': 0 gates, area 0.00, delay -1000000000.00
Warning: The current network has no primary outputs. Some commands may not work correctly.
Warning: The current GIA has no primary outputs. Some commands may not work correctly.
Warning: The current GIA has no primary outputs. Some commands may not work correctly.
Warning: The current network has no primary outputs. Some commands may not work correctly.
Warning: The current GIA has no primary outputs. Some commands may not work correctly.
Warning: The current GIA has no primary outputs. Some commands may not work correctly.
Warning: The current GIA has no primary outputs. Some commands may not work correctly.
Warning: The current GIA has no primary outputs. Some commands may not work correctly.
Warning: The current network has no primary outputs. Some commands may not work correctly.
[pass.abc] region 'DualIssueRegisterFile__c463': 0 gates, area 0.00, delay -1000000000.00
Warning: The current network has no primary outputs. Some commands may not work correctly.
Warning: The current GIA has no primary outputs. Some commands may not work correctly.
Warning: The current GIA has no primary outputs. Some commands may not work correctly.
Warning: The current network has no primary outputs. Some commands may not work correctly.
Warning: The current GIA has no primary outputs. Some commands may not work correctly.
Warning: The current GIA has no primary outputs. Some commands may not work correctly.
Warning: The current GIA has no primary outputs. Some commands may not work correctly.
Warning: The current GIA has no primary outputs. Some commands may not work correctly.
Warning: The current network has no primary outputs. Some commands may not work correctly.
[pass.abc] region 'DualIssueRegisterFile__c464': 0 gates, area 0.00, delay -1000000000.00
[pass.abc] region 'DualIssueRegisterFile__c465': cache hit -- 0 gates, area 0.00, delay -1000000000.00
[pass.abc] region 'DualIssueRegisterFile__c466': cache hit -- 0 gates, area 0.00, delay -1000000000.00
[pass.abc] region 'DualIssueRegisterFile__c467': cache hit -- 0 gates, area 0.00, delay -1000000000.00
[pass.abc] region 'DualIssueRegisterFile__c468': cache hit -- 0 gates, area 0.00, delay -1000000000.00
[pass.abc] region 'DualIssueRegisterFile__c469': cache hit -- 0 gates, area 0.00, delay -1000000000.00
[pass.abc] region 'DualIssueRegisterFile__c470': cache hit -- 0 gates, area 0.00, delay -1000000000.00
[pass.abc] region 'DualIssueRegisterFile__c471': cache hit -- 0 gates, area 0.00, delay -1000000000.00
[pass.abc] region 'DualIssueRegisterFile__c472': cache hit -- 0 gates, area 0.00, delay -1000000000.00
[pass.abc] region 'DualIssueRegisterFile__c473': cache hit -- 0 gates, area 0.00, delay -1000000000.00
[pass.abc] region 'DualIssueRegisterFile__c474': cache hit -- 0 gates, area 0.00, delay -1000000000.00
[pass.abc] region 'DualIssueRegisterFile__c475': cache hit -- 0 gates, area 0.00, delay -1000000000.00
[pass.abc] region 'DualIssueRegisterFile__c476': cache hit -- 0 gates, area 0.00, delay -1000000000.00
[pass.abc] region 'DualIssueRegisterFile__c477': cache hit -- 0 gates, area 0.00, delay -1000000000.00
[pass.abc] region 'DualIssueRegisterFile__c478': cache hit -- 0 gates, area 0.00, delay -1000000000.00
[pass.abc] region 'DualIssueRegisterFile__c479': cache hit -- 0 gates, area 0.00, delay -1000000000.00
[pass.abc] region 'DualIssueRegisterFile__c480': cache hit -- 0 gates, area 0.00, delay -1000000000.00
[pass.abc] region 'DualIssueRegisterFile__c481': cache hit -- 0 gates, area 0.00, delay -1000000000.00
[pass.abc] region 'DualIssueRegisterFile__c482': cache hit -- 0 gates, area 0.00, delay -1000000000.00
[pass.abc] region 'DualIssueRegisterFile__c483': cache hit -- 0 gates, area 0.00, delay -1000000000.00
[pass.abc] region 'DualIssueRegisterFile__c484': cache hit -- 0 gates, area 0.00, delay -1000000000.00
[pass.abc] region 'DualIssueRegisterFile__c485': cache hit -- 0 gates, area 0.00, delay -1000000000.00
[pass.abc] region 'DualIssueRegisterFile__c486': cache hit -- 0 gates, area 0.00, delay -1000000000.00
[pass.abc] region 'DualIssueRegisterFile__c487': cache hit -- 0 gates, area 0.00, delay -1000000000.00
[pass.abc] region 'DualIssueRegisterFile__c488': cache hit -- 0 gates, area 0.00, delay -1000000000.00
[pass.abc] region 'DualIssueRegisterFile__c489': cache hit -- 0 gates, area 0.00, delay -1000000000.00
[pass.abc] region 'DualIssueRegisterFile__c490': cache hit -- 0 gates, area 0.00, delay -1000000000.00
[pass.abc] region 'DualIssueRegisterFile__c491': cache hit -- 0 gates, area 0.00, delay -1000000000.00
[pass.abc] region 'DualIssueRegisterFile__c492': cache hit -- 0 gates, area 0.00, delay -1000000000.00
[pass.abc] region 'DualIssueRegisterFile__c493': cache hit -- 0 gates, area 0.00, delay -1000000000.00
[pass.abc] region 'DualIssueRegisterFile__c494': cache hit -- 0 gates, area 0.00, delay -1000000000.00
[pass.abc] region 'DualIssueRegisterFile__c495': cache hit -- 0 gates, area 0.00, delay -1000000000.00
[pass.abc] region 'DualIssueRegisterFile__c496': cache hit -- 0 gates, area 0.00, delay -1000000000.00
[pass.abc] region 'DualIssueRegisterFile__c497': cache hit -- 0 gates, area 0.00, delay -1000000000.00
[pass.abc] region 'DualIssueRegisterFile__c498': cache hit -- 0 gates, area 0.00, delay -1000000000.00
[pass.abc] region 'DualIssueRegisterFile__c499': cache hit -- 0 gates, area 0.00, delay -1000000000.00
[pass.abc] region 'DualIssueRegisterFile__c500': cache hit -- 0 gates, area 0.00, delay -1000000000.00
[pass.abc] region 'DualIssueRegisterFile__c501': cache hit -- 0 gates, area 0.00, delay -1000000000.00
[pass.abc] region 'DualIssueRegisterFile__c502': cache hit -- 0 gates, area 0.00, delay -1000000000.00
[pass.abc] region 'DualIssueRegisterFile__c503': cache hit -- 0 gates, area 0.00, delay -1000000000.00
[pass.abc] region 'DualIssueRegisterFile__c504': cache hit -- 0 gates, area 0.00, delay -1000000000.00
[pass.abc] region 'DualIssueRegisterFile__c505': cache hit -- 0 gates, area 0.00, delay -1000000000.00
[pass.abc] region 'DualIssueRegisterFile__c506': cache hit -- 0 gates, area 0.00, delay -1000000000.00
[pass.abc] region 'DualIssueRegisterFile__c507': cache hit -- 0 gates, area 0.00, delay -1000000000.00
[pass.abc] region 'DualIssueRegisterFile__c508': cache hit -- 0 gates, area 0.00, delay -1000000000.00
[pass.abc] region 'DualIssueRegisterFile__c509': cache hit -- 0 gates, area 0.00, delay -1000000000.00
[pass.abc] region 'DualIssueRegisterFile__c510': cache hit -- 0 gates, area 0.00, delay -1000000000.00
[pass.abc] region 'DualIssueRegisterFile__c511': cache hit -- 0 gates, area 0.00, delay -1000000000.00
[pass.abc] region 'DualIssueRegisterFile__c512': cache hit -- 0 gates, area 0.00, delay -1000000000.00
[pass.abc] region 'DualIssueRegisterFile__c513': cache hit -- 0 gates, area 0.00, delay -1000000000.00
[pass.abc] region 'DualIssueRegisterFile__c514': cache hit -- 0 gates, area 0.00, delay -1000000000.00
[pass.abc] region 'DualIssueRegisterFile__c515': cache hit -- 0 gates, area 0.00, delay -1000000000.00
[pass.abc] region 'DualIssueRegisterFile__c516': cache hit -- 0 gates, area 0.00, delay -1000000000.00
[pass.abc] region 'DualIssueRegisterFile__c517': cache hit -- 0 gates, area 0.00, delay -1000000000.00
[pass.abc] region 'DualIssueRegisterFile__c518': cache hit -- 0 gates, area 0.00, delay -1000000000.00
[pass.abc] region 'DualIssueRegisterFile__c519': cache hit -- 0 gates, area 0.00, delay -1000000000.00
[pass.abc] region 'DualIssueRegisterFile__c520': cache hit -- 0 gates, area 0.00, delay -1000000000.00
[pass.abc] region 'DualIssueRegisterFile__c521': cache hit -- 0 gates, area 0.00, delay -1000000000.00
[pass.abc] region 'DualIssueRegisterFile__c522': cache hit -- 0 gates, area 0.00, delay -1000000000.00
[pass.abc] region 'DualIssueRegisterFile__c523': cache hit -- 0 gates, area 0.00, delay -1000000000.00
[pass.abc] region 'DualIssueRegisterFile__c524': cache hit -- 0 gates, area 0.00, delay -1000000000.00
[pass.abc] region 'DualIssueRegisterFile__c525': cache hit -- 0 gates, area 0.00, delay -1000000000.00
[pass.abc] region 'DualIssueRegisterFile__c526': cache hit -- 0 gates, area 0.00, delay -1000000000.00
[pass.abc] region 'DualIssueRegisterFile__c527': cache hit -- 0 gates, area 0.00, delay -1000000000.00
[pass.abc] region 'DualIssueRegisterFile__c528': cache hit -- 0 gates, area 0.00, delay -1000000000.00
[pass.abc] region 'DualIssueRegisterFile__c529': cache hit -- 0 gates, area 0.00, delay -1000000000.00
[pass.abc] region 'DualIssueRegisterFile__c530': cache hit -- 0 gates, area 0.00, delay -1000000000.00
[pass.abc] region 'DualIssueRegisterFile__c531': cache hit -- 0 gates, area 0.00, delay -1000000000.00
[pass.abc] region 'DualIssueRegisterFile__c532': cache hit -- 0 gates, area 0.00, delay -1000000000.00
[pass.abc] region 'DualIssueRegisterFile__c533': cache hit -- 0 gates, area 0.00, delay -1000000000.00
[pass.abc] region 'DualIssueRegisterFile__c534': cache hit -- 0 gates, area 0.00, delay -1000000000.00
[pass.abc] region 'DualIssueRegisterFile__c535': cache hit -- 0 gates, area 0.00, delay -1000000000.00
[pass.abc] region 'DualIssueRegisterFile__c536': cache hit -- 0 gates, area 0.00, delay -1000000000.00
[pass.abc] region 'DualIssueRegisterFile__c537': cache hit -- 0 gates, area 0.00, delay -1000000000.00
[pass.abc] region 'DualIssueRegisterFile__c538': cache hit -- 0 gates, area 0.00, delay -1000000000.00
[pass.abc] region 'DualIssueRegisterFile__c539': cache hit -- 0 gates, area 0.00, delay -1000000000.00
[pass.abc] region 'DualIssueRegisterFile__c540': cache hit -- 0 gates, area 0.00, delay -1000000000.00
[pass.abc] region 'DualIssueRegisterFile__c541': cache hit -- 0 gates, area 0.00, delay -1000000000.00
[pass.abc] region 'DualIssueRegisterFile__c542': cache hit -- 0 gates, area 0.00, delay -1000000000.00
[pass.abc] region 'DualIssueRegisterFile__c543': cache hit -- 0 gates, area 0.00, delay -1000000000.00
[pass.abc] region 'DualIssueRegisterFile__c544': cache hit -- 0 gates, area 0.00, delay -1000000000.00
[pass.abc] region 'DualIssueRegisterFile__c545': cache hit -- 0 gates, area 0.00, delay -1000000000.00
[pass.abc] region 'DualIssueRegisterFile__c546': cache hit -- 0 gates, area 0.00, delay -1000000000.00
[pass.abc] region 'DualIssueRegisterFile__c547': cache hit -- 0 gates, area 0.00, delay -1000000000.00
[pass.abc] region 'DualIssueRegisterFile__c548': cache hit -- 0 gates, area 0.00, delay -1000000000.00
[pass.abc] region 'DualIssueRegisterFile__c549': cache hit -- 0 gates, area 0.00, delay -1000000000.00
[pass.abc] region 'DualIssueRegisterFile__c550': cache hit -- 0 gates, area 0.00, delay -1000000000.00
[pass.abc] region 'DualIssueRegisterFile__c551': cache hit -- 0 gates, area 0.00, delay -1000000000.00
[pass.abc] region 'DualIssueRegisterFile__c552': cache hit -- 0 gates, area 0.00, delay -1000000000.00
[pass.abc] region 'DualIssueRegisterFile__c553': cache hit -- 0 gates, area 0.00, delay -1000000000.00
[pass.abc] region 'DualIssueRegisterFile__c554': cache hit -- 0 gates, area 0.00, delay -1000000000.00
[pass.abc] region 'DualIssueRegisterFile__c555': cache hit -- 0 gates, area 0.00, delay -1000000000.00
[pass.abc] region 'DualIssueRegisterFile__c556': cache hit -- 0 gates, area 0.00, delay -1000000000.00
[pass.abc] region 'DualIssueRegisterFile__c557': cache hit -- 0 gates, area 0.00, delay -1000000000.00
[pass.abc] region 'DualIssueRegisterFile__c558': cache hit -- 0 gates, area 0.00, delay -1000000000.00
[pass.abc] region 'DualIssueRegisterFile__c559': cache hit -- 0 gates, area 0.00, delay -1000000000.00
[pass.abc] region 'DualIssueRegisterFile__c560': cache hit -- 0 gates, area 0.00, delay -1000000000.00
[pass.abc] region 'DualIssueRegisterFile__c561': cache hit -- 0 gates, area 0.00, delay -1000000000.00
[pass.abc] region 'DualIssueRegisterFile__c562': cache hit -- 0 gates, area 0.00, delay -1000000000.00
[pass.abc] region 'DualIssueRegisterFile__c563': cache hit -- 0 gates, area 0.00, delay -1000000000.00
[pass.abc] region 'DualIssueRegisterFile__c564': cache hit -- 0 gates, area 0.00, delay -1000000000.00
[pass.abc] region 'DualIssueRegisterFile__c565': cache hit -- 0 gates, area 0.00, delay -1000000000.00
[pass.abc] region 'DualIssueRegisterFile__c566': cache hit -- 0 gates, area 0.00, delay -1000000000.00
[pass.abc] region 'DualIssueRegisterFile__c567': cache hit -- 0 gates, area 0.00, delay -1000000000.00
[pass.abc] region 'DualIssueRegisterFile__c568': cache hit -- 0 gates, area 0.00, delay -1000000000.00
[pass.abc] region 'DualIssueRegisterFile__c569': cache hit -- 0 gates, area 0.00, delay -1000000000.00
[pass.abc] region 'DualIssueRegisterFile__c570': cache hit -- 0 gates, area 0.00, delay -1000000000.00
[pass.abc] region 'DualIssueRegisterFile__c571': cache hit -- 0 gates, area 0.00, delay -1000000000.00
[pass.abc] region 'DualIssueRegisterFile__c572': cache hit -- 0 gates, area 0.00, delay -1000000000.00
[pass.abc] region 'DualIssueRegisterFile__c573': cache hit -- 0 gates, area 0.00, delay -1000000000.00
[pass.abc] region 'DualIssueRegisterFile__c574': cache hit -- 0 gates, area 0.00, delay -1000000000.00
[pass.abc] region 'DualIssueRegisterFile__c575': cache hit -- 0 gates, area 0.00, delay -1000000000.00
[pass.abc] region 'DualIssueRegisterFile__c576': cache hit -- 0 gates, area 0.00, delay -1000000000.00
[pass.abc] region 'DualIssueRegisterFile__c577': cache hit -- 0 gates, area 0.00, delay -1000000000.00
[pass.abc] region 'DualIssueRegisterFile__c578': cache hit -- 0 gates, area 0.00, delay -1000000000.00
[pass.abc] region 'DualIssueRegisterFile__c579': cache hit -- 0 gates, area 0.00, delay -1000000000.00
[pass.abc] region 'DualIssueRegisterFile__c580': cache hit -- 0 gates, area 0.00, delay -1000000000.00
[pass.abc] region 'DualIssueRegisterFile__c581': cache hit -- 0 gates, area 0.00, delay -1000000000.00
[pass.abc] region 'DualIssueRegisterFile__c582': cache hit -- 0 gates, area 0.00, delay -1000000000.00
[pass.abc] region 'DualIssueRegisterFile__c583': cache hit -- 0 gates, area 0.00, delay -1000000000.00
[pass.abc] region 'DualIssueRegisterFile__c584': cache hit -- 0 gates, area 0.00, delay -1000000000.00
[pass.abc] region 'DualIssueRegisterFile__c585': cache hit -- 0 gates, area 0.00, delay -1000000000.00
[pass.abc] region 'DualIssueRegisterFile__c586': cache hit -- 0 gates, area 0.00, delay -1000000000.00
[pass.abc] region 'DualIssueRegisterFile__c587': cache hit -- 0 gates, area 0.00, delay -1000000000.00
[pass.abc] region 'DualIssueRegisterFile__c588': cache hit -- 0 gates, area 0.00, delay -1000000000.00
[pass.abc] region 'DualIssueRegisterFile__c589': cache hit -- 0 gates, area 0.00, delay -1000000000.00
[pass.abc] region 'DualIssueRegisterFile__c590': cache hit -- 0 gates, area 0.00, delay -1000000000.00
[pass.abc] region 'DualIssueRegisterFile__c591': cache hit -- 0 gates, area 0.00, delay -1000000000.00
[pass.abc] region 'DualIssueRegisterFile__c592': cache hit -- 0 gates, area 0.00, delay -1000000000.00
[pass.abc] region 'DualIssueRegisterFile__c593': cache hit -- 0 gates, area 0.00, delay -1000000000.00
[pass.abc] region 'DualIssueRegisterFile__c594': cache hit -- 0 gates, area 0.00, delay -1000000000.00
[pass.abc] region 'DualIssueRegisterFile__c595': cache hit -- 0 gates, area 0.00, delay -1000000000.00
[pass.abc] region 'DualIssueRegisterFile__c596': cache hit -- 0 gates, area 0.00, delay -1000000000.00
[pass.abc] region 'DualIssueRegisterFile__c597': cache hit -- 0 gates, area 0.00, delay -1000000000.00
[pass.abc] region 'DualIssueRegisterFile__c598': cache hit -- 0 gates, area 0.00, delay -1000000000.00
[pass.abc] region 'DualIssueRegisterFile__c599': cache hit -- 0 gates, area 0.00, delay -1000000000.00
[pass.abc] region 'DualIssueRegisterFile__c600': cache hit -- 0 gates, area 0.00, delay -1000000000.00
[pass.abc] region 'DualIssueRegisterFile__c601': cache hit -- 0 gates, area 0.00, delay -1000000000.00
[pass.abc] region 'DualIssueRegisterFile__c602': cache hit -- 0 gates, area 0.00, delay -1000000000.00
[pass.abc] region 'DualIssueRegisterFile__c603': cache hit -- 0 gates, area 0.00, delay -1000000000.00
[pass.abc] region 'DualIssueRegisterFile__c604': cache hit -- 0 gates, area 0.00, delay -1000000000.00
[pass.abc] region 'DualIssueRegisterFile__c605': cache hit -- 0 gates, area 0.00, delay -1000000000.00
[pass.abc] region 'DualIssueRegisterFile__c606': cache hit -- 0 gates, area 0.00, delay -1000000000.00
[pass.abc] region 'DualIssueRegisterFile__c607': cache hit -- 0 gates, area 0.00, delay -1000000000.00
[pass.abc] region 'DualIssueRegisterFile__c608': cache hit -- 0 gates, area 0.00, delay -1000000000.00
[pass.abc] region 'DualIssueRegisterFile__c609': cache hit -- 0 gates, area 0.00, delay -1000000000.00
[pass.abc] region 'DualIssueRegisterFile__c610': cache hit -- 0 gates, area 0.00, delay -1000000000.00
[pass.abc] region 'DualIssueRegisterFile__c611': cache hit -- 0 gates, area 0.00, delay -1000000000.00
[pass.abc] region 'DualIssueRegisterFile__c612': cache hit -- 0 gates, area 0.00, delay -1000000000.00
[pass.abc] region 'DualIssueRegisterFile__c613': cache hit -- 0 gates, area 0.00, delay -1000000000.00
[pass.abc] region 'DualIssueRegisterFile__c614': cache hit -- 0 gates, area 0.00, delay -1000000000.00
[pass.abc] region 'DualIssueRegisterFile__c615': cache hit -- 0 gates, area 0.00, delay -1000000000.00
[pass.abc] region 'DualIssueRegisterFile__c616': cache hit -- 0 gates, area 0.00, delay -1000000000.00
[pass.abc] region 'DualIssueRegisterFile__c617': cache hit -- 0 gates, area 0.00, delay -1000000000.00
[pass.abc] region 'DualIssueRegisterFile__c618': cache hit -- 0 gates, area 0.00, delay -1000000000.00
[pass.abc] region 'DualIssueRegisterFile__c619': cache hit -- 0 gates, area 0.00, delay -1000000000.00
[pass.abc] region 'DualIssueRegisterFile__c620': cache hit -- 0 gates, area 0.00, delay -1000000000.00
[pass.abc] region 'DualIssueRegisterFile__c621': cache hit -- 0 gates, area 0.00, delay -1000000000.00
[pass.abc] region 'DualIssueRegisterFile__c622': cache hit -- 0 gates, area 0.00, delay -1000000000.00
[pass.abc] region 'DualIssueRegisterFile__c623': cache hit -- 0 gates, area 0.00, delay -1000000000.00
[pass.abc] region 'DualIssueRegisterFile__c624': cache hit -- 0 gates, area 0.00, delay -1000000000.00
[pass.abc] region 'DualIssueRegisterFile__c625': cache hit -- 0 gates, area 0.00, delay -1000000000.00
[pass.abc] region 'DualIssueRegisterFile__c626': cache hit -- 0 gates, area 0.00, delay -1000000000.00
[pass.abc] region 'DualIssueRegisterFile__c627': cache hit -- 0 gates, area 0.00, delay -1000000000.00
[pass.abc] region 'DualIssueRegisterFile__c628': cache hit -- 0 gates, area 0.00, delay -1000000000.00
[pass.abc] region 'DualIssueRegisterFile__c629': cache hit -- 0 gates, area 0.00, delay -1000000000.00
[pass.abc] region 'DualIssueRegisterFile__c630': cache hit -- 0 gates, area 0.00, delay -1000000000.00
[pass.abc] region 'DualIssueRegisterFile__c631': cache hit -- 0 gates, area 0.00, delay -1000000000.00
[pass.abc] region 'DualIssueRegisterFile__c632': cache hit -- 0 gates, area 0.00, delay -1000000000.00
[pass.abc] region 'DualIssueRegisterFile__c633': cache hit -- 0 gates, area 0.00, delay -1000000000.00
[pass.abc] region 'DualIssueRegisterFile__c634': cache hit -- 0 gates, area 0.00, delay -1000000000.00
[pass.abc] region 'DualIssueRegisterFile__c635': cache hit -- 0 gates, area 0.00, delay -1000000000.00
[pass.abc] region 'DualIssueRegisterFile__c636': cache hit -- 0 gates, area 0.00, delay -1000000000.00
[pass.abc] region 'DualIssueRegisterFile__c637': cache hit -- 0 gates, area 0.00, delay -1000000000.00
[pass.abc] region 'DualIssueRegisterFile__c638': cache hit -- 0 gates, area 0.00, delay -1000000000.00
[pass.abc] region 'DualIssueRegisterFile__c639': cache hit -- 0 gates, area 0.00, delay -1000000000.00
[pass.abc] region 'DualIssueRegisterFile__c640': cache hit -- 0 gates, area 0.00, delay -1000000000.00
[pass.abc] region 'DualIssueRegisterFile__c641': cache hit -- 0 gates, area 0.00, delay -1000000000.00
[pass.abc] region 'DualIssueRegisterFile__c642': cache hit -- 0 gates, area 0.00, delay -1000000000.00
[pass.abc] region 'DualIssueRegisterFile__c643': cache hit -- 0 gates, area 0.00, delay -1000000000.00
[pass.abc] region 'DualIssueRegisterFile__c644': cache hit -- 0 gates, area 0.00, delay -1000000000.00
[pass.abc] region 'DualIssueRegisterFile__c645': cache hit -- 0 gates, area 0.00, delay -1000000000.00
[pass.abc] region 'DualIssueRegisterFile__c646': cache hit -- 0 gates, area 0.00, delay -1000000000.00
[pass.abc] region 'DualIssueRegisterFile__c647': cache hit -- 0 gates, area 0.00, delay -1000000000.00
[pass.abc] region 'DualIssueRegisterFile__c648': cache hit -- 0 gates, area 0.00, delay -1000000000.00
[pass.abc] region 'DualIssueRegisterFile__c649': cache hit -- 0 gates, area 0.00, delay -1000000000.00
[pass.abc] region 'DualIssueRegisterFile__c650': cache hit -- 0 gates, area 0.00, delay -1000000000.00
[pass.abc] region 'DualIssueRegisterFile__c651': cache hit -- 0 gates, area 0.00, delay -1000000000.00
[pass.abc] region 'DualIssueRegisterFile__c652': cache hit -- 0 gates, area 0.00, delay -1000000000.00
[pass.abc] region 'DualIssueRegisterFile__c653': cache hit -- 0 gates, area 0.00, delay -1000000000.00
[pass.abc] region 'DualIssueRegisterFile__c654': cache hit -- 0 gates, area 0.00, delay -1000000000.00
Warning: 33 registers in this network have don't-care init values.
The don't-care are assumed to be 0. The result may not verify.
Use command "print_latch" to see the init values of registers.
Use command "zero" to convert or "init" to change the values.
[pass.abc] region 'StageReg__c1': 167 gates, area 1204.76, delay 3.00  critical output 'reg_instruction_o' @ ../hagent/dino/build/build_dualissue_d/StageReg.sv:15
Warning: 65 registers in this network have don't-care init values.
The don't-care are assumed to be 0. The result may not verify.
Use command "print_latch" to see the init values of registers.
Use command "zero" to convert or "init" to change the values.
[pass.abc] region 'StageReg__c2': 327 gates, area 2365.72, delay 3.00  critical output 'reg_pc_o' @ ../hagent/dino/build/build_dualissue_d/StageReg.sv:16
Warning: 2 registers in this network have don't-care init values.
The don't-care are assumed to be 0. The result may not verify.
Use command "print_latch" to see the init values of registers.
Use command "zero" to convert or "init" to change the values.
[pass.abc] region 'StageReg__c3': 4 gates, area 22.52, delay 1.00  critical output 'reg_isValid_o' @ ../hagent/dino/build/build_dualissue_d/StageReg.sv:17
[pass.abc] region 'StageReg__c4': 2 gates, area 3.75, delay 1.00  critical output 'get_mask_36_1' @ ../hagent/dino/build/build_dualissue_d/PipelinedDualIssueCPU.sv:414
[pass.abc] region 'StageReg__c5': 2 gates, area 3.75, delay 1.00  critical output 'get_mask_40_1' @ ../hagent/dino/build/build_dualissue_d/PipelinedDualIssueCPU.sv:414
[pass.abc] region 'StageReg__c6': 2 gates, area 3.75, delay 1.00  critical output 'eq_60_1' @ ../hagent/dino/build/build_dualissue_d/PipelinedDualIssueCPU.sv:414
[pass.abc] region 'StageReg__c7': 2 gates, area 6.26, delay 1.00  critical output 'eq_68_1' @ ../hagent/dino/build/build_dualissue_d/StageReg.sv:19
[pass.abc] region 'StageReg__c8': cache hit -- 2 gates, area 6.26, delay 1.00
[pass.abc] region 'StageReg__c9': 2 gates, area 7.50, delay 1.00  critical output 'not_116_1' @ ../hagent/dino/build/build_dualissue_d/StageReg.sv:33
[pass.abc] region 'StageReg__c10': 2 gates, area 3.75, delay 1.00  critical output 'and_124_1' @ ../hagent/dino/build/build_dualissue_d/StageReg.sv:33
[pass.abc] region 'StageReg__c11': 2 gates, area 3.75, delay 1.00  critical output 'and_128_1' @ ../hagent/dino/build/build_dualissue_d/StageReg.sv:33
[pass.abc] region 'StageReg__c12': cache hit -- 2 gates, area 6.26, delay 1.00
[pass.abc] region 'StageReg__c13': 5 gates, area 27.53, delay 2.00  critical output 'mux_140_1' @ ../hagent/dino/build/build_dualissue_d/StageReg.sv:33
[pass.abc] region 'StageReg__c14': 3 gates, area 6.26, delay 1.00  critical output 'and_144_1' @ ../hagent/dino/build/build_dualissue_d/StageReg.sv:33
[pass.abc] region 'StageReg__c15': cache hit -- 0 gates, area 0.00, delay -1000000000.00
[pass.abc] region 'StageReg__c16': cache hit -- 0 gates, area 0.00, delay -1000000000.00
[pass.abc] region 'StageReg__c17': cache hit -- 0 gates, area 0.00, delay -1000000000.00
Warning: The current network has no primary outputs. Some commands may not work correctly.
Warning: The current GIA has no primary outputs. Some commands may not work correctly.
Warning: The current GIA has no primary outputs. Some commands may not work correctly.
Warning: The current network has no primary outputs. Some commands may not work correctly.
Warning: The current GIA has no primary outputs. Some commands may not work correctly.
Warning: The current GIA has no primary outputs. Some commands may not work correctly.
Warning: The current GIA has no primary outputs. Some commands may not work correctly.
Warning: The current GIA has no primary outputs. Some commands may not work correctly.
Warning: The current network has no primary outputs. Some commands may not work correctly.
[pass.abc] region 'StageReg__c18': 0 gates, area 0.00, delay -1000000000.00
[pass.abc] region 'StageReg__c19': cache hit -- 0 gates, area 0.00, delay -1000000000.00
[pass.abc] region 'StageReg__c20': cache hit -- 0 gates, area 0.00, delay -1000000000.00
[pass.abc] region 'StageReg__c21': cache hit -- 0 gates, area 0.00, delay -1000000000.00
Warning: The current network has no primary outputs. Some commands may not work correctly.
Warning: The current GIA has no primary outputs. Some commands may not work correctly.
Warning: The current GIA has no primary outputs. Some commands may not work correctly.
Warning: The current network has no primary outputs. Some commands may not work correctly.
Warning: The current GIA has no primary outputs. Some commands may not work correctly.
Warning: The current GIA has no primary outputs. Some commands may not work correctly.
Warning: The current GIA has no primary outputs. Some commands may not work correctly.
Warning: The current GIA has no primary outputs. Some commands may not work correctly.
Warning: The current network has no primary outputs. Some commands may not work correctly.
[pass.abc] region 'StageReg__c22': 0 gates, area 0.00, delay -1000000000.00
[pass.abc] region 'StageReg__c23': cache hit -- 0 gates, area 0.00, delay -1000000000.00
Warning: 65 registers in this network have don't-care init values.
The don't-care are assumed to be 0. The result may not verify.
Use command "print_latch" to see the init values of registers.
Use command "zero" to convert or "init" to change the values.
[pass.abc] region 'StageReg_2__c1': 130 gates, area 731.90, delay 1.00  critical output 'reg_pc_o' @ ../hagent/dino/build/build_dualissue_d/StageReg_2.sv:20
Warning: 65 registers in this network have don't-care init values.
The don't-care are assumed to be 0. The result may not verify.
Use command "print_latch" to see the init values of registers.
Use command "zero" to convert or "init" to change the values.
[pass.abc] region 'StageReg_2__c2': 130 gates, area 731.90, delay 1.00  critical output 'reg_instruction_o' @ ../hagent/dino/build/build_dualissue_d/StageReg_2.sv:21
Warning: 65 registers in this network have don't-care init values.
The don't-care are assumed to be 0. The result may not verify.
Use command "print_latch" to see the init values of registers.
Use command "zero" to convert or "init" to change the values.
[pass.abc] region 'StageReg_2__c3': 130 gates, area 731.90, delay 1.00  critical output 'reg_sextImm_o' @ ../hagent/dino/build/build_dualissue_d/StageReg_2.sv:22
Warning: 65 registers in this network have don't-care init values.
The don't-care are assumed to be 0. The result may not verify.
Use command "print_latch" to see the init values of registers.
Use command "zero" to convert or "init" to change the values.
[pass.abc] region 'StageReg_2__c4': 130 gates, area 731.90, delay 1.00  critical output 'reg_readdata1_o' @ ../hagent/dino/build/build_dualissue_d/StageReg_2.sv:23
Warning: 65 registers in this network have don't-care init values.
The don't-care are assumed to be 0. The result may not verify.
Use command "print_latch" to see the init values of registers.
Use command "zero" to convert or "init" to change the values.
[pass.abc] region 'StageReg_2__c5': 130 gates, area 731.90, delay 1.00  critical output 'reg_readdata2_o' @ ../hagent/dino/build/build_dualissue_d/StageReg_2.sv:24
Warning: 2 registers in this network have don't-care init values.
The don't-care are assumed to be 0. The result may not verify.
Use command "print_latch" to see the init values of registers.
Use command "zero" to convert or "init" to change the values.
[pass.abc] region 'StageReg_2__c6': 4 gates, area 22.52, delay 1.00  critical output 'reg_isValid_o' @ ../hagent/dino/build/build_dualissue_d/StageReg_2.sv:25
[pass.abc] region 'StageReg_2__c7': cache hit -- 2 gates, area 3.75, delay 1.00
[pass.abc] region 'StageReg_2__c8': cache hit -- 2 gates, area 3.75, delay 1.00
[pass.abc] region 'StageReg_2__c9': 65 gates, area 240.00, delay 1.00  critical output 'get_mask_84_1' @ ../hagent/dino/build/build_dualissue_d/StageReg_2.sv:36
[pass.abc] region 'StageReg_2__c10': cache hit -- 2 gates, area 6.26, delay 1.00
[pass.abc] region 'StageReg_2__c11': 66 gates, area 488.15, delay 1.00  critical output 'mux_96_1' @ ../hagent/dino/build/build_dualissue_d/StageReg_2.sv:36
[pass.abc] region 'StageReg_2__c12': 65 gates, area 240.00, delay 1.00  critical output 'get_mask_100_1' @ ../hagent/dino/build/build_dualissue_d/StageReg_2.sv:37
[pass.abc] region 'StageReg_2__c13': cache hit -- 2 gates, area 6.26, delay 1.00
[pass.abc] region 'StageReg_2__c14': cache hit -- 66 gates, area 488.15, delay 1.00
[pass.abc] region 'StageReg_2__c15': 65 gates, area 240.00, delay 1.00  critical output 'get_mask_116_1' @ ../hagent/dino/build/build_dualissue_d/StageReg_2.sv:38
[pass.abc] region 'StageReg_2__c16': cache hit -- 2 gates, area 6.26, delay 1.00
[pass.abc] region 'StageReg_2__c17': cache hit -- 66 gates, area 488.15, delay 1.00
[pass.abc] region 'StageReg_2__c18': 65 gates, area 240.00, delay 1.00  critical output 'get_mask_132_1' @ ../hagent/dino/build/build_dualissue_d/StageReg_2.sv:39
[pass.abc] region 'StageReg_2__c19': cache hit -- 2 gates, area 6.26, delay 1.00
[pass.abc] region 'StageReg_2__c20': cache hit -- 66 gates, area 488.15, delay 1.00
[pass.abc] region 'StageReg_2__c21': 65 gates, area 240.00, delay 1.00  critical output 'get_mask_148_1' @ ../hagent/dino/build/build_dualissue_d/StageReg_2.sv:40
[pass.abc] region 'StageReg_2__c22': cache hit -- 2 gates, area 6.26, delay 1.00
[pass.abc] region 'StageReg_2__c23': cache hit -- 66 gates, area 488.15, delay 1.00
[pass.abc] region 'StageReg_2__c24': cache hit -- 2 gates, area 7.50, delay 1.00
[pass.abc] region 'StageReg_2__c25': 2 gates, area 6.26, delay 1.00  critical output 'and_172_1' @ ../hagent/dino/build/build_dualissue_d/StageReg_2.sv:41
Warning: The current network has no primary outputs. Some commands may not work correctly.
Warning: The current GIA has no primary outputs. Some commands may not work correctly.
Warning: The current GIA has no primary outputs. Some commands may not work correctly.
Warning: The current network has no primary outputs. Some commands may not work correctly.
Warning: The current GIA has no primary outputs. Some commands may not work correctly.
Warning: The current GIA has no primary outputs. Some commands may not work correctly.
Warning: The current GIA has no primary outputs. Some commands may not work correctly.
Warning: The current GIA has no primary outputs. Some commands may not work correctly.
Warning: The current network has no primary outputs. Some commands may not work correctly.
[pass.abc] region 'StageReg_2__c26': 0 gates, area 0.00, delay -1000000000.00
[pass.abc] region 'StageReg_2__c27': cache hit -- 0 gates, area 0.00, delay -1000000000.00
[pass.abc] region 'StageReg_2__c28': cache hit -- 0 gates, area 0.00, delay -1000000000.00
[pass.abc] region 'StageReg_2__c29': cache hit -- 0 gates, area 0.00, delay -1000000000.00
[pass.abc] region 'StageReg_2__c30': cache hit -- 0 gates, area 0.00, delay -1000000000.00
[pass.abc] region 'StageReg_2__c31': cache hit -- 0 gates, area 0.00, delay -1000000000.00
[pass.abc] region 'StageReg_2__c32': cache hit -- 0 gates, area 0.00, delay -1000000000.00
[pass.abc] region 'StageReg_2__c33': cache hit -- 0 gates, area 0.00, delay -1000000000.00
[pass.abc] region 'StageReg_2__c34': cache hit -- 0 gates, area 0.00, delay -1000000000.00
[pass.abc] region 'StageReg_2__c35': cache hit -- 0 gates, area 0.00, delay -1000000000.00
[pass.abc] region 'StageReg_2__c36': cache hit -- 0 gates, area 0.00, delay -1000000000.00
[pass.abc] region 'StageReg_2__c37': cache hit -- 0 gates, area 0.00, delay -1000000000.00
[pass.abc] region 'StageReg_2__c38': cache hit -- 0 gates, area 0.00, delay -1000000000.00
[pass.abc] region 'StageReg_2__c39': cache hit -- 0 gates, area 0.00, delay -1000000000.00
[pass.abc] region 'StageReg_2__c40': cache hit -- 0 gates, area 0.00, delay -1000000000.00
[pass.abc] region 'StageReg_2__c41': cache hit -- 0 gates, area 0.00, delay -1000000000.00
[pass.abc] region 'StageReg_2__c42': cache hit -- 0 gates, area 0.00, delay -1000000000.00
[pass.abc] region 'StageReg_2__c43': cache hit -- 0 gates, area 0.00, delay -1000000000.00
Warning: 2 registers in this network have don't-care init values.
The don't-care are assumed to be 0. The result may not verify.
Use command "print_latch" to see the init values of registers.
Use command "zero" to convert or "init" to change the values.
[pass.abc] region 'StageReg_4__c1': 4 gates, area 22.52, delay 1.00  critical output 'reg_ex_ctrl_itype_o' @ ../hagent/dino/build/build_dualissue_d/StageReg_4.sv:30
Warning: 2 registers in this network have don't-care init values.
The don't-care are assumed to be 0. The result may not verify.
Use command "print_latch" to see the init values of registers.
Use command "zero" to convert or "init" to change the values.
[pass.abc] region 'StageReg_4__c2': 4 gates, area 22.52, delay 1.00  critical output 'reg_ex_ctrl_aluop_o' @ ../hagent/dino/build/build_dualissue_d/StageReg_4.sv:31
Warning: 2 registers in this network have don't-care init values.
The don't-care are assumed to be 0. The result may not verify.
Use command "print_latch" to see the init values of registers.
Use command "zero" to convert or "init" to change the values.
[pass.abc] region 'StageReg_4__c3': 4 gates, area 22.52, delay 1.00  critical output 'reg_ex_ctrl_src1_o' @ ../hagent/dino/build/build_dualissue_d/StageReg_4.sv:32
Warning: 3 registers in this network have don't-care init values.
The don't-care are assumed to be 0. The result may not verify.
Use command "print_latch" to see the init values of registers.
Use command "zero" to convert or "init" to change the values.
[pass.abc] region 'StageReg_4__c4': 6 gates, area 33.78, delay 1.00  critical output 'reg_ex_ctrl_src2_o' @ ../hagent/dino/build/build_dualissue_d/StageReg_4.sv:33
Warning: 2 registers in this network have don't-care init values.
The don't-care are assumed to be 0. The result may not verify.
Use command "print_latch" to see the init values of registers.
Use command "zero" to convert or "init" to change the values.
[pass.abc] region 'StageReg_4__c5': 4 gates, area 22.52, delay 1.00  critical output 'reg_ex_ctrl_branch_o' @ ../hagent/dino/build/build_dualissue_d/StageReg_4.sv:34
Warning: 3 registers in this network have don't-care init values.
The don't-care are assumed to be 0. The result may not verify.
Use command "print_latch" to see the init values of registers.
Use command "zero" to convert or "init" to change the values.
[pass.abc] region 'StageReg_4__c6': 6 gates, area 33.78, delay 1.00  critical output 'reg_ex_ctrl_jumptype_o' @ ../hagent/dino/build/build_dualissue_d/StageReg_4.sv:35
Warning: 2 registers in this network have don't-care init values.
The don't-care are assumed to be 0. The result may not verify.
Use command "print_latch" to see the init values of registers.
Use command "zero" to convert or "init" to change the values.
[pass.abc] region 'StageReg_4__c7': 4 gates, area 22.52, delay 1.00  critical output 'reg_ex_ctrl_resultselect_o' @ ../hagent/dino/build/build_dualissue_d/StageReg_4.sv:36
Warning: 2 registers in this network have don't-care init values.
The don't-care are assumed to be 0. The result may not verify.
Use command "print_latch" to see the init values of registers.
Use command "zero" to convert or "init" to change the values.
[pass.abc] region 'StageReg_4__c8': 4 gates, area 22.52, delay 1.00  critical output 'reg_ex_ctrl_wordinst_o' @ ../hagent/dino/build/build_dualissue_d/StageReg_4.sv:37
Warning: 3 registers in this network have don't-care init values.
The don't-care are assumed to be 0. The result may not verify.
Use command "print_latch" to see the init values of registers.
Use command "zero" to convert or "init" to change the values.
[pass.abc] region 'StageReg_4__c9': 6 gates, area 33.78, delay 1.00  critical output 'reg_mem_ctrl_memop_o' @ ../hagent/dino/build/build_dualissue_d/StageReg_4.sv:38
Warning: 2 registers in this network have don't-care init values.
The don't-care are assumed to be 0. The result may not verify.
Use command "print_latch" to see the init values of registers.
Use command "zero" to convert or "init" to change the values.
[pass.abc] region 'StageReg_4__c10': 4 gates, area 22.52, delay 1.00  critical output 'reg_wb_ctrl_toreg_o' @ ../hagent/dino/build/build_dualissue_d/StageReg_4.sv:39
Warning: 2 registers in this network have don't-care init values.
The don't-care are assumed to be 0. The result may not verify.
Use command "print_latch" to see the init values of registers.
Use command "zero" to convert or "init" to change the values.
[pass.abc] region 'StageReg_4__c11': 4 gates, area 22.52, delay 1.00  critical output 'reg_wb_ctrl_regwrite_o' @ ../hagent/dino/build/build_dualissue_d/StageReg_4.sv:40
[pass.abc] region 'StageReg_4__c12': cache hit -- 2 gates, area 3.75, delay 1.00
[pass.abc] region 'StageReg_4__c13': cache hit -- 2 gates, area 3.75, delay 1.00
[pass.abc] region 'StageReg_4__c14': cache hit -- 2 gates, area 7.50, delay 1.00
[pass.abc] region 'StageReg_4__c15': 2 gates, area 6.26, delay 1.00  critical output 'and_132_1' @ ../hagent/dino/build/build_dualissue_d/StageReg_4.sv:56
[pass.abc] region 'StageReg_4__c16': cache hit -- 2 gates, area 7.50, delay 1.00
[pass.abc] region 'StageReg_4__c17': 2 gates, area 6.26, delay 1.00  critical output 'and_144_1' @ ../hagent/dino/build/build_dualissue_d/StageReg_4.sv:57
[pass.abc] region 'StageReg_4__c18': cache hit -- 2 gates, area 7.50, delay 1.00
[pass.abc] region 'StageReg_4__c19': 2 gates, area 6.26, delay 1.00  critical output 'and_156_1' @ ../hagent/dino/build/build_dualissue_d/StageReg_4.sv:58
[pass.abc] region 'StageReg_4__c20': 3 gates, area 7.50, delay 1.00  critical output 'get_mask_160_1' @ ../hagent/dino/build/build_dualissue_d/StageReg_4.sv:59
[pass.abc] region 'StageReg_4__c21': cache hit -- 2 gates, area 6.26, delay 1.00
[pass.abc] region 'StageReg_4__c22': 4 gates, area 22.53, delay 1.00  critical output 'mux_172_1' @ ../hagent/dino/build/build_dualissue_d/StageReg_4.sv:59
[pass.abc] region 'StageReg_4__c23': cache hit -- 2 gates, area 7.50, delay 1.00
[pass.abc] region 'StageReg_4__c24': 2 gates, area 6.26, delay 1.00  critical output 'and_184_1' @ ../hagent/dino/build/build_dualissue_d/StageReg_4.sv:60
[pass.abc] region 'StageReg_4__c25': 3 gates, area 7.50, delay 1.00  critical output 'get_mask_188_1' @ ../hagent/dino/build/build_dualissue_d/StageReg_4.sv:61
[pass.abc] region 'StageReg_4__c26': cache hit -- 2 gates, area 6.26, delay 1.00
[pass.abc] region 'StageReg_4__c27': cache hit -- 4 gates, area 22.53, delay 1.00
[pass.abc] region 'StageReg_4__c28': cache hit -- 2 gates, area 7.50, delay 1.00
[pass.abc] region 'StageReg_4__c29': 2 gates, area 6.26, delay 1.00  critical output 'and_212_1' @ ../hagent/dino/build/build_dualissue_d/StageReg_4.sv:62
[pass.abc] region 'StageReg_4__c30': cache hit -- 2 gates, area 7.50, delay 1.00
[pass.abc] region 'StageReg_4__c31': 2 gates, area 6.26, delay 1.00  critical output 'and_224_1' @ ../hagent/dino/build/build_dualissue_d/StageReg_4.sv:63
[pass.abc] region 'StageReg_4__c32': 3 gates, area 7.50, delay 1.00  critical output 'get_mask_228_1' @ ../hagent/dino/build/build_dualissue_d/StageReg_4.sv:64
[pass.abc] region 'StageReg_4__c33': cache hit -- 2 gates, area 6.26, delay 1.00
[pass.abc] region 'StageReg_4__c34': cache hit -- 4 gates, area 22.53, delay 1.00
[pass.abc] region 'StageReg_4__c35': cache hit -- 2 gates, area 7.50, delay 1.00
[pass.abc] region 'StageReg_4__c36': 2 gates, area 6.26, delay 1.00  critical output 'and_252_1' @ ../hagent/dino/build/build_dualissue_d/StageReg_4.sv:65
[pass.abc] region 'StageReg_4__c37': cache hit -- 2 gates, area 7.50, delay 1.00
[pass.abc] region 'StageReg_4__c38': 2 gates, area 6.26, delay 1.00  critical output 'and_264_1' @ ../hagent/dino/build/build_dualissue_d/StageReg_4.sv:66
[pass.abc] region 'StageReg_4__c39': cache hit -- 0 gates, area 0.00, delay -1000000000.00
[pass.abc] region 'StageReg_4__c40': cache hit -- 0 gates, area 0.00, delay -1000000000.00
[pass.abc] region 'StageReg_4__c41': cache hit -- 0 gates, area 0.00, delay -1000000000.00
[pass.abc] region 'StageReg_4__c42': cache hit -- 0 gates, area 0.00, delay -1000000000.00
[pass.abc] region 'StageReg_4__c43': cache hit -- 0 gates, area 0.00, delay -1000000000.00
[pass.abc] region 'StageReg_4__c44': cache hit -- 0 gates, area 0.00, delay -1000000000.00
[pass.abc] region 'StageReg_4__c45': cache hit -- 0 gates, area 0.00, delay -1000000000.00
[pass.abc] region 'StageReg_4__c46': cache hit -- 0 gates, area 0.00, delay -1000000000.00
[pass.abc] region 'StageReg_4__c47': cache hit -- 0 gates, area 0.00, delay -1000000000.00
[pass.abc] region 'StageReg_4__c48': cache hit -- 0 gates, area 0.00, delay -1000000000.00
[pass.abc] region 'StageReg_4__c49': cache hit -- 0 gates, area 0.00, delay -1000000000.00
[pass.abc] region 'StageReg_4__c50': cache hit -- 0 gates, area 0.00, delay -1000000000.00
[pass.abc] region 'StageReg_4__c51': cache hit -- 0 gates, area 0.00, delay -1000000000.00
[pass.abc] region 'StageReg_4__c52': cache hit -- 0 gates, area 0.00, delay -1000000000.00
[pass.abc] region 'StageReg_4__c53': cache hit -- 0 gates, area 0.00, delay -1000000000.00
[pass.abc] region 'StageReg_4__c54': cache hit -- 0 gates, area 0.00, delay -1000000000.00
[pass.abc] region 'StageReg_4__c55': cache hit -- 0 gates, area 0.00, delay -1000000000.00
[pass.abc] region 'StageReg_4__c56': cache hit -- 0 gates, area 0.00, delay -1000000000.00
[pass.abc] region 'StageReg_4__c57': cache hit -- 0 gates, area 0.00, delay -1000000000.00
[pass.abc] region 'StageReg_4__c58': cache hit -- 0 gates, area 0.00, delay -1000000000.00
[pass.abc] region 'StageReg_4__c59': cache hit -- 0 gates, area 0.00, delay -1000000000.00
[pass.abc] region 'StageReg_4__c60': cache hit -- 0 gates, area 0.00, delay -1000000000.00
[pass.abc] region 'StageReg_4__c61': cache hit -- 0 gates, area 0.00, delay -1000000000.00
[pass.abc] region 'StageReg_4__c62': cache hit -- 0 gates, area 0.00, delay -1000000000.00
[pass.abc] region 'StageReg_4__c63': cache hit -- 0 gates, area 0.00, delay -1000000000.00
[pass.abc] region 'StageReg_4__c64': cache hit -- 0 gates, area 0.00, delay -1000000000.00
[pass.abc] region 'StageReg_4__c65': cache hit -- 0 gates, area 0.00, delay -1000000000.00
[pass.abc] region 'StageReg_4__c66': cache hit -- 0 gates, area 0.00, delay -1000000000.00
[pass.abc] region 'StageReg_4__c67': cache hit -- 0 gates, area 0.00, delay -1000000000.00
[pass.abc] region 'StageReg_4__c68': cache hit -- 0 gates, area 0.00, delay -1000000000.00
Warning: The current network has no primary outputs. Some commands may not work correctly.
Warning: The current GIA has no primary outputs. Some commands may not work correctly.
Warning: The current GIA has no primary outputs. Some commands may not work correctly.
Warning: The current network has no primary outputs. Some commands may not work correctly.
Warning: The current GIA has no primary outputs. Some commands may not work correctly.
Warning: The current GIA has no primary outputs. Some commands may not work correctly.
Warning: The current GIA has no primary outputs. Some commands may not work correctly.
Warning: The current GIA has no primary outputs. Some commands may not work correctly.
Warning: The current network has no primary outputs. Some commands may not work correctly.
[pass.abc] region 'StageReg_4__c69': 0 gates, area 0.00, delay -1000000000.00
[pass.abc] region 'StageReg_4__c70': cache hit -- 0 gates, area 0.00, delay -1000000000.00
[pass.abc] region 'StageReg_4__c71': cache hit -- 0 gates, area 0.00, delay -1000000000.00
[pass.abc] region 'StageReg_8__c1': cache hit -- 6 gates, area 33.78, delay 1.00
[pass.abc] region 'StageReg_8__c2': cache hit -- 4 gates, area 22.52, delay 1.00
[pass.abc] region 'StageReg_8__c3': cache hit -- 4 gates, area 22.52, delay 1.00
[pass.abc] region 'StageReg_8__c4': cache hit -- 2 gates, area 3.75, delay 1.00
[pass.abc] region 'StageReg_8__c5': cache hit -- 2 gates, area 3.75, delay 1.00
[pass.abc] region 'StageReg_8__c6': cache hit -- 3 gates, area 7.50, delay 1.00
[pass.abc] region 'StageReg_8__c7': cache hit -- 2 gates, area 6.26, delay 1.00
[pass.abc] region 'StageReg_8__c8': cache hit -- 4 gates, area 22.53, delay 1.00
[pass.abc] region 'StageReg_8__c9': cache hit -- 2 gates, area 7.50, delay 1.00
[pass.abc] region 'StageReg_8__c10': cache hit -- 2 gates, area 6.26, delay 1.00
[pass.abc] region 'StageReg_8__c11': cache hit -- 2 gates, area 7.50, delay 1.00
[pass.abc] region 'StageReg_8__c12': cache hit -- 2 gates, area 6.26, delay 1.00
[pass.abc] region 'StageReg_8__c13': cache hit -- 0 gates, area 0.00, delay -1000000000.00
[pass.abc] region 'StageReg_8__c14': cache hit -- 0 gates, area 0.00, delay -1000000000.00
[pass.abc] region 'StageReg_8__c15': cache hit -- 0 gates, area 0.00, delay -1000000000.00
[pass.abc] region 'StageReg_8__c16': cache hit -- 0 gates, area 0.00, delay -1000000000.00
[pass.abc] region 'StageReg_8__c17': cache hit -- 0 gates, area 0.00, delay -1000000000.00
[pass.abc] region 'StageReg_8__c18': cache hit -- 0 gates, area 0.00, delay -1000000000.00
[pass.abc] region 'StageReg_8__c19': cache hit -- 0 gates, area 0.00, delay -1000000000.00
[pass.abc] region 'StageReg_8__c20': cache hit -- 0 gates, area 0.00, delay -1000000000.00
[pass.abc] region 'StageReg_8__c21': cache hit -- 0 gates, area 0.00, delay -1000000000.00
Warning: 65 registers in this network have don't-care init values.
The don't-care are assumed to be 0. The result may not verify.
Use command "print_latch" to see the init values of registers.
Use command "zero" to convert or "init" to change the values.
[pass.abc] region 'StageReg_10__c1': 130 gates, area 724.39, delay 1.00  critical output 'reg_readdata_o' @ ../hagent/dino/build/build_dualissue_d/StageReg_10.sv:13
Warning: 65 registers in this network have don't-care init values.
The don't-care are assumed to be 0. The result may not verify.
Use command "print_latch" to see the init values of registers.
Use command "zero" to convert or "init" to change the values.
[pass.abc] region 'StageReg_10__c2': 130 gates, area 724.39, delay 1.00  critical output 'reg_ex_result_o' @ ../hagent/dino/build/build_dualissue_d/StageReg_10.sv:14
Warning: 65 registers in this network have don't-care init values.
The don't-care are assumed to be 0. The result may not verify.
Use command "print_latch" to see the init values of registers.
Use command "zero" to convert or "init" to change the values.
[pass.abc] region 'StageReg_10__c3': 130 gates, area 724.39, delay 1.00  critical output 'reg_instruction_o' @ ../hagent/dino/build/build_dualissue_d/StageReg_10.sv:15
[pass.abc] region 'StageReg_10__c4': cache hit -- 2 gates, area 3.75, delay 1.00
Warning: 2 registers in this network have don't-care init values.
The don't-care are assumed to be 0. The result may not verify.
Use command "print_latch" to see the init values of registers.
Use command "zero" to convert or "init" to change the values.
[pass.abc] region 'StageReg_12__c1': 4 gates, area 15.01, delay 1.00  critical output 'reg_wb_ctrl_toreg_o' @ ../hagent/dino/build/build_dualissue_d/StageReg_12.sv:11
Warning: 2 registers in this network have don't-care init values.
The don't-care are assumed to be 0. The result may not verify.
Use command "print_latch" to see the init values of registers.
Use command "zero" to convert or "init" to change the values.
[pass.abc] region 'StageReg_12__c2': 4 gates, area 15.01, delay 1.00  critical output 'reg_wb_ctrl_regwrite_o' @ ../hagent/dino/build/build_dualissue_d/StageReg_12.sv:12
[pass.abc] region 'StageReg_12__c3': cache hit -- 2 gates, area 3.75, delay 1.00
Warning: 65 registers in this network have don't-care init values.
The don't-care are assumed to be 0. The result may not verify.
Use command "print_latch" to see the init values of registers.
Use command "zero" to convert or "init" to change the values.
[pass.abc] region 'StageReg_6__c1': 130 gates, area 731.90, delay 1.00  critical output 'reg_ex_result_o' @ ../hagent/dino/build/build_dualissue_d/StageReg_6.sv:20
Warning: 65 registers in this network have don't-care init values.
The don't-care are assumed to be 0. The result may not verify.
Use command "print_latch" to see the init values of registers.
Use command "zero" to convert or "init" to change the values.
[pass.abc] region 'StageReg_6__c2': 130 gates, area 731.90, delay 1.00  critical output 'reg_mem_writedata_o' @ ../hagent/dino/build/build_dualissue_d/StageReg_6.sv:21
Warning: 65 registers in this network have don't-care init values.
The don't-care are assumed to be 0. The result may not verify.
Use command "print_latch" to see the init values of registers.
Use command "zero" to convert or "init" to change the values.
[pass.abc] region 'StageReg_6__c3': 130 gates, area 731.90, delay 1.00  critical output 'reg_nextpc_o' @ ../hagent/dino/build/build_dualissue_d/StageReg_6.sv:22
Warning: 2 registers in this network have don't-care init values.
The don't-care are assumed to be 0. The result may not verify.
Use command "print_latch" to see the init values of registers.
Use command "zero" to convert or "init" to change the values.
[pass.abc] region 'StageReg_6__c4': 4 gates, area 22.52, delay 1.00  critical output 'reg_taken_o' @ ../hagent/dino/build/build_dualissue_d/StageReg_6.sv:23
[pass.abc] region 'StageReg_6__c5': cache hit -- 130 gates, area 731.90, delay 1.00
[pass.abc] region 'StageReg_6__c6': cache hit -- 4 gates, area 22.52, delay 1.00
[pass.abc] region 'StageReg_6__c7': cache hit -- 2 gates, area 3.75, delay 1.00
[pass.abc] region 'StageReg_6__c8': cache hit -- 2 gates, area 3.75, delay 1.00
[pass.abc] region 'StageReg_6__c9': 65 gates, area 240.00, delay 1.00  critical output 'get_mask_84_1' @ ../hagent/dino/build/build_dualissue_d/StageReg_6.sv:36
[pass.abc] region 'StageReg_6__c10': cache hit -- 2 gates, area 6.26, delay 1.00
[pass.abc] region 'StageReg_6__c11': cache hit -- 66 gates, area 488.15, delay 1.00
[pass.abc] region 'StageReg_6__c12': 65 gates, area 240.00, delay 1.00  critical output 'get_mask_100_1' @ ../hagent/dino/build/build_dualissue_d/StageReg_6.sv:37
[pass.abc] region 'StageReg_6__c13': cache hit -- 2 gates, area 6.26, delay 1.00
[pass.abc] region 'StageReg_6__c14': cache hit -- 66 gates, area 488.15, delay 1.00
[pass.abc] region 'StageReg_6__c15': 65 gates, area 240.00, delay 1.00  critical output 'get_mask_116_1' @ ../hagent/dino/build/build_dualissue_d/StageReg_6.sv:38
[pass.abc] region 'StageReg_6__c16': cache hit -- 2 gates, area 6.26, delay 1.00
[pass.abc] region 'StageReg_6__c17': cache hit -- 66 gates, area 488.15, delay 1.00
[pass.abc] region 'StageReg_6__c18': cache hit -- 2 gates, area 7.50, delay 1.00
[pass.abc] region 'StageReg_6__c19': 2 gates, area 6.26, delay 1.00  critical output 'and_140_1' @ ../hagent/dino/build/build_dualissue_d/StageReg_6.sv:39
[pass.abc] region 'StageReg_6__c20': cache hit -- 65 gates, area 240.00, delay 1.00
[pass.abc] region 'StageReg_6__c21': cache hit -- 2 gates, area 6.26, delay 1.00
[pass.abc] region 'StageReg_6__c22': cache hit -- 66 gates, area 488.15, delay 1.00
[pass.abc] region 'StageReg_6__c23': cache hit -- 2 gates, area 7.50, delay 1.00
[pass.abc] region 'StageReg_6__c24': cache hit -- 2 gates, area 6.26, delay 1.00
[pass.abc] region 'StageReg_6__c25': cache hit -- 0 gates, area 0.00, delay -1000000000.00
[pass.abc] region 'StageReg_6__c26': cache hit -- 0 gates, area 0.00, delay -1000000000.00
[pass.abc] region 'StageReg_6__c27': cache hit -- 0 gates, area 0.00, delay -1000000000.00
[pass.abc] region 'StageReg_6__c28': cache hit -- 0 gates, area 0.00, delay -1000000000.00
[pass.abc] region 'StageReg_6__c29': cache hit -- 0 gates, area 0.00, delay -1000000000.00
[pass.abc] region 'StageReg_6__c30': cache hit -- 0 gates, area 0.00, delay -1000000000.00
[pass.abc] region 'StageReg_6__c31': cache hit -- 0 gates, area 0.00, delay -1000000000.00
[pass.abc] region 'StageReg_6__c32': cache hit -- 0 gates, area 0.00, delay -1000000000.00
[pass.abc] region 'StageReg_6__c33': cache hit -- 0 gates, area 0.00, delay -1000000000.00
[pass.abc] region 'StageReg_6__c34': cache hit -- 0 gates, area 0.00, delay -1000000000.00
[pass.abc] region 'StageReg_6__c35': cache hit -- 0 gates, area 0.00, delay -1000000000.00
[pass.abc] region 'StageReg_6__c36': cache hit -- 0 gates, area 0.00, delay -1000000000.00
[pass.abc] region 'StageReg_6__c37': cache hit -- 0 gates, area 0.00, delay -1000000000.00
[pass.abc] region 'StageReg_6__c38': cache hit -- 0 gates, area 0.00, delay -1000000000.00
[pass.abc] region 'StageReg_6__c39': cache hit -- 0 gates, area 0.00, delay -1000000000.00
[pass.abc] region 'StageReg_6__c40': cache hit -- 0 gates, area 0.00, delay -1000000000.00
[pass.abc] region 'StageReg_6__c41': cache hit -- 0 gates, area 0.00, delay -1000000000.00
[pass.abc] region 'StageReg_6__c42': cache hit -- 0 gates, area 0.00, delay -1000000000.00
[pass.abc] region 'ImmediateGenerator__c1': uncacheable -- ambiguous boundary: two inputs the region uses identically
[pass.abc] region 'ImmediateGenerator__c1': 2926 gates, area 15785.90, delay 7.00  critical output 'mux_3768_1' @ ../hagent/dino/build/build_dualissue_d/ImmediateGenerator.sv:7
[pass.abc] region 'ImmediateGenerator__c2': 65 gates, area 240.00, delay 1.00  critical output 'get_mask_16_1' @ ../hagent/dino/build/build_dualissue_d/PipelinedDualIssueCPU.sv:305
[pass.abc] region 'ImmediateGenerator__c3': 65 gates, area 3.75, delay 1.00  critical output 'and_36_1' @ ../hagent/dino/build/build_dualissue_d/ImmediateGenerator.sv:7
[pass.abc] region 'ImmediateGenerator__c4': cache hit -- 65 gates, area 3.75, delay 1.00
[pass.abc] region 'ImmediateGenerator__c5': cache hit -- 65 gates, area 3.75, delay 1.00
[pass.abc] region 'ImmediateGenerator__c6': cache hit -- 65 gates, area 3.75, delay 1.00
[pass.abc] region 'ImmediateGenerator__c7': cache hit -- 65 gates, area 3.75, delay 1.00
[pass.abc] region 'ImmediateGenerator__c8': cache hit -- 65 gates, area 3.75, delay 1.00
[pass.abc] region 'ImmediateGenerator__c9': cache hit -- 65 gates, area 3.75, delay 1.00
[pass.abc] region 'ImmediateGenerator__c10': cache hit -- 65 gates, area 3.75, delay 1.00
[pass.abc] region 'ImmediateGenerator__c11': cache hit -- 65 gates, area 3.75, delay 1.00
[pass.abc] region 'Control__c1': uncacheable -- ambiguous boundary: two inputs the region uses identically
[pass.abc] region 'Control__c1': 68 gates, area 15.01, delay 2.00  critical output 'and_176_1' @ ../hagent/dino/build/build_dualissue_d/Control.sv:35
[pass.abc] region 'Control__c2': uncacheable -- ambiguous boundary: two inputs the region uses identically
[pass.abc] region 'Control__c2': 68 gates, area 419.40, delay 2.00  critical output 'or_196_1' @ ../hagent/dino/build/build_dualissue_d/Control.sv:36
[pass.abc] region 'Control__c3': uncacheable -- ambiguous boundary: two inputs the region uses identically
[pass.abc] region 'Control__c3': 68 gates, area 18.77, delay 2.00  critical output 'and_232_1' @ ../hagent/dino/build/build_dualissue_d/Control.sv:37
[pass.abc] region 'Control__c4': uncacheable -- ambiguous boundary: two inputs the region uses identically
[pass.abc] region 'Control__c4': 212 gates, area 1295.67, delay 6.00  critical output 'mux_312_1' @ ../hagent/dino/build/build_dualissue_d/Control.sv:40
[pass.abc] region 'Control__c5': uncacheable -- ambiguous boundary: two inputs the region uses identically
[pass.abc] region 'Control__c5': 67 gates, area 12.52, delay 2.00  critical output 'and_328_1' @ ../hagent/dino/build/build_dualissue_d/Control.sv:46
[pass.abc] region 'Control__c6': uncacheable -- ambiguous boundary: two inputs the region uses identically
[pass.abc] region 'Control__c6': 183 gates, area 1125.49, delay 6.00  critical output 'mux_392_1' @ ../hagent/dino/build/build_dualissue_d/Control.sv:47
[pass.abc] region 'Control__c7': uncacheable -- ambiguous boundary: two inputs the region uses identically
[pass.abc] region 'Control__c7': 67 gates, area 15.01, delay 2.00  critical output 'and_416_1' @ ../hagent/dino/build/build_dualissue_d/Control.sv:52
[pass.abc] region 'Control__c8': uncacheable -- ambiguous boundary: two inputs the region uses identically
[pass.abc] region 'Control__c8': 53 gates, area 302.91, delay 5.00  critical output 'mux_456_1' @ ../hagent/dino/build/build_dualissue_d/Control.sv:54
[pass.abc] region 'Control__c9': 66 gates, area 6.26, delay 1.00  critical output 'and_468_1' @ ../hagent/dino/build/build_dualissue_d/Control.sv:55
[pass.abc] region 'Control__c10': uncacheable -- ambiguous boundary: two inputs the region uses identically
[pass.abc] region 'Control__c10': 69 gates, area 431.92, delay 3.00  critical output 'or_512_1' @ ../hagent/dino/build/build_dualissue_d/Control.sv:56
[pass.abc] region 'Control__c11': uncacheable -- ambiguous boundary: two inputs the region uses identically
[pass.abc] region 'Control__c11': 69 gates, area 26.27, delay 2.00  critical output 'and_536_1' @ ../hagent/dino/build/build_dualissue_d/Control.sv:60
[pass.abc] region 'Control__c12': 8 gates, area 26.25, delay 1.00  critical output 'get_mask_16_1' @ ../hagent/dino/build/build_dualissue_d/PipelinedDualIssueCPU.sv:277
[pass.abc] region 'Control__c13': 68 gates, area 21.27, delay 2.00  critical output 'mux_24_1' @ ../hagent/dino/build/build_dualissue_d/PipelinedDualIssueCPU.sv:277
[pass.abc] region 'Control__c14': 68 gates, area 20.02, delay 2.00  critical output 'mux_32_1' @ ../hagent/dino/build/build_dualissue_d/PipelinedDualIssueCPU.sv:277
[pass.abc] region 'Control__c15': 68 gates, area 17.52, delay 2.00  critical output 'mux_40_1' @ ../hagent/dino/build/build_dualissue_d/PipelinedDualIssueCPU.sv:277
[pass.abc] region 'Control__c16': 68 gates, area 20.02, delay 2.00  critical output 'mux_48_1' @ ../hagent/dino/build/build_dualissue_d/PipelinedDualIssueCPU.sv:277
[pass.abc] region 'Control__c17': 68 gates, area 21.27, delay 2.00  critical output 'mux_56_1' @ ../hagent/dino/build/build_dualissue_d/PipelinedDualIssueCPU.sv:277
[pass.abc] region 'Control__c18': 68 gates, area 18.77, delay 2.00  critical output 'mux_64_1' @ ../hagent/dino/build/build_dualissue_d/PipelinedDualIssueCPU.sv:277
[pass.abc] region 'Control__c19': 68 gates, area 20.01, delay 2.00  critical output 'mux_72_1' @ ../hagent/dino/build/build_dualissue_d/PipelinedDualIssueCPU.sv:277
[pass.abc] region 'Control__c20': 68 gates, area 21.27, delay 2.00  critical output 'mux_80_1' @ ../hagent/dino/build/build_dualissue_d/PipelinedDualIssueCPU.sv:277
[pass.abc] region 'Control__c21': 68 gates, area 20.02, delay 2.00  critical output 'mux_88_1' @ ../hagent/dino/build/build_dualissue_d/PipelinedDualIssueCPU.sv:277
[pass.abc] region 'Control__c22': 68 gates, area 21.28, delay 2.00  critical output 'mux_96_1' @ ../hagent/dino/build/build_dualissue_d/PipelinedDualIssueCPU.sv:277
[pass.abc] region 'Control__c23': 68 gates, area 18.77, delay 2.00  critical output 'mux_104_1' @ ../hagent/dino/build/build_dualissue_d/PipelinedDualIssueCPU.sv:277
[pass.abc] region 'Control__c24': uncacheable -- ambiguous boundary: two inputs the region uses identically
[pass.abc] region 'Control__c24': 198 gates, area 990.66, delay 2.00  critical output 'or_128_1' @ ../hagent/dino/build/build_dualissue_d/PipelinedDualIssueCPU.sv:277
[pass.abc] region 'Control__c25': uncacheable -- ambiguous boundary: two inputs the region uses identically
[pass.abc] region 'Control__c25': 66 gates, area 413.16, delay 1.00  critical output 'or_132_1' @ ../hagent/dino/build/build_dualissue_d/PipelinedDualIssueCPU.sv:277
[pass.abc] region 'ALUControl__c1': 29 gates, area 171.43, delay 3.00  critical output 'mux_372_1' @ ../hagent/dino/build/build_dualissue_d/ALUControl.sv:38
[pass.abc] region 'ALUControl__c2': 8 gates, area 26.25, delay 1.00  critical output 'get_mask_24_1' @ ../hagent/dino/build/build_dualissue_d/PipelinedDualIssueCPU.sv:313
[pass.abc] region 'ALUControl__c3': 4 gates, area 11.25, delay 1.00  critical output 'get_mask_28_1' @ ../hagent/dino/build/build_dualissue_d/PipelinedDualIssueCPU.sv:313
[pass.abc] region 'ALUControl__c4': 2 gates, area 3.75, delay 1.00  critical output 'get_mask_32_1' @ ../hagent/dino/build/build_dualissue_d/PipelinedDualIssueCPU.sv:313
[pass.abc] region 'ALUControl__c5': 2 gates, area 8.76, delay 1.00  critical output 'eq_36_1' @ ../hagent/dino/build/build_dualissue_d/PipelinedDualIssueCPU.sv:313
[pass.abc] region 'ALUControl__c6': 2 gates, area 8.76, delay 1.00  critical output 'eq_40_1' @ ../hagent/dino/build/build_dualissue_d/PipelinedDualIssueCPU.sv:313
[pass.abc] region 'ALUControl__c7': 2 gates, area 10.01, delay 1.00  critical output 'eq_44_1' @ ../hagent/dino/build/build_dualissue_d/PipelinedDualIssueCPU.sv:313
[pass.abc] region 'ALUControl__c8': 2 gates, area 8.76, delay 1.00  critical output 'eq_48_1' @ ../hagent/dino/build/build_dualissue_d/PipelinedDualIssueCPU.sv:313
[pass.abc] region 'ALUControl__c9': 2 gates, area 10.01, delay 1.00  critical output 'eq_52_1' @ ../hagent/dino/build/build_dualissue_d/PipelinedDualIssueCPU.sv:313
[pass.abc] region 'ALUControl__c10': 2 gates, area 10.01, delay 1.00  critical output 'eq_56_1' @ ../hagent/dino/build/build_dualissue_d/PipelinedDualIssueCPU.sv:313
[pass.abc] region 'ALUControl__c11': 2 gates, area 6.26, delay 1.00  critical output 'eq_60_1' @ ../hagent/dino/build/build_dualissue_d/PipelinedDualIssueCPU.sv:313
[pass.abc] region 'DualIssueForwardingUnit__c1': uncacheable -- ambiguous boundary: two inputs the region uses identically
[pass.abc] region 'DualIssueForwardingUnit__c1': 46 gates, area 326.61, delay 5.00  critical output 'mux_232_1' @ ../hagent/dino/build/build_dualissue_d/DualIssueForwardingUnit.sv:21
[pass.abc] region 'DualIssueForwardingUnit__c2': uncacheable -- ambiguous boundary: two inputs the region uses identically
[pass.abc] region 'DualIssueForwardingUnit__c2': 46 gates, area 326.61, delay 5.00  critical output 'mux_404_1' @ ../hagent/dino/build/build_dualissue_d/DualIssueForwardingUnit.sv:31
[pass.abc] region 'DualIssueForwardingUnit__c3': uncacheable -- ambiguous boundary: two inputs the region uses identically
[pass.abc] region 'DualIssueForwardingUnit__c3': 43 gates, area 317.87, delay 4.00  critical output 'mux_568_1' @ ../hagent/dino/build/build_dualissue_d/DualIssueForwardingUnit.sv:41
[pass.abc] region 'DualIssueForwardingUnit__c4': uncacheable -- ambiguous boundary: two inputs the region uses identically
[pass.abc] region 'DualIssueForwardingUnit__c4': 43 gates, area 317.87, delay 4.00  critical output 'mux_732_1' @ ../hagent/dino/build/build_dualissue_d/DualIssueForwardingUnit.sv:50
[pass.abc] region 'DualIssueForwardingUnit__c5': 6 gates, area 18.75, delay 1.00  critical output 'get_mask_16_1' @ ../hagent/dino/build/build_dualissue_d/PipelinedDualIssueCPU.sv:378
[pass.abc] region 'DualIssueForwardingUnit__c6': 6 gates, area 18.75, delay 1.00  critical output 'get_mask_20_1' @ ../hagent/dino/build/build_dualissue_d/PipelinedDualIssueCPU.sv:378
[pass.abc] region 'DualIssueForwardingUnit__c7': 6 gates, area 18.75, delay 1.00  critical output 'get_mask_24_1' @ ../hagent/dino/build/build_dualissue_d/PipelinedDualIssueCPU.sv:378
[pass.abc] region 'DualIssueForwardingUnit__c8': 6 gates, area 18.75, delay 1.00  critical output 'get_mask_28_1' @ ../hagent/dino/build/build_dualissue_d/PipelinedDualIssueCPU.sv:378
[pass.abc] region 'DualIssueForwardingUnit__c9': 6 gates, area 18.75, delay 1.00  critical output 'get_mask_32_1' @ ../hagent/dino/build/build_dualissue_d/PipelinedDualIssueCPU.sv:378
[pass.abc] region 'DualIssueForwardingUnit__c10': 2 gates, area 3.75, delay 1.00  critical output 'get_mask_36_1' @ ../hagent/dino/build/build_dualissue_d/PipelinedDualIssueCPU.sv:378
[pass.abc] region 'DualIssueForwardingUnit__c11': 6 gates, area 18.75, delay 1.00  critical output 'get_mask_40_1' @ ../hagent/dino/build/build_dualissue_d/PipelinedDualIssueCPU.sv:378
[pass.abc] region 'DualIssueForwardingUnit__c12': 2 gates, area 3.75, delay 1.00  critical output 'get_mask_44_1' @ ../hagent/dino/build/build_dualissue_d/PipelinedDualIssueCPU.sv:378
[pass.abc] region 'DualIssueForwardingUnit__c13': 6 gates, area 18.75, delay 1.00  critical output 'get_mask_48_1' @ ../hagent/dino/build/build_dualissue_d/PipelinedDualIssueCPU.sv:378
[pass.abc] region 'DualIssueForwardingUnit__c14': 2 gates, area 3.75, delay 1.00  critical output 'get_mask_52_1' @ ../hagent/dino/build/build_dualissue_d/PipelinedDualIssueCPU.sv:378
[pass.abc] region 'DualIssueForwardingUnit__c15': 6 gates, area 18.75, delay 1.00  critical output 'get_mask_56_1' @ ../hagent/dino/build/build_dualissue_d/PipelinedDualIssueCPU.sv:378
[pass.abc] region 'DualIssueForwardingUnit__c16': 2 gates, area 3.75, delay 1.00  critical output 'get_mask_60_1' @ ../hagent/dino/build/build_dualissue_d/PipelinedDualIssueCPU.sv:378
[pass.abc] region 'DualIssueHazardUnit__c1': uncacheable -- ambiguous boundary: two inputs the region uses identically
[pass.abc] region 'DualIssueHazardUnit__c1': 2 gates, area 12.52, delay 1.00  critical output 'or_56_1' @ ../hagent/dino/build/build_dualissue_d/PipelinedDualIssueCPU.sv:396
[pass.abc] region 'DualIssueHazardUnit__c2': uncacheable -- ambiguous boundary: two inputs the region uses identically
[pass.abc] region 'DualIssueHazardUnit__c2': 66 gates, area 10.01, delay 1.00  critical output 'and_168_1' @ ../hagent/dino/build/build_dualissue_d/PipelinedDualIssueCPU.sv:396
[pass.abc] region 'DualIssueHazardUnit__c3': uncacheable -- ambiguous boundary: two inputs the region uses identically
[pass.abc] region 'DualIssueHazardUnit__c3': 66 gates, area 415.66, delay 1.00  critical output 'or_172_1' @ ../hagent/dino/build/build_dualissue_d/DualIssueHazardUnit.sv:33
[pass.abc] region 'DualIssueHazardUnit__c4': 6 gates, area 18.75, delay 1.00  critical output 'get_mask_16_1' @ ../hagent/dino/build/build_dualissue_d/PipelinedDualIssueCPU.sv:396
[pass.abc] region 'DualIssueHazardUnit__c5': 6 gates, area 18.75, delay 1.00  critical output 'get_mask_20_1' @ ../hagent/dino/build/build_dualissue_d/PipelinedDualIssueCPU.sv:396
[pass.abc] region 'DualIssueHazardUnit__c6': 6 gates, area 18.75, delay 1.00  critical output 'get_mask_24_1' @ ../hagent/dino/build/build_dualissue_d/PipelinedDualIssueCPU.sv:396
[pass.abc] region 'DualIssueHazardUnit__c7': 6 gates, area 18.75, delay 1.00  critical output 'get_mask_28_1' @ ../hagent/dino/build/build_dualissue_d/PipelinedDualIssueCPU.sv:396
[pass.abc] region 'DualIssueHazardUnit__c8': 6 gates, area 18.75, delay 1.00  critical output 'get_mask_36_1' @ ../hagent/dino/build/build_dualissue_d/PipelinedDualIssueCPU.sv:396
[pass.abc] region 'DualIssueHazardUnit__c9': 2 gates, area 3.75, delay 1.00  critical output 'get_mask_40_1' @ ../hagent/dino/build/build_dualissue_d/PipelinedDualIssueCPU.sv:396
[pass.abc] region 'DualIssueHazardUnit__c10': 6 gates, area 18.75, delay 1.00  critical output 'get_mask_48_1' @ ../hagent/dino/build/build_dualissue_d/PipelinedDualIssueCPU.sv:396
[pass.abc] region 'DualIssueHazardUnit__c11': 2 gates, area 3.75, delay 1.00  critical output 'get_mask_52_1' @ ../hagent/dino/build/build_dualissue_d/PipelinedDualIssueCPU.sv:396
[pass.abc] region 'DualIssueHazardUnit__c12': uncacheable -- ambiguous boundary: two inputs the region uses identically
[pass.abc] region 'DualIssueHazardUnit__c12': 98 gates, area 266.54, delay 4.00  critical output 'and_104_1' @ ../hagent/dino/build/build_dualissue_d/PipelinedDualIssueCPU.sv:396
[pass.abc] region 'DualIssueHazardUnit__c13': uncacheable -- ambiguous boundary: two inputs the region uses identically
[pass.abc] region 'DualIssueHazardUnit__c13': 98 gates, area 266.54, delay 4.00  critical output 'and_152_1' @ ../hagent/dino/build/build_dualissue_d/PipelinedDualIssueCPU.sv:396
[pass.abc] region 'ALU__c1': uncacheable -- ambiguous boundary: two inputs the region uses identically
[pass.abc] region 'ALU__c1': 3186 gates, area 18587.18, delay 67.00  critical output 'hotmux_3464_1' @ ../hagent/dino/build/build_dualissue_d/ALU.sv:17
[pass.abc] region 'ALU__c2': 6 gates, area 18.75, delay 1.00  critical output 'get_mask_16_1' @ ../hagent/dino/build/build_dualissue_d/PipelinedDualIssueCPU.sv:329
[pass.abc] region 'ALU__c3': 65 gates, area 240.00, delay 1.00  critical output 'get_mask_20_1' @ ../hagent/dino/build/build_dualissue_d/PipelinedDualIssueCPU.sv:329
[pass.abc] region 'ALU__c4': 65 gates, area 240.00, delay 1.00  critical output 'get_mask_24_1' @ ../hagent/dino/build/build_dualissue_d/PipelinedDualIssueCPU.sv:329
[pass.abc] region 'ALU__c5': 147 gates, area 1540.04, delay 4.00  critical output 'sra_48_1' @ ../hagent/dino/build/build_dualissue_d/PipelinedDualIssueCPU.sv:329
[pass.abc] region 'ALU__c6': 173 gates, area 1511.05, delay 5.00  critical output 'get_mask_76_1' @ ../hagent/dino/build/build_dualissue_d/PipelinedDualIssueCPU.sv:329
[pass.abc] region 'ALU__c7': uncacheable -- ambiguous boundary: two inputs the region uses identically
[pass.abc] region 'ALU__c7': 125 gates, area 970.94, delay 32.00  critical output 'get_mask_92_1' @ ../hagent/dino/build/build_dualissue_d/PipelinedDualIssueCPU.sv:329
[pass.abc] region 'ALU__c8': uncacheable -- ambiguous boundary: two inputs the region uses identically
[pass.abc] region 'ALU__c8': 97 gates, area 855.92, delay 32.00  critical output 'get_mask_108_1' @ ../hagent/dino/build/build_dualissue_d/PipelinedDualIssueCPU.sv:329
[pass.abc] region 'ALU__c9': 209 gates, area 2069.24, delay 4.00  critical output 'shl_120_1' @ ../hagent/dino/build/build_dualissue_d/PipelinedDualIssueCPU.sv:329
[pass.abc] region 'ALU__c10': 5 gates, area 15.00, delay 1.00  critical output 'get_mask_128_1' @ ../hagent/dino/build/build_dualissue_d/PipelinedDualIssueCPU.sv:329
[pass.abc] region 'ALU__c11': 3 gates, area 12.52, delay 2.00  critical output 'eq_132_1' @ ../hagent/dino/build/build_dualissue_d/PipelinedDualIssueCPU.sv:329
[pass.abc] region 'ALU__c12': 3 gates, area 12.52, delay 2.00  critical output 'eq_136_1' @ ../hagent/dino/build/build_dualissue_d/PipelinedDualIssueCPU.sv:329
[pass.abc] region 'ALU__c13': 3 gates, area 10.01, delay 2.00  critical output 'eq_140_1' @ ../hagent/dino/build/build_dualissue_d/PipelinedDualIssueCPU.sv:329
[pass.abc] region 'ALU__c14': 3 gates, area 12.52, delay 2.00  critical output 'eq_144_1' @ ../hagent/dino/build/build_dualissue_d/PipelinedDualIssueCPU.sv:329
[pass.abc] region 'ALU__c15': 3 gates, area 12.51, delay 2.00  critical output 'eq_148_1' @ ../hagent/dino/build/build_dualissue_d/PipelinedDualIssueCPU.sv:329
[pass.abc] region 'ALU__c16': 3 gates, area 12.51, delay 2.00  critical output 'eq_152_1' @ ../hagent/dino/build/build_dualissue_d/PipelinedDualIssueCPU.sv:329
[pass.abc] region 'ALU__c17': 3 gates, area 10.00, delay 2.00  critical output 'eq_156_1' @ ../hagent/dino/build/build_dualissue_d/PipelinedDualIssueCPU.sv:329
[pass.abc] region 'ALU__c18': 3 gates, area 12.52, delay 2.00  critical output 'eq_160_1' @ ../hagent/dino/build/build_dualissue_d/PipelinedDualIssueCPU.sv:329
[pass.abc] region 'ALU__c19': 3 gates, area 15.01, delay 2.00  critical output 'eq_164_1' @ ../hagent/dino/build/build_dualissue_d/PipelinedDualIssueCPU.sv:329
[pass.abc] region 'ALU__c20': 3 gates, area 15.01, delay 2.00  critical output 'eq_168_1' @ ../hagent/dino/build/build_dualissue_d/PipelinedDualIssueCPU.sv:329
[pass.abc] region 'ALU__c21': 3 gates, area 12.51, delay 2.00  critical output 'eq_172_1' @ ../hagent/dino/build/build_dualissue_d/PipelinedDualIssueCPU.sv:329
[pass.abc] region 'ALU__c22': 3 gates, area 10.01, delay 2.00  critical output 'eq_176_1' @ ../hagent/dino/build/build_dualissue_d/PipelinedDualIssueCPU.sv:329
[pass.abc] region 'ALU__c23': 3 gates, area 12.51, delay 2.00  critical output 'eq_180_1' @ ../hagent/dino/build/build_dualissue_d/PipelinedDualIssueCPU.sv:329
[pass.abc] region 'ALU__c24': 3 gates, area 12.51, delay 2.00  critical output 'eq_184_1' @ ../hagent/dino/build/build_dualissue_d/PipelinedDualIssueCPU.sv:329
[pass.abc] region 'ALU__c25': 3 gates, area 11.26, delay 2.00  critical output 'eq_188_1' @ ../hagent/dino/build/build_dualissue_d/PipelinedDualIssueCPU.sv:329
[pass.abc] region 'ALU__c26': 33 gates, area 3.75, delay 1.00  critical output 'and_216_1' @ ../hagent/dino/build/build_dualissue_d/ALU.sv:23
[pass.abc] region 'ALU__c27': cache hit -- 33 gates, area 3.75, delay 1.00
[pass.abc] region 'ALU__c28': cache hit -- 33 gates, area 3.75, delay 1.00
[pass.abc] region 'ALU__c29': cache hit -- 33 gates, area 3.75, delay 1.00
[pass.abc] region 'ALU__c30': 64 gates, area 3.75, delay 1.00  critical output 'and_1444_1' @ ../hagent/dino/build/build_dualissue_d/ALU.sv:47
[pass.abc] region 'DualIssueNextPC__c1': 968 gates, area 6589.34, delay 67.00  critical output 'mux_392_1' @ ../hagent/dino/build/build_dualissue_d/DualIssueNextPC.sv:20
[pass.abc] region 'DualIssueNextPC__c2': 69 gates, area 17.51, delay 2.00  critical output 'mux_424_1' @ ../hagent/dino/build/build_dualissue_d/DualIssueNextPC.sv:26
[pass.abc] region 'DualIssueNextPC__c3': 2 gates, area 3.75, delay 1.00  critical output 'get_mask_16_1' @ ../hagent/dino/build/build_dualissue_d/PipelinedDualIssueCPU.sv:353
[pass.abc] region 'DualIssueNextPC__c4': 3 gates, area 7.50, delay 1.00  critical output 'get_mask_20_1' @ ../hagent/dino/build/build_dualissue_d/PipelinedDualIssueCPU.sv:353
[pass.abc] region 'DualIssueNextPC__c5': cache hit -- 65 gates, area 240.00, delay 1.00
[pass.abc] region 'DualIssueNextPC__c6': cache hit -- 65 gates, area 240.00, delay 1.00
[pass.abc] region 'DualIssueNextPC__c7': cache hit -- 4 gates, area 11.25, delay 1.00
[pass.abc] region 'DualIssueNextPC__c8': cache hit -- 65 gates, area 240.00, delay 1.00
[pass.abc] region 'DualIssueNextPC__c9': 65 gates, area 240.00, delay 1.00  critical output 'get_mask_40_1' @ ../hagent/dino/build/build_dualissue_d/PipelinedDualIssueCPU.sv:353
[pass.abc] region 'DualIssueNextPC__c10': 2 gates, area 3.75, delay 1.00  critical output 'get_mask_44_1' @ ../hagent/dino/build/build_dualissue_d/PipelinedDualIssueCPU.sv:353
[pass.abc] region 'DualIssueNextPC__c11': 292 gates, area 1241.11, delay 34.00  critical output 'or_212_1' @ ../hagent/dino/build/build_dualissue_d/PipelinedDualIssueCPU.sv:353
Warning: 65 registers in this network have don't-care init values.
The don't-care are assumed to be 0. The result may not verify.
Use command "print_latch" to see the init values of registers.
Use command "zero" to convert or "init" to change the values.
[pass.abc] region 'PipelinedDualIssueCPU__c1': 266 gates, area 1983.23, delay 3.00  critical output 'pc_o' @ ../hagent/dino/build/build_dualissue_d/PipelinedDualIssueCPU.sv:138
[pass.abc] region 'PipelinedDualIssueCPU__c2': uncacheable -- ambiguous boundary: two inputs the region uses identically
[pass.abc] region 'PipelinedDualIssueCPU__c2': 67 gates, area 724.39, delay 2.00  critical output 'mux_696_1' @ ../hagent/dino/build/build_dualissue_d/PipelinedDualIssueCPU.sv:2
[pass.abc] region 'PipelinedDualIssueCPU__c3': uncacheable -- ambiguous boundary: two inputs the region uses identically
[pass.abc] region 'PipelinedDualIssueCPU__c3': 5 gates, area 15.01, delay 2.00  critical output 'mux_732_1' @ ../hagent/dino/build/build_dualissue_d/PipelinedDualIssueCPU.sv:630
[pass.abc] region 'PipelinedDualIssueCPU__c4': uncacheable -- ambiguous boundary: two inputs the region uses identically
[pass.abc] region 'PipelinedDualIssueCPU__c4': 67 gates, area 724.39, delay 2.00  critical output 'mux_760_1' @ ../hagent/dino/build/build_dualissue_d/PipelinedDualIssueCPU.sv:2
[pass.abc] region 'PipelinedDualIssueCPU__c5': uncacheable -- ambiguous boundary: two inputs the region uses identically
[pass.abc] region 'PipelinedDualIssueCPU__c5': 5 gates, area 13.76, delay 2.00  critical output 'mux_804_1' @ ../hagent/dino/build/build_dualissue_d/PipelinedDualIssueCPU.sv:638
[pass.abc] region 'PipelinedDualIssueCPU__c6': uncacheable -- ambiguous boundary: two inputs the region uses identically
[pass.abc] region 'PipelinedDualIssueCPU__c6': 5 gates, area 15.01, delay 2.00  critical output 'mux_832_1' @ ../hagent/dino/build/build_dualissue_d/PipelinedDualIssueCPU.sv:642
[pass.abc] region 'PipelinedDualIssueCPU__c7': uncacheable -- ambiguous boundary: two inputs the region uses identically
[pass.abc] region 'PipelinedDualIssueCPU__c7': 5 gates, area 26.27, delay 2.00  critical output 'mux_860_1' @ ../hagent/dino/build/build_dualissue_d/PipelinedDualIssueCPU.sv:646
[pass.abc] region 'PipelinedDualIssueCPU__c8': uncacheable -- ambiguous boundary: two inputs the region uses identically
[pass.abc] region 'PipelinedDualIssueCPU__c8': 67 gates, area 13.76, delay 2.00  critical output 'mux_912_1' @ ../hagent/dino/build/build_dualissue_d/PipelinedDualIssueCPU.sv:650
[pass.abc] region 'PipelinedDualIssueCPU__c9': 2 gates, area 3.75, delay 1.00  critical output 'get_mask_16_1' @ ../hagent/dino/build/build_dualissue_d/PipelinedDualIssueCPU.sv:2
[pass.abc] region 'PipelinedDualIssueCPU__c10': 2 gates, area 3.75, delay 1.00  critical output 'get_mask_20_1' @ ../hagent/dino/build/build_dualissue_d/PipelinedDualIssueCPU.sv:2
[pass.abc] region 'PipelinedDualIssueCPU__c11': 65 gates, area 240.00, delay 1.00  critical output 'get_mask_40_1' @ ../hagent/dino/build/build_dualissue_d/PipelinedDualIssueCPU.sv:2
[pass.abc] region 'PipelinedDualIssueCPU__c12': 263 gates, area 982.50, delay 1.00  critical output 'issueUnit_5' @ ../hagent/dino/build/build_dualissue_d/PipelinedDualIssueCPU.sv:246
[pass.abc] region 'PipelinedDualIssueCPU__c13': uncacheable -- ambiguous boundary: two inputs the region uses identically
[pass.abc] region 'PipelinedDualIssueCPU__c13': 560 gates, area 1605.04, delay 2.00  critical output 'registers_12' @ ../hagent/dino/build/build_dualissue_d/PipelinedDualIssueCPU.sv:256
[pass.abc] region 'PipelinedDualIssueCPU__c14': 202 gates, area 750.00, delay 1.00  critical output 'pipeA_if_id_8' @ ../hagent/dino/build/build_dualissue_d/PipelinedDualIssueCPU.sv:414
[pass.abc] region 'PipelinedDualIssueCPU__c15': 33 gates, area 120.00, delay 1.00  critical output 'get_mask_496_1' @ ../hagent/dino/build/build_dualissue_d/PipelinedDualIssueCPU.sv:414
[pass.abc] region 'PipelinedDualIssueCPU__c16': 290 gates, area 1419.56, delay 21.00  critical output 'pipeB_if_id_8' @ ../hagent/dino/build/build_dualissue_d/PipelinedDualIssueCPU.sv:426
[pass.abc] region 'PipelinedDualIssueCPU__c17': cache hit -- 33 gates, area 120.00, delay 1.00
[pass.abc] region 'PipelinedDualIssueCPU__c18': uncacheable -- ambiguous boundary: two inputs the region uses identically
[pass.abc] region 'PipelinedDualIssueCPU__c18': 653 gates, area 2433.75, delay 1.00  critical output 'pipeA_id_ex_10' @ ../hagent/dino/build/build_dualissue_d/PipelinedDualIssueCPU.sv:438
[pass.abc] region 'PipelinedDualIssueCPU__c19': 65 gates, area 240.00, delay 1.00  critical output 'get_mask_536_1' @ ../hagent/dino/build/build_dualissue_d/PipelinedDualIssueCPU.sv:438
[pass.abc] region 'PipelinedDualIssueCPU__c20': cache hit -- 65 gates, area 240.00, delay 1.00
[pass.abc] region 'PipelinedDualIssueCPU__c21': cache hit -- 65 gates, area 240.00, delay 1.00
[pass.abc] region 'PipelinedDualIssueCPU__c22': uncacheable -- ambiguous boundary: two inputs the region uses identically
[pass.abc] region 'PipelinedDualIssueCPU__c22': 653 gates, area 2433.75, delay 1.00  critical output 'pipeB_id_ex_10' @ ../hagent/dino/build/build_dualissue_d/PipelinedDualIssueCPU.sv:455
[pass.abc] region 'PipelinedDualIssueCPU__c23': cache hit -- 65 gates, area 240.00, delay 1.00
[pass.abc] region 'PipelinedDualIssueCPU__c24': cache hit -- 65 gates, area 240.00, delay 1.00
[pass.abc] region 'PipelinedDualIssueCPU__c25': cache hit -- 65 gates, area 240.00, delay 1.00
[pass.abc] region 'PipelinedDualIssueCPU__c26': uncacheable -- ambiguous boundary: two inputs the region uses identically
[pass.abc] region 'PipelinedDualIssueCPU__c26': 36 gates, area 123.75, delay 1.00  critical output 'pipeA_id_ex_ctrl_15' @ ../hagent/dino/build/build_dualissue_d/PipelinedDualIssueCPU.sv:472
[pass.abc] region 'PipelinedDualIssueCPU__c27': 3 gates, area 7.50, delay 1.00  critical output 'get_mask_584_1' @ ../hagent/dino/build/build_dualissue_d/PipelinedDualIssueCPU.sv:2
[pass.abc] region 'PipelinedDualIssueCPU__c28': uncacheable -- ambiguous boundary: two inputs the region uses identically
[pass.abc] region 'PipelinedDualIssueCPU__c28': 36 gates, area 123.75, delay 1.00  critical output 'pipeB_id_ex_ctrl_15' @ ../hagent/dino/build/build_dualissue_d/PipelinedDualIssueCPU.sv:499
[pass.abc] region 'PipelinedDualIssueCPU__c29': cache hit -- 3 gates, area 7.50, delay 1.00
[pass.abc] region 'PipelinedDualIssueCPU__c30': 14 gates, area 52.50, delay 1.00  critical output 'pipeA_ex_mem_ctrl_7' @ ../hagent/dino/build/build_dualissue_d/PipelinedDualIssueCPU.sv:566
[pass.abc] region 'PipelinedDualIssueCPU__c31': cache hit -- 3 gates, area 7.50, delay 1.00
[pass.abc] region 'PipelinedDualIssueCPU__c32': 14 gates, area 52.50, delay 1.00  critical output 'pipeB_ex_mem_ctrl_7' @ ../hagent/dino/build/build_dualissue_d/PipelinedDualIssueCPU.sv:577
[pass.abc] region 'PipelinedDualIssueCPU__c33': cache hit -- 3 gates, area 7.50, delay 1.00
[pass.abc] region 'PipelinedDualIssueCPU__c34': 391 gates, area 1466.25, delay 1.00  critical output 'pipeA_mem_wb_6' @ ../hagent/dino/build/build_dualissue_d/PipelinedDualIssueCPU.sv:588
[pass.abc] region 'PipelinedDualIssueCPU__c35': cache hit -- 65 gates, area 240.00, delay 1.00
[pass.abc] region 'PipelinedDualIssueCPU__c36': 391 gates, area 1466.25, delay 1.00  critical output 'pipeB_mem_wb_6' @ ../hagent/dino/build/build_dualissue_d/PipelinedDualIssueCPU.sv:598
[pass.abc] region 'PipelinedDualIssueCPU__c37': cache hit -- 65 gates, area 240.00, delay 1.00
[pass.abc] region 'PipelinedDualIssueCPU__c38': 9 gates, area 33.75, delay 1.00  critical output 'pipeA_mem_wb_ctrl_5' @ ../hagent/dino/build/build_dualissue_d/PipelinedDualIssueCPU.sv:608
[pass.abc] region 'PipelinedDualIssueCPU__c39': 9 gates, area 33.75, delay 1.00  critical output 'pipeB_mem_wb_ctrl_5' @ ../hagent/dino/build/build_dualissue_d/PipelinedDualIssueCPU.sv:616
[pass.abc] region 'PipelinedDualIssueCPU__c40': cache hit -- 2 gates, area 6.26, delay 1.00
[pass.abc] region 'PipelinedDualIssueCPU__c41': uncacheable -- ambiguous boundary: two inputs the region uses identically
[pass.abc] region 'PipelinedDualIssueCPU__c41': 688 gates, area 3975.09, delay 2.00  critical output 'pipeA_ex_mem_10' @ ../hagent/dino/build/build_dualissue_d/PipelinedDualIssueCPU.sv:526
[pass.abc] region 'PipelinedDualIssueCPU__c42': cache hit -- 65 gates, area 240.00, delay 1.00
[pass.abc] region 'PipelinedDualIssueCPU__c43': cache hit -- 65 gates, area 240.00, delay 1.00
[pass.abc] region 'PipelinedDualIssueCPU__c44': cache hit -- 65 gates, area 240.00, delay 1.00
[pass.abc] region 'PipelinedDualIssueCPU__c45': uncacheable -- ambiguous boundary: two inputs the region uses identically
[pass.abc] region 'PipelinedDualIssueCPU__c45': 689 gates, area 3978.84, delay 2.00  critical output 'pipeB_ex_mem_10' @ ../hagent/dino/build/build_dualissue_d/PipelinedDualIssueCPU.sv:546
[pass.abc] region 'PipelinedDualIssueCPU__c46': cache hit -- 65 gates, area 240.00, delay 1.00
[pass.abc] region 'PipelinedDualIssueCPU__c47': cache hit -- 65 gates, area 240.00, delay 1.00
[pass.abc] region 'PipelinedDualIssueCPU__c48': cache hit -- 65 gates, area 240.00, delay 1.00
[pass.abc] region 'PipelinedDualIssueCPU__c49': 33 gates, area 120.00, delay 1.00  critical output 'get_mask_1780_1' @ ../hagent/dino/build/build_dualissue_d/PipelinedDualIssueCPU.sv:87
[pass.abc] region 'PipelinedDualIssueCPU__c50': cache hit -- 33 gates, area 120.00, delay 1.00
[pass.abc] region 'PipelinedDualIssueCPU__c51': 2 gates, area 3.75, delay 1.00  critical output 'get_mask_1816_1' @ ../hagent/dino/build/build_dualissue_d/PipelinedDualIssueCPU.sv:26
[pass.abc] region 'PipelinedDualIssueCPU__c52': cache hit -- 2 gates, area 3.75, delay 1.00
[pass.abc] region 'PipelinedDualIssueCPU__c53': 65 gates, area 240.00, delay 1.00  critical output 'get_mask_1860_1' @ ../hagent/dino/build/build_dualissue_d/PipelinedDualIssueCPU.sv:49
[pass.abc] region 'PipelinedDualIssueCPU__c54': cache hit -- 2 gates, area 3.75, delay 1.00
[pass.abc] region 'PipelinedDualIssueCPU__c55': cache hit -- 65 gates, area 240.00, delay 1.00
[pass.abc] region 'PipelinedDualIssueCPU__c56': cache hit -- 2 gates, area 3.75, delay 1.00
[pass.abc] region 'PipelinedDualIssueCPU__c57': 3 gates, area 7.50, delay 1.00  critical output 'get_mask_1876_1' @ ../hagent/dino/build/build_dualissue_d/PipelinedDualIssueCPU.sv:69
[pass.abc] region 'PipelinedDualIssueCPU__c58': cache hit -- 3 gates, area 7.50, delay 1.00
[pass.abc] region 'PipelinedDualIssueCPU__c59': cache hit -- 65 gates, area 240.00, delay 1.00
[pass.abc] region 'PipelinedDualIssueCPU__c60': cache hit -- 65 gates, area 240.00, delay 1.00
[pass.abc] region 'PipelinedDualIssueCPU__c61': cache hit -- 2 gates, area 3.75, delay 1.00
[pass.abc] region 'PipelinedDualIssueCPU__c62': cache hit -- 65 gates, area 240.00, delay 1.00
[pass.abc] region 'PipelinedDualIssueCPU__c63': cache hit -- 65 gates, area 240.00, delay 1.00
[pass.abc] region 'PipelinedDualIssueCPU__c64': 22 gates, area 78.75, delay 1.00  critical output 'pipeA_control_2' @ ../hagent/dino/build/build_dualissue_d/PipelinedDualIssueCPU.sv:277
[pass.abc] region 'PipelinedDualIssueCPU__c65': 22 gates, area 78.75, delay 1.00  critical output 'pipeB_control_2' @ ../hagent/dino/build/build_dualissue_d/PipelinedDualIssueCPU.sv:291
[pass.abc] region 'PipelinedDualIssueCPU__c66': uncacheable -- ambiguous boundary: two inputs the region uses identically
[pass.abc] region 'PipelinedDualIssueCPU__c66': 68 gates, area 225.00, delay 1.00  critical output 'forwarding_13' @ ../hagent/dino/build/build_dualissue_d/PipelinedDualIssueCPU.sv:378
[pass.abc] region 'PipelinedDualIssueCPU__c67': cache hit -- 2 gates, area 6.26, delay 1.00
[pass.abc] region 'PipelinedDualIssueCPU__c68': 4 gates, area 11.25, delay 1.00  critical output 'get_mask_408_1' @ ../hagent/dino/build/build_dualissue_d/PipelinedDualIssueCPU.sv:378
[pass.abc] region 'PipelinedDualIssueCPU__c69': cache hit -- 4 gates, area 11.25, delay 1.00
[pass.abc] region 'PipelinedDualIssueCPU__c70': cache hit -- 4 gates, area 11.25, delay 1.00
[pass.abc] region 'PipelinedDualIssueCPU__c71': cache hit -- 4 gates, area 11.25, delay 1.00
[pass.abc] region 'PipelinedDualIssueCPU__c72': uncacheable -- ambiguous boundary: two inputs the region uses identically
[pass.abc] region 'PipelinedDualIssueCPU__c72': 66 gates, area 720.64, delay 1.00  critical output 'mux_84_1' @ ../hagent/dino/build/build_dualissue_d/PipelinedDualIssueCPU.sv:2
[pass.abc] region 'PipelinedDualIssueCPU__c73': uncacheable -- ambiguous boundary: two inputs the region uses identically
[pass.abc] region 'PipelinedDualIssueCPU__c73': 66 gates, area 720.64, delay 1.00  critical output 'mux_116_1' @ ../hagent/dino/build/build_dualissue_d/PipelinedDualIssueCPU.sv:2
[pass.abc] region 'PipelinedDualIssueCPU__c74': uncacheable -- ambiguous boundary: two inputs the region uses identically
[pass.abc] region 'PipelinedDualIssueCPU__c74': 178 gates, area 157.52, delay 1.00  critical output 'hazard_11' @ ../hagent/dino/build/build_dualissue_d/PipelinedDualIssueCPU.sv:396
[pass.abc] region 'PipelinedDualIssueCPU__c75': 68 gates, area 579.41, delay 2.00  critical output 'mux_1244_1' @ ../hagent/dino/build/build_dualissue_d/PipelinedDualIssueCPU.sv:236
[pass.abc] region 'PipelinedDualIssueCPU__c76': cache hit -- 2 gates, area 8.76, delay 1.00
[pass.abc] region 'PipelinedDualIssueCPU__c77': cache hit -- 2 gates, area 8.76, delay 1.00
[pass.abc] region 'PipelinedDualIssueCPU__c78': cache hit -- 2 gates, area 10.01, delay 1.00
[pass.abc] region 'PipelinedDualIssueCPU__c79': cache hit -- 2 gates, area 8.76, delay 1.00
[pass.abc] region 'PipelinedDualIssueCPU__c80': cache hit -- 2 gates, area 10.01, delay 1.00
[pass.abc] region 'PipelinedDualIssueCPU__c81': cache hit -- 2 gates, area 10.01, delay 1.00
[pass.abc] region 'PipelinedDualIssueCPU__c82': cache hit -- 2 gates, area 6.26, delay 1.00
[pass.abc] region 'PipelinedDualIssueCPU__c83': cache hit -- 2 gates, area 8.76, delay 1.00
[pass.abc] region 'PipelinedDualIssueCPU__c84': cache hit -- 2 gates, area 8.76, delay 1.00
[pass.abc] region 'PipelinedDualIssueCPU__c85': cache hit -- 2 gates, area 10.01, delay 1.00
[pass.abc] region 'PipelinedDualIssueCPU__c86': cache hit -- 2 gates, area 8.76, delay 1.00
[pass.abc] region 'PipelinedDualIssueCPU__c87': cache hit -- 2 gates, area 10.01, delay 1.00
[pass.abc] region 'PipelinedDualIssueCPU__c88': cache hit -- 2 gates, area 10.01, delay 1.00
[pass.abc] region 'PipelinedDualIssueCPU__c89': cache hit -- 2 gates, area 6.26, delay 1.00
[pass.abc] region 'PipelinedDualIssueCPU__c90': cache hit -- 2 gates, area 8.76, delay 1.00
[pass.abc] region 'PipelinedDualIssueCPU__c91': cache hit -- 2 gates, area 8.76, delay 1.00
[pass.abc] region 'PipelinedDualIssueCPU__c92': cache hit -- 2 gates, area 10.01, delay 1.00
[pass.abc] region 'PipelinedDualIssueCPU__c93': cache hit -- 2 gates, area 8.76, delay 1.00
[pass.abc] region 'PipelinedDualIssueCPU__c94': cache hit -- 2 gates, area 10.01, delay 1.00
[pass.abc] region 'PipelinedDualIssueCPU__c95': cache hit -- 2 gates, area 10.01, delay 1.00
[pass.abc] region 'PipelinedDualIssueCPU__c96': cache hit -- 2 gates, area 6.26, delay 1.00
[pass.abc] region 'PipelinedDualIssueCPU__c97': cache hit -- 2 gates, area 8.76, delay 1.00
[pass.abc] region 'PipelinedDualIssueCPU__c98': cache hit -- 2 gates, area 8.76, delay 1.00
[pass.abc] region 'PipelinedDualIssueCPU__c99': cache hit -- 2 gates, area 10.01, delay 1.00
[pass.abc] region 'PipelinedDualIssueCPU__c100': cache hit -- 2 gates, area 8.76, delay 1.00
[pass.abc] region 'PipelinedDualIssueCPU__c101': cache hit -- 2 gates, area 10.01, delay 1.00
[pass.abc] region 'PipelinedDualIssueCPU__c102': cache hit -- 2 gates, area 10.01, delay 1.00
[pass.abc] region 'PipelinedDualIssueCPU__c103': cache hit -- 2 gates, area 6.26, delay 1.00
[pass.abc] region 'PipelinedDualIssueCPU__c104': 2 gates, area 3.75, delay 1.00  critical output 'eq_1216_1' @ ../hagent/dino/build/build_dualissue_d/PipelinedDualIssueCPU.sv:234
[pass.abc] region 'PipelinedDualIssueCPU__c105': cache hit -- 2 gates, area 3.75, delay 1.00
[pass.abc] region 'PipelinedDualIssueCPU__c106': cache hit -- 0 gates, area 0.00, delay -1000000000.00
[pass.abc] region 'PipelinedDualIssueCPU__c107': 2 gates, area 3.75, delay 1.00  critical output 'eq_1256_1' @ ../hagent/dino/build/build_dualissue_d/PipelinedDualIssueCPU.sv:236
Warning: The current network has no primary outputs. Some commands may not work correctly.
Warning: The current GIA has no primary outputs. Some commands may not work correctly.
Warning: The current GIA has no primary outputs. Some commands may not work correctly.
Warning: The current network has no primary outputs. Some commands may not work correctly.
Warning: The current GIA has no primary outputs. Some commands may not work correctly.
Warning: The current GIA has no primary outputs. Some commands may not work correctly.
Warning: The current GIA has no primary outputs. Some commands may not work correctly.
Warning: The current GIA has no primary outputs. Some commands may not work correctly.
Warning: The current network has no primary outputs. Some commands may not work correctly.
[pass.abc] region 'PipelinedDualIssueCPU__c108': 0 gates, area 0.00, delay -1000000000.00
Warning: The current network has no primary outputs. Some commands may not work correctly.
Warning: The current GIA has no primary outputs. Some commands may not work correctly.
Warning: The current GIA has no primary outputs. Some commands may not work correctly.
Warning: The current network has no primary outputs. Some commands may not work correctly.
Warning: The current GIA has no primary outputs. Some commands may not work correctly.
Warning: The current GIA has no primary outputs. Some commands may not work correctly.
Warning: The current GIA has no primary outputs. Some commands may not work correctly.
Warning: The current GIA has no primary outputs. Some commands may not work correctly.
Warning: The current network has no primary outputs. Some commands may not work correctly.
[pass.abc] region 'PipelinedDualIssueCPU__c109': 0 gates, area 0.00, delay -1000000000.00
[pass.abc] region 'PipelinedDualIssueCPU__c110': cache hit -- 0 gates, area 0.00, delay -1000000000.00
Warning: The current network has no primary outputs. Some commands may not work correctly.
Warning: The current GIA has no primary outputs. Some commands may not work correctly.
Warning: The current GIA has no primary outputs. Some commands may not work correctly.
Warning: The current network has no primary outputs. Some commands may not work correctly.
Warning: The current GIA has no primary outputs. Some commands may not work correctly.
Warning: The current GIA has no primary outputs. Some commands may not work correctly.
Warning: The current GIA has no primary outputs. Some commands may not work correctly.
Warning: The current GIA has no primary outputs. Some commands may not work correctly.
Warning: The current network has no primary outputs. Some commands may not work correctly.
[pass.abc] region 'PipelinedDualIssueCPU__c111': 0 gates, area 0.00, delay -1000000000.00
Warning: The current network has no primary outputs. Some commands may not work correctly.
Warning: The current GIA has no primary outputs. Some commands may not work correctly.
Warning: The current GIA has no primary outputs. Some commands may not work correctly.
Warning: The current network has no primary outputs. Some commands may not work correctly.
Warning: The current GIA has no primary outputs. Some commands may not work correctly.
Warning: The current GIA has no primary outputs. Some commands may not work correctly.
Warning: The current GIA has no primary outputs. Some commands may not work correctly.
Warning: The current GIA has no primary outputs. Some commands may not work correctly.
Warning: The current network has no primary outputs. Some commands may not work correctly.
[pass.abc] region 'PipelinedDualIssueCPU__c112': 0 gates, area 0.00, delay -1000000000.00
[pass.abc] region 'PipelinedDualIssueCPU__c113': cache hit -- 0 gates, area 0.00, delay -1000000000.00
[pass.abc] region 'PipelinedDualIssueCPU__c114': cache hit -- 0 gates, area 0.00, delay -1000000000.00
[pass.abc] region 'PipelinedDualIssueCPU__c115': cache hit -- 0 gates, area 0.00, delay -1000000000.00
[pass.abc] region 'PipelinedDualIssueCPU__c116': 201 gates, area 1412.59, delay 3.00  critical output 'hotmux_984_1' @ ../hagent/dino/build/build_dualissue_d/PipelinedDualIssueCPU.sv:143
[pass.abc] region 'PipelinedDualIssueCPU__c117': cache hit -- 201 gates, area 1412.59, delay 3.00
[pass.abc] region 'PipelinedDualIssueCPU__c118': 201 gates, area 1412.59, delay 3.00  critical output 'hotmux_1128_1' @ ../hagent/dino/build/build_dualissue_d/PipelinedDualIssueCPU.sv:185
[pass.abc] region 'PipelinedDualIssueCPU__c119': cache hit -- 201 gates, area 1412.59, delay 3.00
[pass.abc] region 'PipelinedDualIssueCPU__c120': uncacheable -- ambiguous boundary: two inputs the region uses identically
[pass.abc] region 'PipelinedDualIssueCPU__c120': 342 gates, area 3197.62, delay 1.00  critical output 'nextPCmod_9' @ ../hagent/dino/build/build_dualissue_d/PipelinedDualIssueCPU.sv:353
[pass.abc] region 'PipelinedDualIssueCPU__c121': cache hit -- 65 gates, area 240.00, delay 1.00
pass.abc cache: 766 hit(s), 353 miss(es), 304 stored, 49 uncacheable (dino_chisel_wd_2/abc_cache)
pass.abc qor: 1119 region(s), 67445 gates, area 318048.42, max delay 67.00 (region 'ALU__c1' output 'hotmux_3464_1' @ ../hagent/dino/build/build_dualissue_d/ALU.sv:17)
