Library "sky130_fd_sc_hd__tt_025C_1v80" from "/mada/users/mtmosher/chisel-poseidon2/synth_test/sky130_fd_sc_hd__tt_025C_1v80.lib" has 324 cells (104 skipped: 63 seq; 13 tri-state; 18 no func; 0 dont_use; 10 with 2 outputs; 0 with 3+ outputs).  Time =     0.15 sec
[pass.abc] region 'DualIssueIssueUnit.DualIssueIssueUnit__c1': 68 gates, area 579.41, delay 2.00  critical output 'mux_732_1' @ ./dino_prp/DualIssueIssueUnit.prp:61
[pass.abc] region 'DualIssueIssueUnit.DualIssueIssueUnit__c2': 36 gates, area 296.59, delay 2.00  critical output 'mux_784_1' @ ./dino_prp/DualIssueIssueUnit.prp:64
[pass.abc] region 'DualIssueIssueUnit.DualIssueIssueUnit__c3': 38 gates, area 220.31, delay 2.00  critical output 'mux_816_1' @ ./dino_prp/DualIssueIssueUnit.prp:69
[pass.abc] region 'DualIssueIssueUnit.DualIssueIssueUnit__c4': uncacheable -- ambiguous boundary: two inputs the region uses identically
[pass.abc] region 'DualIssueIssueUnit.DualIssueIssueUnit__c4': 66 gates, area 413.16, delay 1.00  critical output 'and_820_1' @ ./dino_prp/DualIssueIssueUnit.prp:73
[pass.abc] region 'DualIssueIssueUnit.DualIssueIssueUnit__c5': 65 gates, area 240.00, delay 1.00  critical output 'get_mask_24_1' @ ./dino_prp/DualIssueIssueUnit.prp:1
[pass.abc] region 'DualIssueIssueUnit.DualIssueIssueUnit__c6': 65 gates, area 240.00, delay 1.00  critical output 'get_mask_28_1' @ ./dino_prp/DualIssueIssueUnit.prp:1
[pass.abc] region 'DualIssueIssueUnit.DualIssueIssueUnit__c7': 65 gates, area 11.25, delay 1.00  critical output 'and_32_1' @ ./dino_prp/DualIssueIssueUnit.prp:16
[pass.abc] region 'DualIssueIssueUnit.DualIssueIssueUnit__c8': 68 gates, area 17.52, delay 2.00  critical output 'mux_44_1' @ ./dino_prp/DualIssueIssueUnit.prp:17
[pass.abc] region 'DualIssueIssueUnit.DualIssueIssueUnit__c9': 68 gates, area 18.77, delay 2.00  critical output 'mux_56_1' @ ./dino_prp/DualIssueIssueUnit.prp:19
[pass.abc] region 'DualIssueIssueUnit.DualIssueIssueUnit__c10': 68 gates, area 16.27, delay 2.00  critical output 'mux_68_1' @ ./dino_prp/DualIssueIssueUnit.prp:21
[pass.abc] region 'DualIssueIssueUnit.DualIssueIssueUnit__c11': 68 gates, area 15.01, delay 2.00  critical output 'mux_80_1' @ ./dino_prp/DualIssueIssueUnit.prp:23
[pass.abc] region 'DualIssueIssueUnit.DualIssueIssueUnit__c12': 67 gates, area 17.52, delay 2.00  critical output 'mux_92_1' @ ./dino_prp/DualIssueIssueUnit.prp:25
[pass.abc] region 'DualIssueIssueUnit.DualIssueIssueUnit__c13': 68 gates, area 15.01, delay 2.00  critical output 'mux_104_1' @ ./dino_prp/DualIssueIssueUnit.prp:27
[pass.abc] region 'DualIssueIssueUnit.DualIssueIssueUnit__c14': 68 gates, area 17.51, delay 2.00  critical output 'mux_116_1' @ ./dino_prp/DualIssueIssueUnit.prp:29
[pass.abc] region 'DualIssueIssueUnit.DualIssueIssueUnit__c15': 68 gates, area 17.51, delay 2.00  critical output 'mux_128_1' @ ./dino_prp/DualIssueIssueUnit.prp:31
[pass.abc] region 'DualIssueIssueUnit.DualIssueIssueUnit__c16': 67 gates, area 17.52, delay 2.00  critical output 'mux_140_1' @ ./dino_prp/DualIssueIssueUnit.prp:32
[pass.abc] region 'DualIssueIssueUnit.DualIssueIssueUnit__c17': 68 gates, area 18.77, delay 2.00  critical output 'mux_156_1' @ ./dino_prp/DualIssueIssueUnit.prp:34
[pass.abc] region 'DualIssueIssueUnit.DualIssueIssueUnit__c18': 68 gates, area 17.52, delay 2.00  critical output 'mux_168_1' @ ./dino_prp/DualIssueIssueUnit.prp:35
[pass.abc] region 'DualIssueIssueUnit.DualIssueIssueUnit__c19': 66 gates, area 10.01, delay 1.00  critical output 'mux_188_1' @ ./dino_prp/DualIssueIssueUnit.prp:37
[pass.abc] region 'DualIssueIssueUnit.DualIssueIssueUnit__c20': uncacheable -- ambiguous boundary: two inputs the region uses identically
[pass.abc] region 'DualIssueIssueUnit.DualIssueIssueUnit__c20': 102 gates, area 246.47, delay 5.00  critical output 'or_644_1' @ ./dino_prp/DualIssueIssueUnit.prp:59
[pass.abc] region 'DualIssueIssueUnit.DualIssueIssueUnit__c21': 24 gates, area 140.20, delay 4.00  critical output 'eq_652_1' @ ./dino_prp/DualIssueIssueUnit.prp:60
[pass.abc] region 'DualIssueIssueUnit.DualIssueIssueUnit__c22': 153 gates, area 919.57, delay 21.00  critical output 'sum_656_1' @ ./dino_prp/DualIssueIssueUnit.prp:60
[pass.abc] region 'DualIssueIssueUnit.DualIssueIssueUnit__c23': 65 gates, area 240.00, delay 1.00  critical output 'get_mask_664_1' @ ./dino_prp/DualIssueIssueUnit.prp:60
[pass.abc] region 'DualIssueIssueUnit.DualIssueIssueUnit__c24': 149 gates, area 915.85, delay 22.00  critical output 'sum_668_1' @ ./dino_prp/DualIssueIssueUnit.prp:60
[pass.abc] region 'DualIssueIssueUnit.DualIssueIssueUnit__c25': cache hit -- 65 gates, area 240.00, delay 1.00
Warning: The current network has no primary outputs. Some commands may not work correctly.
Warning: The current GIA has no primary outputs. Some commands may not work correctly.
Warning: The current GIA has no primary outputs. Some commands may not work correctly.
Warning: The current network has no primary outputs. Some commands may not work correctly.
Warning: The current GIA has no primary outputs. Some commands may not work correctly.
Warning: The current GIA has no primary outputs. Some commands may not work correctly.
Warning: The current GIA has no primary outputs. Some commands may not work correctly.
Warning: The current GIA has no primary outputs. Some commands may not work correctly.
Warning: The current network has no primary outputs. Some commands may not work correctly.
[pass.abc] region 'DualIssueIssueUnit.DualIssueIssueUnit__c26': 0 gates, area 0.00, delay -1000000000.00
Warning: The current network has no primary outputs. Some commands may not work correctly.
Warning: The current GIA has no primary outputs. Some commands may not work correctly.
Warning: The current GIA has no primary outputs. Some commands may not work correctly.
Warning: The current network has no primary outputs. Some commands may not work correctly.
Warning: The current GIA has no primary outputs. Some commands may not work correctly.
Warning: The current GIA has no primary outputs. Some commands may not work correctly.
Warning: The current GIA has no primary outputs. Some commands may not work correctly.
Warning: The current GIA has no primary outputs. Some commands may not work correctly.
Warning: The current network has no primary outputs. Some commands may not work correctly.
[pass.abc] region 'DualIssueIssueUnit.DualIssueIssueUnit__c27': 0 gates, area 0.00, delay -1000000000.00
Warning: The current network has no primary outputs. Some commands may not work correctly.
Warning: The current GIA has no primary outputs. Some commands may not work correctly.
Warning: The current GIA has no primary outputs. Some commands may not work correctly.
Warning: The current network has no primary outputs. Some commands may not work correctly.
Warning: The current GIA has no primary outputs. Some commands may not work correctly.
Warning: The current GIA has no primary outputs. Some commands may not work correctly.
Warning: The current GIA has no primary outputs. Some commands may not work correctly.
Warning: The current GIA has no primary outputs. Some commands may not work correctly.
Warning: The current network has no primary outputs. Some commands may not work correctly.
[pass.abc] region 'DualIssueIssueUnit.DualIssueIssueUnit__c28': 0 gates, area 0.00, delay -1000000000.00
Warning: The current network has no primary outputs. Some commands may not work correctly.
Warning: The current GIA has no primary outputs. Some commands may not work correctly.
Warning: The current GIA has no primary outputs. Some commands may not work correctly.
Warning: The current network has no primary outputs. Some commands may not work correctly.
Warning: The current GIA has no primary outputs. Some commands may not work correctly.
Warning: The current GIA has no primary outputs. Some commands may not work correctly.
Warning: The current GIA has no primary outputs. Some commands may not work correctly.
Warning: The current GIA has no primary outputs. Some commands may not work correctly.
Warning: The current network has no primary outputs. Some commands may not work correctly.
[pass.abc] region 'DualIssueIssueUnit.DualIssueIssueUnit__c29': 0 gates, area 0.00, delay -1000000000.00
Warning: The current network has no primary outputs. Some commands may not work correctly.
Warning: The current GIA has no primary outputs. Some commands may not work correctly.
Warning: The current GIA has no primary outputs. Some commands may not work correctly.
Warning: The current network has no primary outputs. Some commands may not work correctly.
Warning: The current GIA has no primary outputs. Some commands may not work correctly.
Warning: The current GIA has no primary outputs. Some commands may not work correctly.
Warning: The current GIA has no primary outputs. Some commands may not work correctly.
Warning: The current GIA has no primary outputs. Some commands may not work correctly.
Warning: The current network has no primary outputs. Some commands may not work correctly.
[pass.abc] region 'DualIssueIssueUnit.DualIssueIssueUnit__c30': 0 gates, area 0.00, delay -1000000000.00
Warning: The current network has no primary outputs. Some commands may not work correctly.
Warning: The current GIA has no primary outputs. Some commands may not work correctly.
Warning: The current GIA has no primary outputs. Some commands may not work correctly.
Warning: The current network has no primary outputs. Some commands may not work correctly.
Warning: The current GIA has no primary outputs. Some commands may not work correctly.
Warning: The current GIA has no primary outputs. Some commands may not work correctly.
Warning: The current GIA has no primary outputs. Some commands may not work correctly.
Warning: The current GIA has no primary outputs. Some commands may not work correctly.
Warning: The current network has no primary outputs. Some commands may not work correctly.
[pass.abc] region 'DualIssueIssueUnit.DualIssueIssueUnit__c31': 0 gates, area 0.00, delay -1000000000.00
[pass.abc] region 'DualIssueIssueUnit.DualIssueIssueUnit__c32': cache hit -- 24 gates, area 140.20, delay 4.00
[pass.abc] region 'DualIssueIssueUnit.DualIssueIssueUnit__c33': 67 gates, area 570.65, delay 2.00  critical output 'get_mask_716_1' @ ./dino_prp/DualIssueIssueUnit.prp:61
[pass.abc] region 'DualIssueIssueUnit.DualIssueIssueUnit__c34': cache hit -- 149 gates, area 915.85, delay 22.00
[pass.abc] region 'DualIssueIssueUnit.DualIssueIssueUnit__c35': cache hit -- 65 gates, area 240.00, delay 1.00
[pass.abc] region 'DualIssueIssueUnit.DualIssueIssueUnit__c36': cache hit -- 0 gates, area 0.00, delay -1000000000.00
[pass.abc] region 'DualIssueIssueUnit.DualIssueIssueUnit__c37': cache hit -- 0 gates, area 0.00, delay -1000000000.00
[pass.abc] region 'DualIssueIssueUnit.DualIssueIssueUnit__c38': cache hit -- 0 gates, area 0.00, delay -1000000000.00
[pass.abc] region 'DualIssueIssueUnit.DualIssueIssueUnit__c39': cache hit -- 0 gates, area 0.00, delay -1000000000.00
[pass.abc] region 'DualIssueIssueUnit.DualIssueIssueUnit__c40': cache hit -- 24 gates, area 140.20, delay 4.00
[pass.abc] region 'DualIssueIssueUnit.DualIssueIssueUnit__c41': 33 gates, area 120.00, delay 1.00  critical output 'get_mask_772_1' @ ./dino_prp/DualIssueIssueUnit.prp:65
Warning: The current network has no primary outputs. Some commands may not work correctly.
Warning: The current GIA has no primary outputs. Some commands may not work correctly.
Warning: The current GIA has no primary outputs. Some commands may not work correctly.
Warning: The current network has no primary outputs. Some commands may not work correctly.
Warning: The current GIA has no primary outputs. Some commands may not work correctly.
Warning: The current GIA has no primary outputs. Some commands may not work correctly.
Warning: The current GIA has no primary outputs. Some commands may not work correctly.
Warning: The current GIA has no primary outputs. Some commands may not work correctly.
Warning: The current network has no primary outputs. Some commands may not work correctly.
[pass.abc] region 'DualIssueIssueUnit.DualIssueIssueUnit__c42': 0 gates, area 0.00, delay -1000000000.00
Warning: The current network has no primary outputs. Some commands may not work correctly.
Warning: The current GIA has no primary outputs. Some commands may not work correctly.
Warning: The current GIA has no primary outputs. Some commands may not work correctly.
Warning: The current network has no primary outputs. Some commands may not work correctly.
Warning: The current GIA has no primary outputs. Some commands may not work correctly.
Warning: The current GIA has no primary outputs. Some commands may not work correctly.
Warning: The current GIA has no primary outputs. Some commands may not work correctly.
Warning: The current GIA has no primary outputs. Some commands may not work correctly.
Warning: The current network has no primary outputs. Some commands may not work correctly.
[pass.abc] region 'DualIssueIssueUnit.DualIssueIssueUnit__c43': 0 gates, area 0.00, delay -1000000000.00
[pass.abc] region 'DualIssueIssueUnit.DualIssueIssueUnit__c44': uncacheable -- ambiguous boundary: two inputs the region uses identically
[pass.abc] region 'DualIssueIssueUnit.DualIssueIssueUnit__c44': 43 gates, area 324.12, delay 5.00  critical output 'eq_796_1' @ ./dino_prp/DualIssueIssueUnit.prp:69
[pass.abc] region 'DualIssueIssueUnit.DualIssueIssueUnit__c45': 33 gates, area 120.00, delay 1.00  critical output 'get_mask_804_1' @ ./dino_prp/DualIssueIssueUnit.prp:70
Warning: The current network has no primary outputs. Some commands may not work correctly.
Warning: The current GIA has no primary outputs. Some commands may not work correctly.
Warning: The current GIA has no primary outputs. Some commands may not work correctly.
Warning: The current network has no primary outputs. Some commands may not work correctly.
Warning: The current GIA has no primary outputs. Some commands may not work correctly.
Warning: The current GIA has no primary outputs. Some commands may not work correctly.
Warning: The current GIA has no primary outputs. Some commands may not work correctly.
Warning: The current GIA has no primary outputs. Some commands may not work correctly.
Warning: The current network has no primary outputs. Some commands may not work correctly.
[pass.abc] region 'DualIssueIssueUnit.DualIssueIssueUnit__c46': 0 gates, area 0.00, delay -1000000000.00
[pass.abc] region 'DualIssueIssueUnit.DualIssueIssueUnit__c47': cache hit -- 0 gates, area 0.00, delay -1000000000.00
[pass.abc] region 'DualIssueRegisterFile.DualIssueRegisterFile__c1': 2806 gates, area 14781.60, delay 4.00  critical output 'hotmux_448_1' @ ./dino_prp/DualIssueRegisterFile.prp:102
[pass.abc] region 'DualIssueRegisterFile.DualIssueRegisterFile__c2': cache hit -- 2806 gates, area 14781.60, delay 4.00
[pass.abc] region 'DualIssueRegisterFile.DualIssueRegisterFile__c3': cache hit -- 2806 gates, area 14781.60, delay 4.00
[pass.abc] region 'DualIssueRegisterFile.DualIssueRegisterFile__c4': cache hit -- 2806 gates, area 14781.60, delay 4.00
[pass.abc] region 'DualIssueRegisterFile.DualIssueRegisterFile__c5': 6 gates, area 18.75, delay 1.00  critical output 'get_mask_20_1' @ ./dino_prp/DualIssueRegisterFile.prp:1
[pass.abc] region 'DualIssueRegisterFile.DualIssueRegisterFile__c6': 6 gates, area 18.75, delay 1.00  critical output 'get_mask_24_1' @ ./dino_prp/DualIssueRegisterFile.prp:1
[pass.abc] region 'DualIssueRegisterFile.DualIssueRegisterFile__c7': 6 gates, area 18.75, delay 1.00  critical output 'get_mask_28_1' @ ./dino_prp/DualIssueRegisterFile.prp:1
[pass.abc] region 'DualIssueRegisterFile.DualIssueRegisterFile__c8': 65 gates, area 240.00, delay 1.00  critical output 'get_mask_32_1' @ ./dino_prp/DualIssueRegisterFile.prp:1
[pass.abc] region 'DualIssueRegisterFile.DualIssueRegisterFile__c9': 2 gates, area 3.75, delay 1.00  critical output 'get_mask_36_1' @ ./dino_prp/DualIssueRegisterFile.prp:1
[pass.abc] region 'DualIssueRegisterFile.DualIssueRegisterFile__c10': 6 gates, area 18.75, delay 1.00  critical output 'get_mask_40_1' @ ./dino_prp/DualIssueRegisterFile.prp:1
[pass.abc] region 'DualIssueRegisterFile.DualIssueRegisterFile__c11': 6 gates, area 18.75, delay 1.00  critical output 'get_mask_44_1' @ ./dino_prp/DualIssueRegisterFile.prp:1
[pass.abc] region 'DualIssueRegisterFile.DualIssueRegisterFile__c12': 6 gates, area 18.75, delay 1.00  critical output 'get_mask_48_1' @ ./dino_prp/DualIssueRegisterFile.prp:1
[pass.abc] region 'DualIssueRegisterFile.DualIssueRegisterFile__c13': 65 gates, area 240.00, delay 1.00  critical output 'get_mask_52_1' @ ./dino_prp/DualIssueRegisterFile.prp:1
[pass.abc] region 'DualIssueRegisterFile.DualIssueRegisterFile__c14': 2 gates, area 3.75, delay 1.00  critical output 'get_mask_56_1' @ ./dino_prp/DualIssueRegisterFile.prp:1
Warning: 65 registers in this network have don't-care init values.
The don't-care are assumed to be 0. The result may not verify.
Use command "print_latch" to see the init values of registers.
Use command "zero" to convert or "init" to change the values.
[pass.abc] region 'DualIssueRegisterFile.DualIssueRegisterFile__c15': 594 gates, area 3635.82, delay 4.00  critical output 'regs_0_o' @ ./dino_prp/DualIssueRegisterFile.prp:70
Warning: 65 registers in this network have don't-care init values.
The don't-care are assumed to be 0. The result may not verify.
Use command "print_latch" to see the init values of registers.
Use command "zero" to convert or "init" to change the values.
[pass.abc] region 'DualIssueRegisterFile.DualIssueRegisterFile__c16': 594 gates, area 3635.82, delay 4.00  critical output 'regs_1_o' @ ./dino_prp/DualIssueRegisterFile.prp:71
Warning: 65 registers in this network have don't-care init values.
The don't-care are assumed to be 0. The result may not verify.
Use command "print_latch" to see the init values of registers.
Use command "zero" to convert or "init" to change the values.
[pass.abc] region 'DualIssueRegisterFile.DualIssueRegisterFile__c17': 594 gates, area 3635.82, delay 4.00  critical output 'regs_2_o' @ ./dino_prp/DualIssueRegisterFile.prp:72
Warning: 65 registers in this network have don't-care init values.
The don't-care are assumed to be 0. The result may not verify.
Use command "print_latch" to see the init values of registers.
Use command "zero" to convert or "init" to change the values.
[pass.abc] region 'DualIssueRegisterFile.DualIssueRegisterFile__c18': 594 gates, area 3635.82, delay 4.00  critical output 'regs_3_o' @ ./dino_prp/DualIssueRegisterFile.prp:73
Warning: 65 registers in this network have don't-care init values.
The don't-care are assumed to be 0. The result may not verify.
Use command "print_latch" to see the init values of registers.
Use command "zero" to convert or "init" to change the values.
[pass.abc] region 'DualIssueRegisterFile.DualIssueRegisterFile__c19': 594 gates, area 3635.82, delay 4.00  critical output 'regs_4_o' @ ./dino_prp/DualIssueRegisterFile.prp:74
Warning: 65 registers in this network have don't-care init values.
The don't-care are assumed to be 0. The result may not verify.
Use command "print_latch" to see the init values of registers.
Use command "zero" to convert or "init" to change the values.
[pass.abc] region 'DualIssueRegisterFile.DualIssueRegisterFile__c20': 594 gates, area 3635.82, delay 4.00  critical output 'regs_5_o' @ ./dino_prp/DualIssueRegisterFile.prp:75
Warning: 65 registers in this network have don't-care init values.
The don't-care are assumed to be 0. The result may not verify.
Use command "print_latch" to see the init values of registers.
Use command "zero" to convert or "init" to change the values.
[pass.abc] region 'DualIssueRegisterFile.DualIssueRegisterFile__c21': 594 gates, area 3635.82, delay 4.00  critical output 'regs_6_o' @ ./dino_prp/DualIssueRegisterFile.prp:76
Warning: 65 registers in this network have don't-care init values.
The don't-care are assumed to be 0. The result may not verify.
Use command "print_latch" to see the init values of registers.
Use command "zero" to convert or "init" to change the values.
[pass.abc] region 'DualIssueRegisterFile.DualIssueRegisterFile__c22': 594 gates, area 3635.82, delay 4.00  critical output 'regs_7_o' @ ./dino_prp/DualIssueRegisterFile.prp:77
Warning: 65 registers in this network have don't-care init values.
The don't-care are assumed to be 0. The result may not verify.
Use command "print_latch" to see the init values of registers.
Use command "zero" to convert or "init" to change the values.
[pass.abc] region 'DualIssueRegisterFile.DualIssueRegisterFile__c23': 594 gates, area 3635.82, delay 4.00  critical output 'regs_8_o' @ ./dino_prp/DualIssueRegisterFile.prp:78
Warning: 65 registers in this network have don't-care init values.
The don't-care are assumed to be 0. The result may not verify.
Use command "print_latch" to see the init values of registers.
Use command "zero" to convert or "init" to change the values.
[pass.abc] region 'DualIssueRegisterFile.DualIssueRegisterFile__c24': 594 gates, area 3635.82, delay 4.00  critical output 'regs_9_o' @ ./dino_prp/DualIssueRegisterFile.prp:79
Warning: 65 registers in this network have don't-care init values.
The don't-care are assumed to be 0. The result may not verify.
Use command "print_latch" to see the init values of registers.
Use command "zero" to convert or "init" to change the values.
[pass.abc] region 'DualIssueRegisterFile.DualIssueRegisterFile__c25': 594 gates, area 3635.82, delay 4.00  critical output 'regs_10_o' @ ./dino_prp/DualIssueRegisterFile.prp:80
Warning: 65 registers in this network have don't-care init values.
The don't-care are assumed to be 0. The result may not verify.
Use command "print_latch" to see the init values of registers.
Use command "zero" to convert or "init" to change the values.
[pass.abc] region 'DualIssueRegisterFile.DualIssueRegisterFile__c26': 594 gates, area 3635.82, delay 4.00  critical output 'regs_11_o' @ ./dino_prp/DualIssueRegisterFile.prp:81
Warning: 65 registers in this network have don't-care init values.
The don't-care are assumed to be 0. The result may not verify.
Use command "print_latch" to see the init values of registers.
Use command "zero" to convert or "init" to change the values.
[pass.abc] region 'DualIssueRegisterFile.DualIssueRegisterFile__c27': 594 gates, area 3635.82, delay 4.00  critical output 'regs_12_o' @ ./dino_prp/DualIssueRegisterFile.prp:82
Warning: 65 registers in this network have don't-care init values.
The don't-care are assumed to be 0. The result may not verify.
Use command "print_latch" to see the init values of registers.
Use command "zero" to convert or "init" to change the values.
[pass.abc] region 'DualIssueRegisterFile.DualIssueRegisterFile__c28': 594 gates, area 3635.82, delay 4.00  critical output 'regs_13_o' @ ./dino_prp/DualIssueRegisterFile.prp:83
Warning: 65 registers in this network have don't-care init values.
The don't-care are assumed to be 0. The result may not verify.
Use command "print_latch" to see the init values of registers.
Use command "zero" to convert or "init" to change the values.
[pass.abc] region 'DualIssueRegisterFile.DualIssueRegisterFile__c29': 594 gates, area 3635.82, delay 4.00  critical output 'regs_14_o' @ ./dino_prp/DualIssueRegisterFile.prp:84
Warning: 65 registers in this network have don't-care init values.
The don't-care are assumed to be 0. The result may not verify.
Use command "print_latch" to see the init values of registers.
Use command "zero" to convert or "init" to change the values.
[pass.abc] region 'DualIssueRegisterFile.DualIssueRegisterFile__c30': 594 gates, area 3635.82, delay 4.00  critical output 'regs_15_o' @ ./dino_prp/DualIssueRegisterFile.prp:85
Warning: 65 registers in this network have don't-care init values.
The don't-care are assumed to be 0. The result may not verify.
Use command "print_latch" to see the init values of registers.
Use command "zero" to convert or "init" to change the values.
[pass.abc] region 'DualIssueRegisterFile.DualIssueRegisterFile__c31': 594 gates, area 3635.82, delay 4.00  critical output 'regs_16_o' @ ./dino_prp/DualIssueRegisterFile.prp:86
Warning: 65 registers in this network have don't-care init values.
The don't-care are assumed to be 0. The result may not verify.
Use command "print_latch" to see the init values of registers.
Use command "zero" to convert or "init" to change the values.
[pass.abc] region 'DualIssueRegisterFile.DualIssueRegisterFile__c32': 594 gates, area 3635.82, delay 4.00  critical output 'regs_17_o' @ ./dino_prp/DualIssueRegisterFile.prp:87
Warning: 65 registers in this network have don't-care init values.
The don't-care are assumed to be 0. The result may not verify.
Use command "print_latch" to see the init values of registers.
Use command "zero" to convert or "init" to change the values.
[pass.abc] region 'DualIssueRegisterFile.DualIssueRegisterFile__c33': 594 gates, area 3635.82, delay 4.00  critical output 'regs_18_o' @ ./dino_prp/DualIssueRegisterFile.prp:88
Warning: 65 registers in this network have don't-care init values.
The don't-care are assumed to be 0. The result may not verify.
Use command "print_latch" to see the init values of registers.
Use command "zero" to convert or "init" to change the values.
[pass.abc] region 'DualIssueRegisterFile.DualIssueRegisterFile__c34': 594 gates, area 3635.82, delay 4.00  critical output 'regs_19_o' @ ./dino_prp/DualIssueRegisterFile.prp:89
Warning: 65 registers in this network have don't-care init values.
The don't-care are assumed to be 0. The result may not verify.
Use command "print_latch" to see the init values of registers.
Use command "zero" to convert or "init" to change the values.
[pass.abc] region 'DualIssueRegisterFile.DualIssueRegisterFile__c35': 594 gates, area 3635.82, delay 4.00  critical output 'regs_20_o' @ ./dino_prp/DualIssueRegisterFile.prp:90
Warning: 65 registers in this network have don't-care init values.
The don't-care are assumed to be 0. The result may not verify.
Use command "print_latch" to see the init values of registers.
Use command "zero" to convert or "init" to change the values.
[pass.abc] region 'DualIssueRegisterFile.DualIssueRegisterFile__c36': 594 gates, area 3635.82, delay 4.00  critical output 'regs_21_o' @ ./dino_prp/DualIssueRegisterFile.prp:91
Warning: 65 registers in this network have don't-care init values.
The don't-care are assumed to be 0. The result may not verify.
Use command "print_latch" to see the init values of registers.
Use command "zero" to convert or "init" to change the values.
[pass.abc] region 'DualIssueRegisterFile.DualIssueRegisterFile__c37': 594 gates, area 3635.82, delay 4.00  critical output 'regs_22_o' @ ./dino_prp/DualIssueRegisterFile.prp:92
Warning: 65 registers in this network have don't-care init values.
The don't-care are assumed to be 0. The result may not verify.
Use command "print_latch" to see the init values of registers.
Use command "zero" to convert or "init" to change the values.
[pass.abc] region 'DualIssueRegisterFile.DualIssueRegisterFile__c38': 594 gates, area 3635.82, delay 4.00  critical output 'regs_23_o' @ ./dino_prp/DualIssueRegisterFile.prp:93
Warning: 65 registers in this network have don't-care init values.
The don't-care are assumed to be 0. The result may not verify.
Use command "print_latch" to see the init values of registers.
Use command "zero" to convert or "init" to change the values.
[pass.abc] region 'DualIssueRegisterFile.DualIssueRegisterFile__c39': 594 gates, area 3635.82, delay 4.00  critical output 'regs_24_o' @ ./dino_prp/DualIssueRegisterFile.prp:94
Warning: 65 registers in this network have don't-care init values.
The don't-care are assumed to be 0. The result may not verify.
Use command "print_latch" to see the init values of registers.
Use command "zero" to convert or "init" to change the values.
[pass.abc] region 'DualIssueRegisterFile.DualIssueRegisterFile__c40': 594 gates, area 3635.82, delay 4.00  critical output 'regs_25_o' @ ./dino_prp/DualIssueRegisterFile.prp:95
Warning: 65 registers in this network have don't-care init values.
The don't-care are assumed to be 0. The result may not verify.
Use command "print_latch" to see the init values of registers.
Use command "zero" to convert or "init" to change the values.
[pass.abc] region 'DualIssueRegisterFile.DualIssueRegisterFile__c41': 594 gates, area 3635.82, delay 4.00  critical output 'regs_26_o' @ ./dino_prp/DualIssueRegisterFile.prp:96
Warning: 65 registers in this network have don't-care init values.
The don't-care are assumed to be 0. The result may not verify.
Use command "print_latch" to see the init values of registers.
Use command "zero" to convert or "init" to change the values.
[pass.abc] region 'DualIssueRegisterFile.DualIssueRegisterFile__c42': 594 gates, area 3635.82, delay 4.00  critical output 'regs_27_o' @ ./dino_prp/DualIssueRegisterFile.prp:97
Warning: 65 registers in this network have don't-care init values.
The don't-care are assumed to be 0. The result may not verify.
Use command "print_latch" to see the init values of registers.
Use command "zero" to convert or "init" to change the values.
[pass.abc] region 'DualIssueRegisterFile.DualIssueRegisterFile__c43': 594 gates, area 3635.82, delay 4.00  critical output 'regs_28_o' @ ./dino_prp/DualIssueRegisterFile.prp:98
Warning: 65 registers in this network have don't-care init values.
The don't-care are assumed to be 0. The result may not verify.
Use command "print_latch" to see the init values of registers.
Use command "zero" to convert or "init" to change the values.
[pass.abc] region 'DualIssueRegisterFile.DualIssueRegisterFile__c44': 594 gates, area 3635.82, delay 4.00  critical output 'regs_29_o' @ ./dino_prp/DualIssueRegisterFile.prp:99
Warning: 65 registers in this network have don't-care init values.
The don't-care are assumed to be 0. The result may not verify.
Use command "print_latch" to see the init values of registers.
Use command "zero" to convert or "init" to change the values.
[pass.abc] region 'DualIssueRegisterFile.DualIssueRegisterFile__c45': 594 gates, area 3635.82, delay 4.00  critical output 'regs_30_o' @ ./dino_prp/DualIssueRegisterFile.prp:100
Warning: 65 registers in this network have don't-care init values.
The don't-care are assumed to be 0. The result may not verify.
Use command "print_latch" to see the init values of registers.
Use command "zero" to convert or "init" to change the values.
[pass.abc] region 'DualIssueRegisterFile.DualIssueRegisterFile__c46': 594 gates, area 3635.82, delay 4.00  critical output 'regs_31_o' @ ./dino_prp/DualIssueRegisterFile.prp:101
[pass.abc] region 'DualIssueRegisterFile.DualIssueRegisterFile__c47': 3 gates, area 15.01, delay 2.00  critical output 'eq_188_1' @ ./dino_prp/DualIssueRegisterFile.prp:102
[pass.abc] region 'DualIssueRegisterFile.DualIssueRegisterFile__c48': 3 gates, area 15.01, delay 2.00  critical output 'eq_192_1' @ ./dino_prp/DualIssueRegisterFile.prp:102
[pass.abc] region 'DualIssueRegisterFile.DualIssueRegisterFile__c49': 3 gates, area 12.52, delay 2.00  critical output 'eq_196_1' @ ./dino_prp/DualIssueRegisterFile.prp:102
[pass.abc] region 'DualIssueRegisterFile.DualIssueRegisterFile__c50': 3 gates, area 15.01, delay 2.00  critical output 'eq_200_1' @ ./dino_prp/DualIssueRegisterFile.prp:102
[pass.abc] region 'DualIssueRegisterFile.DualIssueRegisterFile__c51': 3 gates, area 13.77, delay 2.00  critical output 'eq_204_1' @ ./dino_prp/DualIssueRegisterFile.prp:102
[pass.abc] region 'DualIssueRegisterFile.DualIssueRegisterFile__c52': 3 gates, area 13.77, delay 2.00  critical output 'eq_208_1' @ ./dino_prp/DualIssueRegisterFile.prp:102
[pass.abc] region 'DualIssueRegisterFile.DualIssueRegisterFile__c53': 3 gates, area 11.26, delay 2.00  critical output 'eq_212_1' @ ./dino_prp/DualIssueRegisterFile.prp:102
[pass.abc] region 'DualIssueRegisterFile.DualIssueRegisterFile__c54': 3 gates, area 15.01, delay 2.00  critical output 'eq_216_1' @ ./dino_prp/DualIssueRegisterFile.prp:102
[pass.abc] region 'DualIssueRegisterFile.DualIssueRegisterFile__c55': 3 gates, area 16.26, delay 2.00  critical output 'eq_220_1' @ ./dino_prp/DualIssueRegisterFile.prp:102
[pass.abc] region 'DualIssueRegisterFile.DualIssueRegisterFile__c56': 3 gates, area 16.26, delay 2.00  critical output 'eq_224_1' @ ./dino_prp/DualIssueRegisterFile.prp:102
[pass.abc] region 'DualIssueRegisterFile.DualIssueRegisterFile__c57': 3 gates, area 13.76, delay 2.00  critical output 'eq_228_1' @ ./dino_prp/DualIssueRegisterFile.prp:102
[pass.abc] region 'DualIssueRegisterFile.DualIssueRegisterFile__c58': 3 gates, area 16.26, delay 2.00  critical output 'eq_232_1' @ ./dino_prp/DualIssueRegisterFile.prp:102
[pass.abc] region 'DualIssueRegisterFile.DualIssueRegisterFile__c59': 3 gates, area 13.76, delay 2.00  critical output 'eq_236_1' @ ./dino_prp/DualIssueRegisterFile.prp:102
[pass.abc] region 'DualIssueRegisterFile.DualIssueRegisterFile__c60': 3 gates, area 13.76, delay 2.00  critical output 'eq_240_1' @ ./dino_prp/DualIssueRegisterFile.prp:102
[pass.abc] region 'DualIssueRegisterFile.DualIssueRegisterFile__c61': 3 gates, area 11.26, delay 2.00  critical output 'eq_244_1' @ ./dino_prp/DualIssueRegisterFile.prp:102
[pass.abc] region 'DualIssueRegisterFile.DualIssueRegisterFile__c62': 3 gates, area 15.01, delay 2.00  critical output 'eq_248_1' @ ./dino_prp/DualIssueRegisterFile.prp:102
[pass.abc] region 'DualIssueRegisterFile.DualIssueRegisterFile__c63': 3 gates, area 16.26, delay 2.00  critical output 'eq_252_1' @ ./dino_prp/DualIssueRegisterFile.prp:102
[pass.abc] region 'DualIssueRegisterFile.DualIssueRegisterFile__c64': 3 gates, area 16.26, delay 2.00  critical output 'eq_256_1' @ ./dino_prp/DualIssueRegisterFile.prp:102
[pass.abc] region 'DualIssueRegisterFile.DualIssueRegisterFile__c65': 3 gates, area 13.76, delay 2.00  critical output 'eq_260_1' @ ./dino_prp/DualIssueRegisterFile.prp:102
[pass.abc] region 'DualIssueRegisterFile.DualIssueRegisterFile__c66': 3 gates, area 16.26, delay 2.00  critical output 'eq_264_1' @ ./dino_prp/DualIssueRegisterFile.prp:102
[pass.abc] region 'DualIssueRegisterFile.DualIssueRegisterFile__c67': 3 gates, area 13.76, delay 2.00  critical output 'eq_268_1' @ ./dino_prp/DualIssueRegisterFile.prp:102
[pass.abc] region 'DualIssueRegisterFile.DualIssueRegisterFile__c68': 3 gates, area 13.76, delay 2.00  critical output 'eq_272_1' @ ./dino_prp/DualIssueRegisterFile.prp:102
[pass.abc] region 'DualIssueRegisterFile.DualIssueRegisterFile__c69': 3 gates, area 11.26, delay 2.00  critical output 'eq_276_1' @ ./dino_prp/DualIssueRegisterFile.prp:102
[pass.abc] region 'DualIssueRegisterFile.DualIssueRegisterFile__c70': 3 gates, area 15.01, delay 2.00  critical output 'eq_280_1' @ ./dino_prp/DualIssueRegisterFile.prp:102
[pass.abc] region 'DualIssueRegisterFile.DualIssueRegisterFile__c71': 3 gates, area 13.76, delay 2.00  critical output 'eq_284_1' @ ./dino_prp/DualIssueRegisterFile.prp:102
[pass.abc] region 'DualIssueRegisterFile.DualIssueRegisterFile__c72': 3 gates, area 13.76, delay 2.00  critical output 'eq_288_1' @ ./dino_prp/DualIssueRegisterFile.prp:102
[pass.abc] region 'DualIssueRegisterFile.DualIssueRegisterFile__c73': 3 gates, area 11.26, delay 2.00  critical output 'eq_292_1' @ ./dino_prp/DualIssueRegisterFile.prp:102
[pass.abc] region 'DualIssueRegisterFile.DualIssueRegisterFile__c74': 3 gates, area 13.76, delay 2.00  critical output 'eq_296_1' @ ./dino_prp/DualIssueRegisterFile.prp:102
[pass.abc] region 'DualIssueRegisterFile.DualIssueRegisterFile__c75': 3 gates, area 16.27, delay 2.00  critical output 'eq_300_1' @ ./dino_prp/DualIssueRegisterFile.prp:102
[pass.abc] region 'DualIssueRegisterFile.DualIssueRegisterFile__c76': 3 gates, area 16.27, delay 2.00  critical output 'eq_304_1' @ ./dino_prp/DualIssueRegisterFile.prp:102
[pass.abc] region 'DualIssueRegisterFile.DualIssueRegisterFile__c77': 3 gates, area 12.51, delay 2.00  critical output 'eq_308_1' @ ./dino_prp/DualIssueRegisterFile.prp:102
[pass.abc] region 'DualIssueRegisterFile.DualIssueRegisterFile__c78': cache hit -- 3 gates, area 15.01, delay 2.00
[pass.abc] region 'DualIssueRegisterFile.DualIssueRegisterFile__c79': cache hit -- 3 gates, area 15.01, delay 2.00
[pass.abc] region 'DualIssueRegisterFile.DualIssueRegisterFile__c80': cache hit -- 3 gates, area 12.52, delay 2.00
[pass.abc] region 'DualIssueRegisterFile.DualIssueRegisterFile__c81': cache hit -- 3 gates, area 15.01, delay 2.00
[pass.abc] region 'DualIssueRegisterFile.DualIssueRegisterFile__c82': cache hit -- 3 gates, area 13.77, delay 2.00
[pass.abc] region 'DualIssueRegisterFile.DualIssueRegisterFile__c83': cache hit -- 3 gates, area 13.77, delay 2.00
[pass.abc] region 'DualIssueRegisterFile.DualIssueRegisterFile__c84': cache hit -- 3 gates, area 11.26, delay 2.00
[pass.abc] region 'DualIssueRegisterFile.DualIssueRegisterFile__c85': cache hit -- 3 gates, area 15.01, delay 2.00
[pass.abc] region 'DualIssueRegisterFile.DualIssueRegisterFile__c86': cache hit -- 3 gates, area 16.26, delay 2.00
[pass.abc] region 'DualIssueRegisterFile.DualIssueRegisterFile__c87': cache hit -- 3 gates, area 16.26, delay 2.00
[pass.abc] region 'DualIssueRegisterFile.DualIssueRegisterFile__c88': cache hit -- 3 gates, area 13.76, delay 2.00
[pass.abc] region 'DualIssueRegisterFile.DualIssueRegisterFile__c89': cache hit -- 3 gates, area 16.26, delay 2.00
[pass.abc] region 'DualIssueRegisterFile.DualIssueRegisterFile__c90': cache hit -- 3 gates, area 13.76, delay 2.00
[pass.abc] region 'DualIssueRegisterFile.DualIssueRegisterFile__c91': cache hit -- 3 gates, area 13.76, delay 2.00
[pass.abc] region 'DualIssueRegisterFile.DualIssueRegisterFile__c92': cache hit -- 3 gates, area 11.26, delay 2.00
[pass.abc] region 'DualIssueRegisterFile.DualIssueRegisterFile__c93': cache hit -- 3 gates, area 15.01, delay 2.00
[pass.abc] region 'DualIssueRegisterFile.DualIssueRegisterFile__c94': cache hit -- 3 gates, area 16.26, delay 2.00
[pass.abc] region 'DualIssueRegisterFile.DualIssueRegisterFile__c95': cache hit -- 3 gates, area 16.26, delay 2.00
[pass.abc] region 'DualIssueRegisterFile.DualIssueRegisterFile__c96': cache hit -- 3 gates, area 13.76, delay 2.00
[pass.abc] region 'DualIssueRegisterFile.DualIssueRegisterFile__c97': cache hit -- 3 gates, area 16.26, delay 2.00
[pass.abc] region 'DualIssueRegisterFile.DualIssueRegisterFile__c98': cache hit -- 3 gates, area 13.76, delay 2.00
[pass.abc] region 'DualIssueRegisterFile.DualIssueRegisterFile__c99': cache hit -- 3 gates, area 13.76, delay 2.00
[pass.abc] region 'DualIssueRegisterFile.DualIssueRegisterFile__c100': cache hit -- 3 gates, area 11.26, delay 2.00
[pass.abc] region 'DualIssueRegisterFile.DualIssueRegisterFile__c101': cache hit -- 3 gates, area 15.01, delay 2.00
[pass.abc] region 'DualIssueRegisterFile.DualIssueRegisterFile__c102': cache hit -- 3 gates, area 13.76, delay 2.00
[pass.abc] region 'DualIssueRegisterFile.DualIssueRegisterFile__c103': cache hit -- 3 gates, area 13.76, delay 2.00
[pass.abc] region 'DualIssueRegisterFile.DualIssueRegisterFile__c104': cache hit -- 3 gates, area 11.26, delay 2.00
[pass.abc] region 'DualIssueRegisterFile.DualIssueRegisterFile__c105': cache hit -- 3 gates, area 13.76, delay 2.00
[pass.abc] region 'DualIssueRegisterFile.DualIssueRegisterFile__c106': cache hit -- 3 gates, area 16.27, delay 2.00
[pass.abc] region 'DualIssueRegisterFile.DualIssueRegisterFile__c107': cache hit -- 3 gates, area 16.27, delay 2.00
[pass.abc] region 'DualIssueRegisterFile.DualIssueRegisterFile__c108': cache hit -- 3 gates, area 12.51, delay 2.00
[pass.abc] region 'DualIssueRegisterFile.DualIssueRegisterFile__c109': cache hit -- 3 gates, area 15.01, delay 2.00
[pass.abc] region 'DualIssueRegisterFile.DualIssueRegisterFile__c110': cache hit -- 3 gates, area 15.01, delay 2.00
[pass.abc] region 'DualIssueRegisterFile.DualIssueRegisterFile__c111': cache hit -- 3 gates, area 12.52, delay 2.00
[pass.abc] region 'DualIssueRegisterFile.DualIssueRegisterFile__c112': cache hit -- 3 gates, area 15.01, delay 2.00
[pass.abc] region 'DualIssueRegisterFile.DualIssueRegisterFile__c113': cache hit -- 3 gates, area 13.77, delay 2.00
[pass.abc] region 'DualIssueRegisterFile.DualIssueRegisterFile__c114': cache hit -- 3 gates, area 13.77, delay 2.00
[pass.abc] region 'DualIssueRegisterFile.DualIssueRegisterFile__c115': cache hit -- 3 gates, area 11.26, delay 2.00
[pass.abc] region 'DualIssueRegisterFile.DualIssueRegisterFile__c116': cache hit -- 3 gates, area 15.01, delay 2.00
[pass.abc] region 'DualIssueRegisterFile.DualIssueRegisterFile__c117': cache hit -- 3 gates, area 16.26, delay 2.00
[pass.abc] region 'DualIssueRegisterFile.DualIssueRegisterFile__c118': cache hit -- 3 gates, area 16.26, delay 2.00
[pass.abc] region 'DualIssueRegisterFile.DualIssueRegisterFile__c119': cache hit -- 3 gates, area 13.76, delay 2.00
[pass.abc] region 'DualIssueRegisterFile.DualIssueRegisterFile__c120': cache hit -- 3 gates, area 16.26, delay 2.00
[pass.abc] region 'DualIssueRegisterFile.DualIssueRegisterFile__c121': cache hit -- 3 gates, area 13.76, delay 2.00
[pass.abc] region 'DualIssueRegisterFile.DualIssueRegisterFile__c122': cache hit -- 3 gates, area 13.76, delay 2.00
[pass.abc] region 'DualIssueRegisterFile.DualIssueRegisterFile__c123': cache hit -- 3 gates, area 11.26, delay 2.00
[pass.abc] region 'DualIssueRegisterFile.DualIssueRegisterFile__c124': cache hit -- 3 gates, area 15.01, delay 2.00
[pass.abc] region 'DualIssueRegisterFile.DualIssueRegisterFile__c125': cache hit -- 3 gates, area 16.26, delay 2.00
[pass.abc] region 'DualIssueRegisterFile.DualIssueRegisterFile__c126': cache hit -- 3 gates, area 16.26, delay 2.00
[pass.abc] region 'DualIssueRegisterFile.DualIssueRegisterFile__c127': cache hit -- 3 gates, area 13.76, delay 2.00
[pass.abc] region 'DualIssueRegisterFile.DualIssueRegisterFile__c128': cache hit -- 3 gates, area 16.26, delay 2.00
[pass.abc] region 'DualIssueRegisterFile.DualIssueRegisterFile__c129': cache hit -- 3 gates, area 13.76, delay 2.00
[pass.abc] region 'DualIssueRegisterFile.DualIssueRegisterFile__c130': cache hit -- 3 gates, area 13.76, delay 2.00
[pass.abc] region 'DualIssueRegisterFile.DualIssueRegisterFile__c131': cache hit -- 3 gates, area 11.26, delay 2.00
[pass.abc] region 'DualIssueRegisterFile.DualIssueRegisterFile__c132': cache hit -- 3 gates, area 15.01, delay 2.00
[pass.abc] region 'DualIssueRegisterFile.DualIssueRegisterFile__c133': cache hit -- 3 gates, area 13.76, delay 2.00
[pass.abc] region 'DualIssueRegisterFile.DualIssueRegisterFile__c134': cache hit -- 3 gates, area 13.76, delay 2.00
[pass.abc] region 'DualIssueRegisterFile.DualIssueRegisterFile__c135': cache hit -- 3 gates, area 11.26, delay 2.00
[pass.abc] region 'DualIssueRegisterFile.DualIssueRegisterFile__c136': cache hit -- 3 gates, area 13.76, delay 2.00
[pass.abc] region 'DualIssueRegisterFile.DualIssueRegisterFile__c137': cache hit -- 3 gates, area 16.27, delay 2.00
[pass.abc] region 'DualIssueRegisterFile.DualIssueRegisterFile__c138': cache hit -- 3 gates, area 16.27, delay 2.00
[pass.abc] region 'DualIssueRegisterFile.DualIssueRegisterFile__c139': cache hit -- 3 gates, area 12.51, delay 2.00
[pass.abc] region 'DualIssueRegisterFile.DualIssueRegisterFile__c140': cache hit -- 3 gates, area 15.01, delay 2.00
[pass.abc] region 'DualIssueRegisterFile.DualIssueRegisterFile__c141': cache hit -- 3 gates, area 15.01, delay 2.00
[pass.abc] region 'DualIssueRegisterFile.DualIssueRegisterFile__c142': cache hit -- 3 gates, area 12.52, delay 2.00
[pass.abc] region 'DualIssueRegisterFile.DualIssueRegisterFile__c143': cache hit -- 3 gates, area 15.01, delay 2.00
[pass.abc] region 'DualIssueRegisterFile.DualIssueRegisterFile__c144': cache hit -- 3 gates, area 13.77, delay 2.00
[pass.abc] region 'DualIssueRegisterFile.DualIssueRegisterFile__c145': cache hit -- 3 gates, area 13.77, delay 2.00
[pass.abc] region 'DualIssueRegisterFile.DualIssueRegisterFile__c146': cache hit -- 3 gates, area 11.26, delay 2.00
[pass.abc] region 'DualIssueRegisterFile.DualIssueRegisterFile__c147': cache hit -- 3 gates, area 15.01, delay 2.00
[pass.abc] region 'DualIssueRegisterFile.DualIssueRegisterFile__c148': cache hit -- 3 gates, area 16.26, delay 2.00
[pass.abc] region 'DualIssueRegisterFile.DualIssueRegisterFile__c149': cache hit -- 3 gates, area 16.26, delay 2.00
[pass.abc] region 'DualIssueRegisterFile.DualIssueRegisterFile__c150': cache hit -- 3 gates, area 13.76, delay 2.00
[pass.abc] region 'DualIssueRegisterFile.DualIssueRegisterFile__c151': cache hit -- 3 gates, area 16.26, delay 2.00
[pass.abc] region 'DualIssueRegisterFile.DualIssueRegisterFile__c152': cache hit -- 3 gates, area 13.76, delay 2.00
[pass.abc] region 'DualIssueRegisterFile.DualIssueRegisterFile__c153': cache hit -- 3 gates, area 13.76, delay 2.00
[pass.abc] region 'DualIssueRegisterFile.DualIssueRegisterFile__c154': cache hit -- 3 gates, area 11.26, delay 2.00
[pass.abc] region 'DualIssueRegisterFile.DualIssueRegisterFile__c155': cache hit -- 3 gates, area 15.01, delay 2.00
[pass.abc] region 'DualIssueRegisterFile.DualIssueRegisterFile__c156': cache hit -- 3 gates, area 16.26, delay 2.00
[pass.abc] region 'DualIssueRegisterFile.DualIssueRegisterFile__c157': cache hit -- 3 gates, area 16.26, delay 2.00
[pass.abc] region 'DualIssueRegisterFile.DualIssueRegisterFile__c158': cache hit -- 3 gates, area 13.76, delay 2.00
[pass.abc] region 'DualIssueRegisterFile.DualIssueRegisterFile__c159': cache hit -- 3 gates, area 16.26, delay 2.00
[pass.abc] region 'DualIssueRegisterFile.DualIssueRegisterFile__c160': cache hit -- 3 gates, area 13.76, delay 2.00
[pass.abc] region 'DualIssueRegisterFile.DualIssueRegisterFile__c161': cache hit -- 3 gates, area 13.76, delay 2.00
[pass.abc] region 'DualIssueRegisterFile.DualIssueRegisterFile__c162': cache hit -- 3 gates, area 11.26, delay 2.00
[pass.abc] region 'DualIssueRegisterFile.DualIssueRegisterFile__c163': cache hit -- 3 gates, area 15.01, delay 2.00
[pass.abc] region 'DualIssueRegisterFile.DualIssueRegisterFile__c164': cache hit -- 3 gates, area 13.76, delay 2.00
[pass.abc] region 'DualIssueRegisterFile.DualIssueRegisterFile__c165': cache hit -- 3 gates, area 13.76, delay 2.00
[pass.abc] region 'DualIssueRegisterFile.DualIssueRegisterFile__c166': cache hit -- 3 gates, area 11.26, delay 2.00
[pass.abc] region 'DualIssueRegisterFile.DualIssueRegisterFile__c167': cache hit -- 3 gates, area 13.76, delay 2.00
[pass.abc] region 'DualIssueRegisterFile.DualIssueRegisterFile__c168': cache hit -- 3 gates, area 16.27, delay 2.00
[pass.abc] region 'DualIssueRegisterFile.DualIssueRegisterFile__c169': cache hit -- 3 gates, area 16.27, delay 2.00
[pass.abc] region 'DualIssueRegisterFile.DualIssueRegisterFile__c170': cache hit -- 3 gates, area 12.51, delay 2.00
[pass.abc] region 'DualIssueRegisterFile.DualIssueRegisterFile__c171': 67 gates, area 12.51, delay 2.00  critical output 'mux_1248_1' @ ./dino_prp/DualIssueRegisterFile.prp:366
[pass.abc] region 'DualIssueRegisterFile.DualIssueRegisterFile__c172': 67 gates, area 15.01, delay 2.00  critical output 'mux_1256_1' @ ./dino_prp/DualIssueRegisterFile.prp:368
[pass.abc] region 'DualIssueRegisterFile.DualIssueRegisterFile__c173': 67 gates, area 15.01, delay 2.00  critical output 'mux_1264_1' @ ./dino_prp/DualIssueRegisterFile.prp:370
[pass.abc] region 'DualIssueRegisterFile.DualIssueRegisterFile__c174': 67 gates, area 12.52, delay 2.00  critical output 'mux_1272_1' @ ./dino_prp/DualIssueRegisterFile.prp:372
[pass.abc] region 'DualIssueRegisterFile.DualIssueRegisterFile__c175': 67 gates, area 15.01, delay 2.00  critical output 'mux_1280_1' @ ./dino_prp/DualIssueRegisterFile.prp:374
[pass.abc] region 'DualIssueRegisterFile.DualIssueRegisterFile__c176': 67 gates, area 13.77, delay 2.00  critical output 'mux_1288_1' @ ./dino_prp/DualIssueRegisterFile.prp:376
[pass.abc] region 'DualIssueRegisterFile.DualIssueRegisterFile__c177': 67 gates, area 13.77, delay 2.00  critical output 'mux_1296_1' @ ./dino_prp/DualIssueRegisterFile.prp:378
[pass.abc] region 'DualIssueRegisterFile.DualIssueRegisterFile__c178': 67 gates, area 11.26, delay 2.00  critical output 'mux_1304_1' @ ./dino_prp/DualIssueRegisterFile.prp:380
[pass.abc] region 'DualIssueRegisterFile.DualIssueRegisterFile__c179': 67 gates, area 15.01, delay 2.00  critical output 'mux_1312_1' @ ./dino_prp/DualIssueRegisterFile.prp:382
[pass.abc] region 'DualIssueRegisterFile.DualIssueRegisterFile__c180': 67 gates, area 16.26, delay 2.00  critical output 'mux_1320_1' @ ./dino_prp/DualIssueRegisterFile.prp:384
[pass.abc] region 'DualIssueRegisterFile.DualIssueRegisterFile__c181': 67 gates, area 16.26, delay 2.00  critical output 'mux_1328_1' @ ./dino_prp/DualIssueRegisterFile.prp:386
[pass.abc] region 'DualIssueRegisterFile.DualIssueRegisterFile__c182': 67 gates, area 13.76, delay 2.00  critical output 'mux_1336_1' @ ./dino_prp/DualIssueRegisterFile.prp:388
[pass.abc] region 'DualIssueRegisterFile.DualIssueRegisterFile__c183': 67 gates, area 16.26, delay 2.00  critical output 'mux_1344_1' @ ./dino_prp/DualIssueRegisterFile.prp:390
[pass.abc] region 'DualIssueRegisterFile.DualIssueRegisterFile__c184': 67 gates, area 13.76, delay 2.00  critical output 'mux_1352_1' @ ./dino_prp/DualIssueRegisterFile.prp:392
[pass.abc] region 'DualIssueRegisterFile.DualIssueRegisterFile__c185': 67 gates, area 13.76, delay 2.00  critical output 'mux_1360_1' @ ./dino_prp/DualIssueRegisterFile.prp:394
[pass.abc] region 'DualIssueRegisterFile.DualIssueRegisterFile__c186': 67 gates, area 11.26, delay 2.00  critical output 'mux_1368_1' @ ./dino_prp/DualIssueRegisterFile.prp:396
[pass.abc] region 'DualIssueRegisterFile.DualIssueRegisterFile__c187': 67 gates, area 15.01, delay 2.00  critical output 'mux_1376_1' @ ./dino_prp/DualIssueRegisterFile.prp:398
[pass.abc] region 'DualIssueRegisterFile.DualIssueRegisterFile__c188': 67 gates, area 16.26, delay 2.00  critical output 'mux_1384_1' @ ./dino_prp/DualIssueRegisterFile.prp:400
[pass.abc] region 'DualIssueRegisterFile.DualIssueRegisterFile__c189': 67 gates, area 16.26, delay 2.00  critical output 'mux_1392_1' @ ./dino_prp/DualIssueRegisterFile.prp:402
[pass.abc] region 'DualIssueRegisterFile.DualIssueRegisterFile__c190': 67 gates, area 13.76, delay 2.00  critical output 'mux_1400_1' @ ./dino_prp/DualIssueRegisterFile.prp:404
[pass.abc] region 'DualIssueRegisterFile.DualIssueRegisterFile__c191': 67 gates, area 16.26, delay 2.00  critical output 'mux_1408_1' @ ./dino_prp/DualIssueRegisterFile.prp:406
[pass.abc] region 'DualIssueRegisterFile.DualIssueRegisterFile__c192': 67 gates, area 13.76, delay 2.00  critical output 'mux_1416_1' @ ./dino_prp/DualIssueRegisterFile.prp:408
[pass.abc] region 'DualIssueRegisterFile.DualIssueRegisterFile__c193': 67 gates, area 13.76, delay 2.00  critical output 'mux_1424_1' @ ./dino_prp/DualIssueRegisterFile.prp:410
[pass.abc] region 'DualIssueRegisterFile.DualIssueRegisterFile__c194': 67 gates, area 11.26, delay 2.00  critical output 'mux_1432_1' @ ./dino_prp/DualIssueRegisterFile.prp:412
[pass.abc] region 'DualIssueRegisterFile.DualIssueRegisterFile__c195': 67 gates, area 15.01, delay 2.00  critical output 'mux_1440_1' @ ./dino_prp/DualIssueRegisterFile.prp:414
[pass.abc] region 'DualIssueRegisterFile.DualIssueRegisterFile__c196': 67 gates, area 13.76, delay 2.00  critical output 'mux_1448_1' @ ./dino_prp/DualIssueRegisterFile.prp:416
[pass.abc] region 'DualIssueRegisterFile.DualIssueRegisterFile__c197': 67 gates, area 13.76, delay 2.00  critical output 'mux_1456_1' @ ./dino_prp/DualIssueRegisterFile.prp:418
[pass.abc] region 'DualIssueRegisterFile.DualIssueRegisterFile__c198': 67 gates, area 11.26, delay 2.00  critical output 'mux_1464_1' @ ./dino_prp/DualIssueRegisterFile.prp:420
[pass.abc] region 'DualIssueRegisterFile.DualIssueRegisterFile__c199': 67 gates, area 13.76, delay 2.00  critical output 'mux_1472_1' @ ./dino_prp/DualIssueRegisterFile.prp:422
[pass.abc] region 'DualIssueRegisterFile.DualIssueRegisterFile__c200': 67 gates, area 16.27, delay 2.00  critical output 'mux_1480_1' @ ./dino_prp/DualIssueRegisterFile.prp:424
[pass.abc] region 'DualIssueRegisterFile.DualIssueRegisterFile__c201': 67 gates, area 16.27, delay 2.00  critical output 'mux_1488_1' @ ./dino_prp/DualIssueRegisterFile.prp:426
[pass.abc] region 'DualIssueRegisterFile.DualIssueRegisterFile__c202': uncacheable -- ambiguous boundary: two inputs the region uses identically
[pass.abc] region 'DualIssueRegisterFile.DualIssueRegisterFile__c202': 11 gates, area 75.07, delay 3.00  critical output 'eq_1512_1' @ ./dino_prp/DualIssueRegisterFile.prp:429
[pass.abc] region 'DualIssueRegisterFile.DualIssueRegisterFile__c203': cache hit -- 24 gates, area 140.20, delay 4.00
[pass.abc] region 'DualIssueRegisterFile.DualIssueRegisterFile__c204': cache hit -- 24 gates, area 140.20, delay 4.00
[pass.abc] region 'DualIssueRegisterFile.DualIssueRegisterFile__c205': cache hit -- 24 gates, area 140.20, delay 4.00
[pass.abc] region 'DualIssueRegisterFile.DualIssueRegisterFile__c206': cache hit -- 24 gates, area 140.20, delay 4.00
[pass.abc] region 'DualIssueRegisterFile.DualIssueRegisterFile__c207': cache hit -- 24 gates, area 140.20, delay 4.00
[pass.abc] region 'DualIssueRegisterFile.DualIssueRegisterFile__c208': cache hit -- 24 gates, area 140.20, delay 4.00
[pass.abc] region 'DualIssueRegisterFile.DualIssueRegisterFile__c209': cache hit -- 24 gates, area 140.20, delay 4.00
[pass.abc] region 'DualIssueRegisterFile.DualIssueRegisterFile__c210': cache hit -- 24 gates, area 140.20, delay 4.00
[pass.abc] region 'DualIssueRegisterFile.DualIssueRegisterFile__c211': cache hit -- 24 gates, area 140.20, delay 4.00
[pass.abc] region 'DualIssueRegisterFile.DualIssueRegisterFile__c212': cache hit -- 24 gates, area 140.20, delay 4.00
[pass.abc] region 'DualIssueRegisterFile.DualIssueRegisterFile__c213': cache hit -- 24 gates, area 140.20, delay 4.00
[pass.abc] region 'DualIssueRegisterFile.DualIssueRegisterFile__c214': cache hit -- 24 gates, area 140.20, delay 4.00
[pass.abc] region 'DualIssueRegisterFile.DualIssueRegisterFile__c215': cache hit -- 24 gates, area 140.20, delay 4.00
[pass.abc] region 'DualIssueRegisterFile.DualIssueRegisterFile__c216': cache hit -- 24 gates, area 140.20, delay 4.00
[pass.abc] region 'DualIssueRegisterFile.DualIssueRegisterFile__c217': cache hit -- 24 gates, area 140.20, delay 4.00
[pass.abc] region 'DualIssueRegisterFile.DualIssueRegisterFile__c218': cache hit -- 24 gates, area 140.20, delay 4.00
[pass.abc] region 'DualIssueRegisterFile.DualIssueRegisterFile__c219': cache hit -- 24 gates, area 140.20, delay 4.00
[pass.abc] region 'DualIssueRegisterFile.DualIssueRegisterFile__c220': cache hit -- 24 gates, area 140.20, delay 4.00
[pass.abc] region 'DualIssueRegisterFile.DualIssueRegisterFile__c221': cache hit -- 24 gates, area 140.20, delay 4.00
[pass.abc] region 'DualIssueRegisterFile.DualIssueRegisterFile__c222': cache hit -- 24 gates, area 140.20, delay 4.00
[pass.abc] region 'DualIssueRegisterFile.DualIssueRegisterFile__c223': cache hit -- 24 gates, area 140.20, delay 4.00
[pass.abc] region 'DualIssueRegisterFile.DualIssueRegisterFile__c224': cache hit -- 24 gates, area 140.20, delay 4.00
[pass.abc] region 'DualIssueRegisterFile.DualIssueRegisterFile__c225': cache hit -- 24 gates, area 140.20, delay 4.00
[pass.abc] region 'DualIssueRegisterFile.DualIssueRegisterFile__c226': cache hit -- 24 gates, area 140.20, delay 4.00
[pass.abc] region 'DualIssueRegisterFile.DualIssueRegisterFile__c227': cache hit -- 24 gates, area 140.20, delay 4.00
[pass.abc] region 'DualIssueRegisterFile.DualIssueRegisterFile__c228': cache hit -- 24 gates, area 140.20, delay 4.00
[pass.abc] region 'DualIssueRegisterFile.DualIssueRegisterFile__c229': cache hit -- 24 gates, area 140.20, delay 4.00
[pass.abc] region 'DualIssueRegisterFile.DualIssueRegisterFile__c230': cache hit -- 24 gates, area 140.20, delay 4.00
[pass.abc] region 'DualIssueRegisterFile.DualIssueRegisterFile__c231': cache hit -- 24 gates, area 140.20, delay 4.00
[pass.abc] region 'DualIssueRegisterFile.DualIssueRegisterFile__c232': cache hit -- 24 gates, area 140.20, delay 4.00
[pass.abc] region 'DualIssueRegisterFile.DualIssueRegisterFile__c233': cache hit -- 24 gates, area 140.20, delay 4.00
[pass.abc] region 'DualIssueRegisterFile.DualIssueRegisterFile__c234': 3 gates, area 13.77, delay 2.00  critical output 'eq_2012_1' @ ./dino_prp/DualIssueRegisterFile.prp:523
[pass.abc] region 'DualIssueRegisterFile.DualIssueRegisterFile__c235': 66 gates, area 12.52, delay 1.00  critical output 'and_2024_1' @ ./dino_prp/DualIssueRegisterFile.prp:527
[pass.abc] region 'DualIssueRegisterFile.DualIssueRegisterFile__c236': cache hit -- 24 gates, area 140.20, delay 4.00
[pass.abc] region 'DualIssueRegisterFile.DualIssueRegisterFile__c237': cache hit -- 3 gates, area 12.51, delay 2.00
[pass.abc] region 'DualIssueRegisterFile.DualIssueRegisterFile__c238': 66 gates, area 6.26, delay 1.00  critical output 'mux_2040_1' @ ./dino_prp/DualIssueRegisterFile.prp:531
[pass.abc] region 'DualIssueRegisterFile.DualIssueRegisterFile__c239': cache hit -- 66 gates, area 12.52, delay 1.00
[pass.abc] region 'DualIssueRegisterFile.DualIssueRegisterFile__c240': cache hit -- 24 gates, area 140.20, delay 4.00
[pass.abc] region 'DualIssueRegisterFile.DualIssueRegisterFile__c241': cache hit -- 66 gates, area 12.52, delay 1.00
[pass.abc] region 'DualIssueRegisterFile.DualIssueRegisterFile__c242': cache hit -- 24 gates, area 140.20, delay 4.00
[pass.abc] region 'DualIssueRegisterFile.DualIssueRegisterFile__c243': cache hit -- 3 gates, area 15.01, delay 2.00
[pass.abc] region 'DualIssueRegisterFile.DualIssueRegisterFile__c244': cache hit -- 66 gates, area 6.26, delay 1.00
[pass.abc] region 'DualIssueRegisterFile.DualIssueRegisterFile__c245': cache hit -- 66 gates, area 12.52, delay 1.00
[pass.abc] region 'DualIssueRegisterFile.DualIssueRegisterFile__c246': cache hit -- 24 gates, area 140.20, delay 4.00
[pass.abc] region 'DualIssueRegisterFile.DualIssueRegisterFile__c247': cache hit -- 66 gates, area 12.52, delay 1.00
[pass.abc] region 'DualIssueRegisterFile.DualIssueRegisterFile__c248': cache hit -- 24 gates, area 140.20, delay 4.00
[pass.abc] region 'DualIssueRegisterFile.DualIssueRegisterFile__c249': cache hit -- 3 gates, area 15.01, delay 2.00
[pass.abc] region 'DualIssueRegisterFile.DualIssueRegisterFile__c250': cache hit -- 66 gates, area 6.26, delay 1.00
[pass.abc] region 'DualIssueRegisterFile.DualIssueRegisterFile__c251': cache hit -- 66 gates, area 12.52, delay 1.00
[pass.abc] region 'DualIssueRegisterFile.DualIssueRegisterFile__c252': cache hit -- 24 gates, area 140.20, delay 4.00
[pass.abc] region 'DualIssueRegisterFile.DualIssueRegisterFile__c253': cache hit -- 66 gates, area 12.52, delay 1.00
[pass.abc] region 'DualIssueRegisterFile.DualIssueRegisterFile__c254': cache hit -- 24 gates, area 140.20, delay 4.00
[pass.abc] region 'DualIssueRegisterFile.DualIssueRegisterFile__c255': cache hit -- 3 gates, area 12.52, delay 2.00
[pass.abc] region 'DualIssueRegisterFile.DualIssueRegisterFile__c256': cache hit -- 66 gates, area 6.26, delay 1.00
[pass.abc] region 'DualIssueRegisterFile.DualIssueRegisterFile__c257': cache hit -- 66 gates, area 12.52, delay 1.00
[pass.abc] region 'DualIssueRegisterFile.DualIssueRegisterFile__c258': cache hit -- 24 gates, area 140.20, delay 4.00
[pass.abc] region 'DualIssueRegisterFile.DualIssueRegisterFile__c259': cache hit -- 66 gates, area 12.52, delay 1.00
[pass.abc] region 'DualIssueRegisterFile.DualIssueRegisterFile__c260': cache hit -- 24 gates, area 140.20, delay 4.00
[pass.abc] region 'DualIssueRegisterFile.DualIssueRegisterFile__c261': cache hit -- 3 gates, area 15.01, delay 2.00
[pass.abc] region 'DualIssueRegisterFile.DualIssueRegisterFile__c262': cache hit -- 66 gates, area 6.26, delay 1.00
[pass.abc] region 'DualIssueRegisterFile.DualIssueRegisterFile__c263': cache hit -- 66 gates, area 12.52, delay 1.00
[pass.abc] region 'DualIssueRegisterFile.DualIssueRegisterFile__c264': cache hit -- 24 gates, area 140.20, delay 4.00
[pass.abc] region 'DualIssueRegisterFile.DualIssueRegisterFile__c265': cache hit -- 66 gates, area 12.52, delay 1.00
[pass.abc] region 'DualIssueRegisterFile.DualIssueRegisterFile__c266': cache hit -- 24 gates, area 140.20, delay 4.00
[pass.abc] region 'DualIssueRegisterFile.DualIssueRegisterFile__c267': cache hit -- 3 gates, area 13.77, delay 2.00
[pass.abc] region 'DualIssueRegisterFile.DualIssueRegisterFile__c268': cache hit -- 66 gates, area 6.26, delay 1.00
[pass.abc] region 'DualIssueRegisterFile.DualIssueRegisterFile__c269': cache hit -- 66 gates, area 12.52, delay 1.00
[pass.abc] region 'DualIssueRegisterFile.DualIssueRegisterFile__c270': cache hit -- 24 gates, area 140.20, delay 4.00
[pass.abc] region 'DualIssueRegisterFile.DualIssueRegisterFile__c271': cache hit -- 66 gates, area 12.52, delay 1.00
[pass.abc] region 'DualIssueRegisterFile.DualIssueRegisterFile__c272': cache hit -- 24 gates, area 140.20, delay 4.00
[pass.abc] region 'DualIssueRegisterFile.DualIssueRegisterFile__c273': cache hit -- 3 gates, area 13.77, delay 2.00
[pass.abc] region 'DualIssueRegisterFile.DualIssueRegisterFile__c274': cache hit -- 66 gates, area 6.26, delay 1.00
[pass.abc] region 'DualIssueRegisterFile.DualIssueRegisterFile__c275': cache hit -- 66 gates, area 12.52, delay 1.00
[pass.abc] region 'DualIssueRegisterFile.DualIssueRegisterFile__c276': cache hit -- 24 gates, area 140.20, delay 4.00
[pass.abc] region 'DualIssueRegisterFile.DualIssueRegisterFile__c277': cache hit -- 66 gates, area 12.52, delay 1.00
[pass.abc] region 'DualIssueRegisterFile.DualIssueRegisterFile__c278': cache hit -- 24 gates, area 140.20, delay 4.00
[pass.abc] region 'DualIssueRegisterFile.DualIssueRegisterFile__c279': cache hit -- 3 gates, area 11.26, delay 2.00
[pass.abc] region 'DualIssueRegisterFile.DualIssueRegisterFile__c280': cache hit -- 66 gates, area 6.26, delay 1.00
[pass.abc] region 'DualIssueRegisterFile.DualIssueRegisterFile__c281': cache hit -- 66 gates, area 12.52, delay 1.00
[pass.abc] region 'DualIssueRegisterFile.DualIssueRegisterFile__c282': cache hit -- 24 gates, area 140.20, delay 4.00
[pass.abc] region 'DualIssueRegisterFile.DualIssueRegisterFile__c283': cache hit -- 66 gates, area 12.52, delay 1.00
[pass.abc] region 'DualIssueRegisterFile.DualIssueRegisterFile__c284': cache hit -- 24 gates, area 140.20, delay 4.00
[pass.abc] region 'DualIssueRegisterFile.DualIssueRegisterFile__c285': cache hit -- 3 gates, area 15.01, delay 2.00
[pass.abc] region 'DualIssueRegisterFile.DualIssueRegisterFile__c286': cache hit -- 66 gates, area 6.26, delay 1.00
[pass.abc] region 'DualIssueRegisterFile.DualIssueRegisterFile__c287': cache hit -- 66 gates, area 12.52, delay 1.00
[pass.abc] region 'DualIssueRegisterFile.DualIssueRegisterFile__c288': cache hit -- 24 gates, area 140.20, delay 4.00
[pass.abc] region 'DualIssueRegisterFile.DualIssueRegisterFile__c289': cache hit -- 66 gates, area 12.52, delay 1.00
[pass.abc] region 'DualIssueRegisterFile.DualIssueRegisterFile__c290': cache hit -- 24 gates, area 140.20, delay 4.00
[pass.abc] region 'DualIssueRegisterFile.DualIssueRegisterFile__c291': cache hit -- 3 gates, area 16.26, delay 2.00
[pass.abc] region 'DualIssueRegisterFile.DualIssueRegisterFile__c292': cache hit -- 66 gates, area 6.26, delay 1.00
[pass.abc] region 'DualIssueRegisterFile.DualIssueRegisterFile__c293': cache hit -- 66 gates, area 12.52, delay 1.00
[pass.abc] region 'DualIssueRegisterFile.DualIssueRegisterFile__c294': cache hit -- 24 gates, area 140.20, delay 4.00
[pass.abc] region 'DualIssueRegisterFile.DualIssueRegisterFile__c295': cache hit -- 66 gates, area 12.52, delay 1.00
[pass.abc] region 'DualIssueRegisterFile.DualIssueRegisterFile__c296': cache hit -- 24 gates, area 140.20, delay 4.00
[pass.abc] region 'DualIssueRegisterFile.DualIssueRegisterFile__c297': cache hit -- 3 gates, area 16.26, delay 2.00
[pass.abc] region 'DualIssueRegisterFile.DualIssueRegisterFile__c298': cache hit -- 66 gates, area 6.26, delay 1.00
[pass.abc] region 'DualIssueRegisterFile.DualIssueRegisterFile__c299': cache hit -- 66 gates, area 12.52, delay 1.00
[pass.abc] region 'DualIssueRegisterFile.DualIssueRegisterFile__c300': cache hit -- 24 gates, area 140.20, delay 4.00
[pass.abc] region 'DualIssueRegisterFile.DualIssueRegisterFile__c301': cache hit -- 66 gates, area 12.52, delay 1.00
[pass.abc] region 'DualIssueRegisterFile.DualIssueRegisterFile__c302': cache hit -- 24 gates, area 140.20, delay 4.00
[pass.abc] region 'DualIssueRegisterFile.DualIssueRegisterFile__c303': cache hit -- 3 gates, area 13.76, delay 2.00
[pass.abc] region 'DualIssueRegisterFile.DualIssueRegisterFile__c304': cache hit -- 66 gates, area 6.26, delay 1.00
[pass.abc] region 'DualIssueRegisterFile.DualIssueRegisterFile__c305': cache hit -- 66 gates, area 12.52, delay 1.00
[pass.abc] region 'DualIssueRegisterFile.DualIssueRegisterFile__c306': cache hit -- 24 gates, area 140.20, delay 4.00
[pass.abc] region 'DualIssueRegisterFile.DualIssueRegisterFile__c307': cache hit -- 66 gates, area 12.52, delay 1.00
[pass.abc] region 'DualIssueRegisterFile.DualIssueRegisterFile__c308': cache hit -- 24 gates, area 140.20, delay 4.00
[pass.abc] region 'DualIssueRegisterFile.DualIssueRegisterFile__c309': cache hit -- 3 gates, area 16.26, delay 2.00
[pass.abc] region 'DualIssueRegisterFile.DualIssueRegisterFile__c310': cache hit -- 66 gates, area 6.26, delay 1.00
[pass.abc] region 'DualIssueRegisterFile.DualIssueRegisterFile__c311': cache hit -- 66 gates, area 12.52, delay 1.00
[pass.abc] region 'DualIssueRegisterFile.DualIssueRegisterFile__c312': cache hit -- 24 gates, area 140.20, delay 4.00
[pass.abc] region 'DualIssueRegisterFile.DualIssueRegisterFile__c313': cache hit -- 66 gates, area 12.52, delay 1.00
[pass.abc] region 'DualIssueRegisterFile.DualIssueRegisterFile__c314': cache hit -- 24 gates, area 140.20, delay 4.00
[pass.abc] region 'DualIssueRegisterFile.DualIssueRegisterFile__c315': cache hit -- 3 gates, area 13.76, delay 2.00
[pass.abc] region 'DualIssueRegisterFile.DualIssueRegisterFile__c316': cache hit -- 66 gates, area 6.26, delay 1.00
[pass.abc] region 'DualIssueRegisterFile.DualIssueRegisterFile__c317': cache hit -- 66 gates, area 12.52, delay 1.00
[pass.abc] region 'DualIssueRegisterFile.DualIssueRegisterFile__c318': cache hit -- 24 gates, area 140.20, delay 4.00
[pass.abc] region 'DualIssueRegisterFile.DualIssueRegisterFile__c319': cache hit -- 66 gates, area 12.52, delay 1.00
[pass.abc] region 'DualIssueRegisterFile.DualIssueRegisterFile__c320': cache hit -- 24 gates, area 140.20, delay 4.00
[pass.abc] region 'DualIssueRegisterFile.DualIssueRegisterFile__c321': cache hit -- 3 gates, area 13.76, delay 2.00
[pass.abc] region 'DualIssueRegisterFile.DualIssueRegisterFile__c322': cache hit -- 66 gates, area 6.26, delay 1.00
[pass.abc] region 'DualIssueRegisterFile.DualIssueRegisterFile__c323': cache hit -- 66 gates, area 12.52, delay 1.00
[pass.abc] region 'DualIssueRegisterFile.DualIssueRegisterFile__c324': cache hit -- 24 gates, area 140.20, delay 4.00
[pass.abc] region 'DualIssueRegisterFile.DualIssueRegisterFile__c325': cache hit -- 66 gates, area 12.52, delay 1.00
[pass.abc] region 'DualIssueRegisterFile.DualIssueRegisterFile__c326': cache hit -- 24 gates, area 140.20, delay 4.00
[pass.abc] region 'DualIssueRegisterFile.DualIssueRegisterFile__c327': cache hit -- 3 gates, area 11.26, delay 2.00
[pass.abc] region 'DualIssueRegisterFile.DualIssueRegisterFile__c328': cache hit -- 66 gates, area 6.26, delay 1.00
[pass.abc] region 'DualIssueRegisterFile.DualIssueRegisterFile__c329': cache hit -- 66 gates, area 12.52, delay 1.00
[pass.abc] region 'DualIssueRegisterFile.DualIssueRegisterFile__c330': cache hit -- 24 gates, area 140.20, delay 4.00
[pass.abc] region 'DualIssueRegisterFile.DualIssueRegisterFile__c331': cache hit -- 66 gates, area 12.52, delay 1.00
[pass.abc] region 'DualIssueRegisterFile.DualIssueRegisterFile__c332': cache hit -- 24 gates, area 140.20, delay 4.00
[pass.abc] region 'DualIssueRegisterFile.DualIssueRegisterFile__c333': cache hit -- 3 gates, area 15.01, delay 2.00
[pass.abc] region 'DualIssueRegisterFile.DualIssueRegisterFile__c334': cache hit -- 66 gates, area 6.26, delay 1.00
[pass.abc] region 'DualIssueRegisterFile.DualIssueRegisterFile__c335': cache hit -- 66 gates, area 12.52, delay 1.00
[pass.abc] region 'DualIssueRegisterFile.DualIssueRegisterFile__c336': cache hit -- 24 gates, area 140.20, delay 4.00
[pass.abc] region 'DualIssueRegisterFile.DualIssueRegisterFile__c337': cache hit -- 66 gates, area 12.52, delay 1.00
[pass.abc] region 'DualIssueRegisterFile.DualIssueRegisterFile__c338': cache hit -- 24 gates, area 140.20, delay 4.00
[pass.abc] region 'DualIssueRegisterFile.DualIssueRegisterFile__c339': cache hit -- 3 gates, area 16.26, delay 2.00
[pass.abc] region 'DualIssueRegisterFile.DualIssueRegisterFile__c340': cache hit -- 66 gates, area 6.26, delay 1.00
[pass.abc] region 'DualIssueRegisterFile.DualIssueRegisterFile__c341': cache hit -- 66 gates, area 12.52, delay 1.00
[pass.abc] region 'DualIssueRegisterFile.DualIssueRegisterFile__c342': cache hit -- 24 gates, area 140.20, delay 4.00
[pass.abc] region 'DualIssueRegisterFile.DualIssueRegisterFile__c343': cache hit -- 66 gates, area 12.52, delay 1.00
[pass.abc] region 'DualIssueRegisterFile.DualIssueRegisterFile__c344': cache hit -- 24 gates, area 140.20, delay 4.00
[pass.abc] region 'DualIssueRegisterFile.DualIssueRegisterFile__c345': cache hit -- 3 gates, area 16.26, delay 2.00
[pass.abc] region 'DualIssueRegisterFile.DualIssueRegisterFile__c346': cache hit -- 66 gates, area 6.26, delay 1.00
[pass.abc] region 'DualIssueRegisterFile.DualIssueRegisterFile__c347': cache hit -- 66 gates, area 12.52, delay 1.00
[pass.abc] region 'DualIssueRegisterFile.DualIssueRegisterFile__c348': cache hit -- 24 gates, area 140.20, delay 4.00
[pass.abc] region 'DualIssueRegisterFile.DualIssueRegisterFile__c349': cache hit -- 66 gates, area 12.52, delay 1.00
[pass.abc] region 'DualIssueRegisterFile.DualIssueRegisterFile__c350': cache hit -- 24 gates, area 140.20, delay 4.00
[pass.abc] region 'DualIssueRegisterFile.DualIssueRegisterFile__c351': cache hit -- 3 gates, area 13.76, delay 2.00
[pass.abc] region 'DualIssueRegisterFile.DualIssueRegisterFile__c352': cache hit -- 66 gates, area 6.26, delay 1.00
[pass.abc] region 'DualIssueRegisterFile.DualIssueRegisterFile__c353': cache hit -- 66 gates, area 12.52, delay 1.00
[pass.abc] region 'DualIssueRegisterFile.DualIssueRegisterFile__c354': cache hit -- 24 gates, area 140.20, delay 4.00
[pass.abc] region 'DualIssueRegisterFile.DualIssueRegisterFile__c355': cache hit -- 66 gates, area 12.52, delay 1.00
[pass.abc] region 'DualIssueRegisterFile.DualIssueRegisterFile__c356': cache hit -- 24 gates, area 140.20, delay 4.00
[pass.abc] region 'DualIssueRegisterFile.DualIssueRegisterFile__c357': cache hit -- 3 gates, area 16.26, delay 2.00
[pass.abc] region 'DualIssueRegisterFile.DualIssueRegisterFile__c358': cache hit -- 66 gates, area 6.26, delay 1.00
[pass.abc] region 'DualIssueRegisterFile.DualIssueRegisterFile__c359': cache hit -- 66 gates, area 12.52, delay 1.00
[pass.abc] region 'DualIssueRegisterFile.DualIssueRegisterFile__c360': cache hit -- 24 gates, area 140.20, delay 4.00
[pass.abc] region 'DualIssueRegisterFile.DualIssueRegisterFile__c361': cache hit -- 66 gates, area 12.52, delay 1.00
[pass.abc] region 'DualIssueRegisterFile.DualIssueRegisterFile__c362': cache hit -- 24 gates, area 140.20, delay 4.00
[pass.abc] region 'DualIssueRegisterFile.DualIssueRegisterFile__c363': cache hit -- 3 gates, area 13.76, delay 2.00
[pass.abc] region 'DualIssueRegisterFile.DualIssueRegisterFile__c364': cache hit -- 66 gates, area 6.26, delay 1.00
[pass.abc] region 'DualIssueRegisterFile.DualIssueRegisterFile__c365': cache hit -- 66 gates, area 12.52, delay 1.00
[pass.abc] region 'DualIssueRegisterFile.DualIssueRegisterFile__c366': cache hit -- 24 gates, area 140.20, delay 4.00
[pass.abc] region 'DualIssueRegisterFile.DualIssueRegisterFile__c367': cache hit -- 66 gates, area 12.52, delay 1.00
[pass.abc] region 'DualIssueRegisterFile.DualIssueRegisterFile__c368': cache hit -- 24 gates, area 140.20, delay 4.00
[pass.abc] region 'DualIssueRegisterFile.DualIssueRegisterFile__c369': cache hit -- 3 gates, area 13.76, delay 2.00
[pass.abc] region 'DualIssueRegisterFile.DualIssueRegisterFile__c370': cache hit -- 66 gates, area 6.26, delay 1.00
[pass.abc] region 'DualIssueRegisterFile.DualIssueRegisterFile__c371': cache hit -- 66 gates, area 12.52, delay 1.00
[pass.abc] region 'DualIssueRegisterFile.DualIssueRegisterFile__c372': cache hit -- 24 gates, area 140.20, delay 4.00
[pass.abc] region 'DualIssueRegisterFile.DualIssueRegisterFile__c373': cache hit -- 66 gates, area 12.52, delay 1.00
[pass.abc] region 'DualIssueRegisterFile.DualIssueRegisterFile__c374': cache hit -- 24 gates, area 140.20, delay 4.00
[pass.abc] region 'DualIssueRegisterFile.DualIssueRegisterFile__c375': cache hit -- 3 gates, area 11.26, delay 2.00
[pass.abc] region 'DualIssueRegisterFile.DualIssueRegisterFile__c376': cache hit -- 66 gates, area 6.26, delay 1.00
[pass.abc] region 'DualIssueRegisterFile.DualIssueRegisterFile__c377': cache hit -- 66 gates, area 12.52, delay 1.00
[pass.abc] region 'DualIssueRegisterFile.DualIssueRegisterFile__c378': cache hit -- 24 gates, area 140.20, delay 4.00
[pass.abc] region 'DualIssueRegisterFile.DualIssueRegisterFile__c379': cache hit -- 66 gates, area 12.52, delay 1.00
[pass.abc] region 'DualIssueRegisterFile.DualIssueRegisterFile__c380': cache hit -- 24 gates, area 140.20, delay 4.00
[pass.abc] region 'DualIssueRegisterFile.DualIssueRegisterFile__c381': cache hit -- 3 gates, area 15.01, delay 2.00
[pass.abc] region 'DualIssueRegisterFile.DualIssueRegisterFile__c382': cache hit -- 66 gates, area 6.26, delay 1.00
[pass.abc] region 'DualIssueRegisterFile.DualIssueRegisterFile__c383': cache hit -- 66 gates, area 12.52, delay 1.00
[pass.abc] region 'DualIssueRegisterFile.DualIssueRegisterFile__c384': cache hit -- 24 gates, area 140.20, delay 4.00
[pass.abc] region 'DualIssueRegisterFile.DualIssueRegisterFile__c385': cache hit -- 66 gates, area 12.52, delay 1.00
[pass.abc] region 'DualIssueRegisterFile.DualIssueRegisterFile__c386': cache hit -- 24 gates, area 140.20, delay 4.00
[pass.abc] region 'DualIssueRegisterFile.DualIssueRegisterFile__c387': cache hit -- 3 gates, area 13.76, delay 2.00
[pass.abc] region 'DualIssueRegisterFile.DualIssueRegisterFile__c388': cache hit -- 66 gates, area 6.26, delay 1.00
[pass.abc] region 'DualIssueRegisterFile.DualIssueRegisterFile__c389': cache hit -- 66 gates, area 12.52, delay 1.00
[pass.abc] region 'DualIssueRegisterFile.DualIssueRegisterFile__c390': cache hit -- 24 gates, area 140.20, delay 4.00
[pass.abc] region 'DualIssueRegisterFile.DualIssueRegisterFile__c391': cache hit -- 66 gates, area 12.52, delay 1.00
[pass.abc] region 'DualIssueRegisterFile.DualIssueRegisterFile__c392': cache hit -- 24 gates, area 140.20, delay 4.00
[pass.abc] region 'DualIssueRegisterFile.DualIssueRegisterFile__c393': cache hit -- 3 gates, area 13.76, delay 2.00
[pass.abc] region 'DualIssueRegisterFile.DualIssueRegisterFile__c394': cache hit -- 66 gates, area 6.26, delay 1.00
[pass.abc] region 'DualIssueRegisterFile.DualIssueRegisterFile__c395': cache hit -- 66 gates, area 12.52, delay 1.00
[pass.abc] region 'DualIssueRegisterFile.DualIssueRegisterFile__c396': cache hit -- 24 gates, area 140.20, delay 4.00
[pass.abc] region 'DualIssueRegisterFile.DualIssueRegisterFile__c397': cache hit -- 66 gates, area 12.52, delay 1.00
[pass.abc] region 'DualIssueRegisterFile.DualIssueRegisterFile__c398': cache hit -- 24 gates, area 140.20, delay 4.00
[pass.abc] region 'DualIssueRegisterFile.DualIssueRegisterFile__c399': cache hit -- 3 gates, area 11.26, delay 2.00
[pass.abc] region 'DualIssueRegisterFile.DualIssueRegisterFile__c400': cache hit -- 66 gates, area 6.26, delay 1.00
[pass.abc] region 'DualIssueRegisterFile.DualIssueRegisterFile__c401': cache hit -- 66 gates, area 12.52, delay 1.00
[pass.abc] region 'DualIssueRegisterFile.DualIssueRegisterFile__c402': cache hit -- 24 gates, area 140.20, delay 4.00
[pass.abc] region 'DualIssueRegisterFile.DualIssueRegisterFile__c403': cache hit -- 66 gates, area 12.52, delay 1.00
[pass.abc] region 'DualIssueRegisterFile.DualIssueRegisterFile__c404': cache hit -- 24 gates, area 140.20, delay 4.00
[pass.abc] region 'DualIssueRegisterFile.DualIssueRegisterFile__c405': cache hit -- 3 gates, area 13.76, delay 2.00
[pass.abc] region 'DualIssueRegisterFile.DualIssueRegisterFile__c406': cache hit -- 66 gates, area 6.26, delay 1.00
[pass.abc] region 'DualIssueRegisterFile.DualIssueRegisterFile__c407': cache hit -- 66 gates, area 12.52, delay 1.00
[pass.abc] region 'DualIssueRegisterFile.DualIssueRegisterFile__c408': cache hit -- 24 gates, area 140.20, delay 4.00
[pass.abc] region 'DualIssueRegisterFile.DualIssueRegisterFile__c409': cache hit -- 66 gates, area 12.52, delay 1.00
[pass.abc] region 'DualIssueRegisterFile.DualIssueRegisterFile__c410': cache hit -- 24 gates, area 140.20, delay 4.00
[pass.abc] region 'DualIssueRegisterFile.DualIssueRegisterFile__c411': cache hit -- 3 gates, area 16.27, delay 2.00
[pass.abc] region 'DualIssueRegisterFile.DualIssueRegisterFile__c412': cache hit -- 66 gates, area 6.26, delay 1.00
[pass.abc] region 'DualIssueRegisterFile.DualIssueRegisterFile__c413': cache hit -- 66 gates, area 12.52, delay 1.00
[pass.abc] region 'DualIssueRegisterFile.DualIssueRegisterFile__c414': cache hit -- 24 gates, area 140.20, delay 4.00
[pass.abc] region 'DualIssueRegisterFile.DualIssueRegisterFile__c415': cache hit -- 66 gates, area 12.52, delay 1.00
[pass.abc] region 'DualIssueRegisterFile.DualIssueRegisterFile__c416': cache hit -- 24 gates, area 140.20, delay 4.00
[pass.abc] region 'DualIssueRegisterFile.DualIssueRegisterFile__c417': cache hit -- 3 gates, area 16.27, delay 2.00
[pass.abc] region 'DualIssueRegisterFile.DualIssueRegisterFile__c418': cache hit -- 66 gates, area 6.26, delay 1.00
[pass.abc] region 'DualIssueRegisterFile.DualIssueRegisterFile__c419': cache hit -- 66 gates, area 12.52, delay 1.00
[pass.abc] region 'DualIssueRegisterFile.DualIssueRegisterFile__c420': cache hit -- 24 gates, area 140.20, delay 4.00
[pass.abc] region 'DualIssueRegisterFile.DualIssueRegisterFile__c421': cache hit -- 3 gates, area 13.77, delay 2.00
[pass.abc] region 'DualIssueRegisterFile.DualIssueRegisterFile__c422': cache hit -- 66 gates, area 6.26, delay 1.00
[pass.abc] region 'DualIssueRegisterFile.DualIssueRegisterFile__c423': cache hit -- 66 gates, area 12.52, delay 1.00
[pass.abc] region 'DualIssueRegisterFile.DualIssueRegisterFile__c424': cache hit -- 24 gates, area 140.20, delay 4.00
[pass.abc] region 'DualIssueRegisterFile.DualIssueRegisterFile__c425': cache hit -- 3 gates, area 13.77, delay 2.00
[pass.abc] region 'DualIssueRegisterFile.DualIssueRegisterFile__c426': cache hit -- 66 gates, area 6.26, delay 1.00
[pass.abc] region 'DualIssueRegisterFile.DualIssueRegisterFile__c427': cache hit -- 66 gates, area 12.52, delay 1.00
[pass.abc] region 'DualIssueRegisterFile.DualIssueRegisterFile__c428': cache hit -- 24 gates, area 140.20, delay 4.00
Warning: The current network has no primary outputs. Some commands may not work correctly.
Warning: The current GIA has no primary outputs. Some commands may not work correctly.
Warning: The current GIA has no primary outputs. Some commands may not work correctly.
Warning: The current network has no primary outputs. Some commands may not work correctly.
Warning: The current GIA has no primary outputs. Some commands may not work correctly.
Warning: The current GIA has no primary outputs. Some commands may not work correctly.
Warning: The current GIA has no primary outputs. Some commands may not work correctly.
Warning: The current GIA has no primary outputs. Some commands may not work correctly.
Warning: The current network has no primary outputs. Some commands may not work correctly.
[pass.abc] region 'DualIssueRegisterFile.DualIssueRegisterFile__c429': 0 gates, area 0.00, delay -1000000000.00
[pass.abc] region 'DualIssueRegisterFile.DualIssueRegisterFile__c430': cache hit -- 0 gates, area 0.00, delay -1000000000.00
Warning: The current network has no primary outputs. Some commands may not work correctly.
Warning: The current GIA has no primary outputs. Some commands may not work correctly.
Warning: The current GIA has no primary outputs. Some commands may not work correctly.
Warning: The current network has no primary outputs. Some commands may not work correctly.
Warning: The current GIA has no primary outputs. Some commands may not work correctly.
Warning: The current GIA has no primary outputs. Some commands may not work correctly.
Warning: The current GIA has no primary outputs. Some commands may not work correctly.
Warning: The current GIA has no primary outputs. Some commands may not work correctly.
Warning: The current network has no primary outputs. Some commands may not work correctly.
[pass.abc] region 'DualIssueRegisterFile.DualIssueRegisterFile__c431': 0 gates, area 0.00, delay -1000000000.00
[pass.abc] region 'DualIssueRegisterFile.DualIssueRegisterFile__c432': cache hit -- 0 gates, area 0.00, delay -1000000000.00
[pass.abc] region 'DualIssueRegisterFile.DualIssueRegisterFile__c433': cache hit -- 0 gates, area 0.00, delay -1000000000.00
Warning: The current network has no primary outputs. Some commands may not work correctly.
Warning: The current GIA has no primary outputs. Some commands may not work correctly.
Warning: The current GIA has no primary outputs. Some commands may not work correctly.
Warning: The current network has no primary outputs. Some commands may not work correctly.
Warning: The current GIA has no primary outputs. Some commands may not work correctly.
Warning: The current GIA has no primary outputs. Some commands may not work correctly.
Warning: The current GIA has no primary outputs. Some commands may not work correctly.
Warning: The current GIA has no primary outputs. Some commands may not work correctly.
Warning: The current network has no primary outputs. Some commands may not work correctly.
[pass.abc] region 'DualIssueRegisterFile.DualIssueRegisterFile__c434': 0 gates, area 0.00, delay -1000000000.00
[pass.abc] region 'DualIssueRegisterFile.DualIssueRegisterFile__c435': cache hit -- 0 gates, area 0.00, delay -1000000000.00
[pass.abc] region 'DualIssueRegisterFile.DualIssueRegisterFile__c436': cache hit -- 0 gates, area 0.00, delay -1000000000.00
[pass.abc] region 'DualIssueRegisterFile.DualIssueRegisterFile__c437': cache hit -- 0 gates, area 0.00, delay -1000000000.00
[pass.abc] region 'DualIssueRegisterFile.DualIssueRegisterFile__c438': cache hit -- 0 gates, area 0.00, delay -1000000000.00
[pass.abc] region 'DualIssueRegisterFile.DualIssueRegisterFile__c439': cache hit -- 0 gates, area 0.00, delay -1000000000.00
[pass.abc] region 'DualIssueRegisterFile.DualIssueRegisterFile__c440': cache hit -- 0 gates, area 0.00, delay -1000000000.00
[pass.abc] region 'DualIssueRegisterFile.DualIssueRegisterFile__c441': cache hit -- 0 gates, area 0.00, delay -1000000000.00
[pass.abc] region 'DualIssueRegisterFile.DualIssueRegisterFile__c442': cache hit -- 0 gates, area 0.00, delay -1000000000.00
[pass.abc] region 'DualIssueRegisterFile.DualIssueRegisterFile__c443': cache hit -- 0 gates, area 0.00, delay -1000000000.00
[pass.abc] region 'DualIssueRegisterFile.DualIssueRegisterFile__c444': cache hit -- 0 gates, area 0.00, delay -1000000000.00
[pass.abc] region 'DualIssueRegisterFile.DualIssueRegisterFile__c445': cache hit -- 0 gates, area 0.00, delay -1000000000.00
[pass.abc] region 'DualIssueRegisterFile.DualIssueRegisterFile__c446': cache hit -- 0 gates, area 0.00, delay -1000000000.00
Warning: The current network has no primary outputs. Some commands may not work correctly.
Warning: The current GIA has no primary outputs. Some commands may not work correctly.
Warning: The current GIA has no primary outputs. Some commands may not work correctly.
Warning: The current network has no primary outputs. Some commands may not work correctly.
Warning: The current GIA has no primary outputs. Some commands may not work correctly.
Warning: The current GIA has no primary outputs. Some commands may not work correctly.
Warning: The current GIA has no primary outputs. Some commands may not work correctly.
Warning: The current GIA has no primary outputs. Some commands may not work correctly.
Warning: The current network has no primary outputs. Some commands may not work correctly.
[pass.abc] region 'DualIssueRegisterFile.DualIssueRegisterFile__c447': 0 gates, area 0.00, delay -1000000000.00
[pass.abc] region 'DualIssueRegisterFile.DualIssueRegisterFile__c448': cache hit -- 0 gates, area 0.00, delay -1000000000.00
[pass.abc] region 'DualIssueRegisterFile.DualIssueRegisterFile__c449': cache hit -- 0 gates, area 0.00, delay -1000000000.00
[pass.abc] region 'DualIssueRegisterFile.DualIssueRegisterFile__c450': cache hit -- 0 gates, area 0.00, delay -1000000000.00
[pass.abc] region 'DualIssueRegisterFile.DualIssueRegisterFile__c451': cache hit -- 0 gates, area 0.00, delay -1000000000.00
[pass.abc] region 'DualIssueRegisterFile.DualIssueRegisterFile__c452': cache hit -- 0 gates, area 0.00, delay -1000000000.00
[pass.abc] region 'DualIssueRegisterFile.DualIssueRegisterFile__c453': cache hit -- 0 gates, area 0.00, delay -1000000000.00
[pass.abc] region 'DualIssueRegisterFile.DualIssueRegisterFile__c454': cache hit -- 0 gates, area 0.00, delay -1000000000.00
[pass.abc] region 'DualIssueRegisterFile.DualIssueRegisterFile__c455': cache hit -- 0 gates, area 0.00, delay -1000000000.00
[pass.abc] region 'DualIssueRegisterFile.DualIssueRegisterFile__c456': cache hit -- 0 gates, area 0.00, delay -1000000000.00
[pass.abc] region 'DualIssueRegisterFile.DualIssueRegisterFile__c457': cache hit -- 0 gates, area 0.00, delay -1000000000.00
[pass.abc] region 'DualIssueRegisterFile.DualIssueRegisterFile__c458': cache hit -- 0 gates, area 0.00, delay -1000000000.00
[pass.abc] region 'DualIssueRegisterFile.DualIssueRegisterFile__c459': cache hit -- 0 gates, area 0.00, delay -1000000000.00
[pass.abc] region 'DualIssueRegisterFile.DualIssueRegisterFile__c460': cache hit -- 0 gates, area 0.00, delay -1000000000.00
[pass.abc] region 'DualIssueRegisterFile.DualIssueRegisterFile__c461': cache hit -- 0 gates, area 0.00, delay -1000000000.00
[pass.abc] region 'DualIssueRegisterFile.DualIssueRegisterFile__c462': cache hit -- 0 gates, area 0.00, delay -1000000000.00
[pass.abc] region 'DualIssueRegisterFile.DualIssueRegisterFile__c463': cache hit -- 0 gates, area 0.00, delay -1000000000.00
[pass.abc] region 'DualIssueRegisterFile.DualIssueRegisterFile__c464': cache hit -- 0 gates, area 0.00, delay -1000000000.00
[pass.abc] region 'DualIssueRegisterFile.DualIssueRegisterFile__c465': cache hit -- 0 gates, area 0.00, delay -1000000000.00
[pass.abc] region 'DualIssueRegisterFile.DualIssueRegisterFile__c466': cache hit -- 0 gates, area 0.00, delay -1000000000.00
[pass.abc] region 'DualIssueRegisterFile.DualIssueRegisterFile__c467': cache hit -- 0 gates, area 0.00, delay -1000000000.00
[pass.abc] region 'DualIssueRegisterFile.DualIssueRegisterFile__c468': cache hit -- 0 gates, area 0.00, delay -1000000000.00
[pass.abc] region 'DualIssueRegisterFile.DualIssueRegisterFile__c469': cache hit -- 0 gates, area 0.00, delay -1000000000.00
[pass.abc] region 'DualIssueRegisterFile.DualIssueRegisterFile__c470': cache hit -- 0 gates, area 0.00, delay -1000000000.00
[pass.abc] region 'DualIssueRegisterFile.DualIssueRegisterFile__c471': cache hit -- 0 gates, area 0.00, delay -1000000000.00
[pass.abc] region 'DualIssueRegisterFile.DualIssueRegisterFile__c472': cache hit -- 0 gates, area 0.00, delay -1000000000.00
[pass.abc] region 'DualIssueRegisterFile.DualIssueRegisterFile__c473': cache hit -- 0 gates, area 0.00, delay -1000000000.00
[pass.abc] region 'DualIssueRegisterFile.DualIssueRegisterFile__c474': cache hit -- 0 gates, area 0.00, delay -1000000000.00
[pass.abc] region 'DualIssueRegisterFile.DualIssueRegisterFile__c475': cache hit -- 0 gates, area 0.00, delay -1000000000.00
[pass.abc] region 'DualIssueRegisterFile.DualIssueRegisterFile__c476': cache hit -- 0 gates, area 0.00, delay -1000000000.00
[pass.abc] region 'DualIssueRegisterFile.DualIssueRegisterFile__c477': cache hit -- 0 gates, area 0.00, delay -1000000000.00
[pass.abc] region 'DualIssueRegisterFile.DualIssueRegisterFile__c478': cache hit -- 0 gates, area 0.00, delay -1000000000.00
[pass.abc] region 'DualIssueRegisterFile.DualIssueRegisterFile__c479': cache hit -- 0 gates, area 0.00, delay -1000000000.00
[pass.abc] region 'DualIssueRegisterFile.DualIssueRegisterFile__c480': cache hit -- 0 gates, area 0.00, delay -1000000000.00
[pass.abc] region 'DualIssueRegisterFile.DualIssueRegisterFile__c481': cache hit -- 0 gates, area 0.00, delay -1000000000.00
[pass.abc] region 'DualIssueRegisterFile.DualIssueRegisterFile__c482': cache hit -- 0 gates, area 0.00, delay -1000000000.00
[pass.abc] region 'DualIssueRegisterFile.DualIssueRegisterFile__c483': cache hit -- 0 gates, area 0.00, delay -1000000000.00
[pass.abc] region 'DualIssueRegisterFile.DualIssueRegisterFile__c484': cache hit -- 0 gates, area 0.00, delay -1000000000.00
[pass.abc] region 'DualIssueRegisterFile.DualIssueRegisterFile__c485': cache hit -- 0 gates, area 0.00, delay -1000000000.00
[pass.abc] region 'DualIssueRegisterFile.DualIssueRegisterFile__c486': cache hit -- 0 gates, area 0.00, delay -1000000000.00
[pass.abc] region 'DualIssueRegisterFile.DualIssueRegisterFile__c487': cache hit -- 0 gates, area 0.00, delay -1000000000.00
[pass.abc] region 'DualIssueRegisterFile.DualIssueRegisterFile__c488': cache hit -- 0 gates, area 0.00, delay -1000000000.00
[pass.abc] region 'DualIssueRegisterFile.DualIssueRegisterFile__c489': cache hit -- 0 gates, area 0.00, delay -1000000000.00
[pass.abc] region 'DualIssueRegisterFile.DualIssueRegisterFile__c490': cache hit -- 0 gates, area 0.00, delay -1000000000.00
[pass.abc] region 'DualIssueRegisterFile.DualIssueRegisterFile__c491': cache hit -- 0 gates, area 0.00, delay -1000000000.00
[pass.abc] region 'DualIssueRegisterFile.DualIssueRegisterFile__c492': cache hit -- 0 gates, area 0.00, delay -1000000000.00
[pass.abc] region 'DualIssueRegisterFile.DualIssueRegisterFile__c493': cache hit -- 0 gates, area 0.00, delay -1000000000.00
[pass.abc] region 'DualIssueRegisterFile.DualIssueRegisterFile__c494': cache hit -- 0 gates, area 0.00, delay -1000000000.00
[pass.abc] region 'DualIssueRegisterFile.DualIssueRegisterFile__c495': cache hit -- 0 gates, area 0.00, delay -1000000000.00
[pass.abc] region 'DualIssueRegisterFile.DualIssueRegisterFile__c496': cache hit -- 0 gates, area 0.00, delay -1000000000.00
[pass.abc] region 'DualIssueRegisterFile.DualIssueRegisterFile__c497': cache hit -- 0 gates, area 0.00, delay -1000000000.00
[pass.abc] region 'DualIssueRegisterFile.DualIssueRegisterFile__c498': cache hit -- 0 gates, area 0.00, delay -1000000000.00
[pass.abc] region 'DualIssueRegisterFile.DualIssueRegisterFile__c499': cache hit -- 0 gates, area 0.00, delay -1000000000.00
[pass.abc] region 'DualIssueRegisterFile.DualIssueRegisterFile__c500': cache hit -- 0 gates, area 0.00, delay -1000000000.00
[pass.abc] region 'DualIssueRegisterFile.DualIssueRegisterFile__c501': cache hit -- 0 gates, area 0.00, delay -1000000000.00
[pass.abc] region 'DualIssueRegisterFile.DualIssueRegisterFile__c502': cache hit -- 0 gates, area 0.00, delay -1000000000.00
[pass.abc] region 'DualIssueRegisterFile.DualIssueRegisterFile__c503': cache hit -- 0 gates, area 0.00, delay -1000000000.00
[pass.abc] region 'DualIssueRegisterFile.DualIssueRegisterFile__c504': cache hit -- 0 gates, area 0.00, delay -1000000000.00
[pass.abc] region 'DualIssueRegisterFile.DualIssueRegisterFile__c505': cache hit -- 0 gates, area 0.00, delay -1000000000.00
[pass.abc] region 'DualIssueRegisterFile.DualIssueRegisterFile__c506': cache hit -- 0 gates, area 0.00, delay -1000000000.00
[pass.abc] region 'DualIssueRegisterFile.DualIssueRegisterFile__c507': cache hit -- 0 gates, area 0.00, delay -1000000000.00
[pass.abc] region 'DualIssueRegisterFile.DualIssueRegisterFile__c508': cache hit -- 0 gates, area 0.00, delay -1000000000.00
[pass.abc] region 'DualIssueRegisterFile.DualIssueRegisterFile__c509': cache hit -- 0 gates, area 0.00, delay -1000000000.00
[pass.abc] region 'DualIssueRegisterFile.DualIssueRegisterFile__c510': cache hit -- 0 gates, area 0.00, delay -1000000000.00
[pass.abc] region 'DualIssueRegisterFile.DualIssueRegisterFile__c511': cache hit -- 0 gates, area 0.00, delay -1000000000.00
[pass.abc] region 'DualIssueRegisterFile.DualIssueRegisterFile__c512': cache hit -- 0 gates, area 0.00, delay -1000000000.00
[pass.abc] region 'DualIssueRegisterFile.DualIssueRegisterFile__c513': cache hit -- 0 gates, area 0.00, delay -1000000000.00
[pass.abc] region 'DualIssueRegisterFile.DualIssueRegisterFile__c514': cache hit -- 0 gates, area 0.00, delay -1000000000.00
[pass.abc] region 'DualIssueRegisterFile.DualIssueRegisterFile__c515': cache hit -- 0 gates, area 0.00, delay -1000000000.00
[pass.abc] region 'DualIssueRegisterFile.DualIssueRegisterFile__c516': cache hit -- 0 gates, area 0.00, delay -1000000000.00
[pass.abc] region 'DualIssueRegisterFile.DualIssueRegisterFile__c517': cache hit -- 0 gates, area 0.00, delay -1000000000.00
[pass.abc] region 'DualIssueRegisterFile.DualIssueRegisterFile__c518': cache hit -- 0 gates, area 0.00, delay -1000000000.00
[pass.abc] region 'DualIssueRegisterFile.DualIssueRegisterFile__c519': cache hit -- 0 gates, area 0.00, delay -1000000000.00
[pass.abc] region 'DualIssueRegisterFile.DualIssueRegisterFile__c520': cache hit -- 0 gates, area 0.00, delay -1000000000.00
[pass.abc] region 'DualIssueRegisterFile.DualIssueRegisterFile__c521': cache hit -- 0 gates, area 0.00, delay -1000000000.00
[pass.abc] region 'DualIssueRegisterFile.DualIssueRegisterFile__c522': cache hit -- 0 gates, area 0.00, delay -1000000000.00
[pass.abc] region 'DualIssueRegisterFile.DualIssueRegisterFile__c523': cache hit -- 0 gates, area 0.00, delay -1000000000.00
[pass.abc] region 'DualIssueRegisterFile.DualIssueRegisterFile__c524': cache hit -- 0 gates, area 0.00, delay -1000000000.00
[pass.abc] region 'DualIssueRegisterFile.DualIssueRegisterFile__c525': cache hit -- 0 gates, area 0.00, delay -1000000000.00
[pass.abc] region 'DualIssueRegisterFile.DualIssueRegisterFile__c526': cache hit -- 0 gates, area 0.00, delay -1000000000.00
[pass.abc] region 'DualIssueRegisterFile.DualIssueRegisterFile__c527': cache hit -- 0 gates, area 0.00, delay -1000000000.00
[pass.abc] region 'DualIssueRegisterFile.DualIssueRegisterFile__c528': cache hit -- 0 gates, area 0.00, delay -1000000000.00
[pass.abc] region 'DualIssueRegisterFile.DualIssueRegisterFile__c529': cache hit -- 0 gates, area 0.00, delay -1000000000.00
[pass.abc] region 'DualIssueRegisterFile.DualIssueRegisterFile__c530': cache hit -- 0 gates, area 0.00, delay -1000000000.00
[pass.abc] region 'DualIssueRegisterFile.DualIssueRegisterFile__c531': cache hit -- 0 gates, area 0.00, delay -1000000000.00
[pass.abc] region 'DualIssueRegisterFile.DualIssueRegisterFile__c532': cache hit -- 0 gates, area 0.00, delay -1000000000.00
[pass.abc] region 'DualIssueRegisterFile.DualIssueRegisterFile__c533': cache hit -- 0 gates, area 0.00, delay -1000000000.00
[pass.abc] region 'DualIssueRegisterFile.DualIssueRegisterFile__c534': cache hit -- 0 gates, area 0.00, delay -1000000000.00
[pass.abc] region 'DualIssueRegisterFile.DualIssueRegisterFile__c535': cache hit -- 0 gates, area 0.00, delay -1000000000.00
[pass.abc] region 'DualIssueRegisterFile.DualIssueRegisterFile__c536': cache hit -- 0 gates, area 0.00, delay -1000000000.00
[pass.abc] region 'DualIssueRegisterFile.DualIssueRegisterFile__c537': cache hit -- 0 gates, area 0.00, delay -1000000000.00
[pass.abc] region 'DualIssueRegisterFile.DualIssueRegisterFile__c538': cache hit -- 0 gates, area 0.00, delay -1000000000.00
[pass.abc] region 'DualIssueRegisterFile.DualIssueRegisterFile__c539': cache hit -- 0 gates, area 0.00, delay -1000000000.00
[pass.abc] region 'DualIssueRegisterFile.DualIssueRegisterFile__c540': cache hit -- 0 gates, area 0.00, delay -1000000000.00
[pass.abc] region 'DualIssueRegisterFile.DualIssueRegisterFile__c541': cache hit -- 0 gates, area 0.00, delay -1000000000.00
[pass.abc] region 'DualIssueRegisterFile.DualIssueRegisterFile__c542': cache hit -- 0 gates, area 0.00, delay -1000000000.00
[pass.abc] region 'DualIssueRegisterFile.DualIssueRegisterFile__c543': cache hit -- 0 gates, area 0.00, delay -1000000000.00
[pass.abc] region 'DualIssueRegisterFile.DualIssueRegisterFile__c544': cache hit -- 0 gates, area 0.00, delay -1000000000.00
[pass.abc] region 'DualIssueRegisterFile.DualIssueRegisterFile__c545': cache hit -- 0 gates, area 0.00, delay -1000000000.00
[pass.abc] region 'DualIssueRegisterFile.DualIssueRegisterFile__c546': cache hit -- 0 gates, area 0.00, delay -1000000000.00
[pass.abc] region 'DualIssueRegisterFile.DualIssueRegisterFile__c547': cache hit -- 0 gates, area 0.00, delay -1000000000.00
[pass.abc] region 'DualIssueRegisterFile.DualIssueRegisterFile__c548': cache hit -- 0 gates, area 0.00, delay -1000000000.00
[pass.abc] region 'DualIssueRegisterFile.DualIssueRegisterFile__c549': cache hit -- 0 gates, area 0.00, delay -1000000000.00
[pass.abc] region 'DualIssueRegisterFile.DualIssueRegisterFile__c550': cache hit -- 0 gates, area 0.00, delay -1000000000.00
[pass.abc] region 'DualIssueRegisterFile.DualIssueRegisterFile__c551': cache hit -- 0 gates, area 0.00, delay -1000000000.00
[pass.abc] region 'DualIssueRegisterFile.DualIssueRegisterFile__c552': cache hit -- 0 gates, area 0.00, delay -1000000000.00
[pass.abc] region 'DualIssueRegisterFile.DualIssueRegisterFile__c553': cache hit -- 0 gates, area 0.00, delay -1000000000.00
[pass.abc] region 'DualIssueRegisterFile.DualIssueRegisterFile__c554': cache hit -- 0 gates, area 0.00, delay -1000000000.00
[pass.abc] region 'DualIssueRegisterFile.DualIssueRegisterFile__c555': cache hit -- 0 gates, area 0.00, delay -1000000000.00
[pass.abc] region 'DualIssueRegisterFile.DualIssueRegisterFile__c556': cache hit -- 0 gates, area 0.00, delay -1000000000.00
[pass.abc] region 'DualIssueRegisterFile.DualIssueRegisterFile__c557': cache hit -- 0 gates, area 0.00, delay -1000000000.00
[pass.abc] region 'DualIssueRegisterFile.DualIssueRegisterFile__c558': cache hit -- 0 gates, area 0.00, delay -1000000000.00
[pass.abc] region 'DualIssueRegisterFile.DualIssueRegisterFile__c559': cache hit -- 0 gates, area 0.00, delay -1000000000.00
[pass.abc] region 'DualIssueRegisterFile.DualIssueRegisterFile__c560': cache hit -- 0 gates, area 0.00, delay -1000000000.00
[pass.abc] region 'DualIssueRegisterFile.DualIssueRegisterFile__c561': cache hit -- 0 gates, area 0.00, delay -1000000000.00
[pass.abc] region 'DualIssueRegisterFile.DualIssueRegisterFile__c562': cache hit -- 0 gates, area 0.00, delay -1000000000.00
[pass.abc] region 'DualIssueRegisterFile.DualIssueRegisterFile__c563': cache hit -- 0 gates, area 0.00, delay -1000000000.00
[pass.abc] region 'DualIssueRegisterFile.DualIssueRegisterFile__c564': cache hit -- 0 gates, area 0.00, delay -1000000000.00
[pass.abc] region 'DualIssueRegisterFile.DualIssueRegisterFile__c565': cache hit -- 0 gates, area 0.00, delay -1000000000.00
[pass.abc] region 'DualIssueRegisterFile.DualIssueRegisterFile__c566': cache hit -- 0 gates, area 0.00, delay -1000000000.00
[pass.abc] region 'DualIssueRegisterFile.DualIssueRegisterFile__c567': cache hit -- 0 gates, area 0.00, delay -1000000000.00
[pass.abc] region 'DualIssueRegisterFile.DualIssueRegisterFile__c568': cache hit -- 0 gates, area 0.00, delay -1000000000.00
[pass.abc] region 'DualIssueRegisterFile.DualIssueRegisterFile__c569': cache hit -- 0 gates, area 0.00, delay -1000000000.00
[pass.abc] region 'DualIssueRegisterFile.DualIssueRegisterFile__c570': cache hit -- 0 gates, area 0.00, delay -1000000000.00
[pass.abc] region 'DualIssueRegisterFile.DualIssueRegisterFile__c571': cache hit -- 0 gates, area 0.00, delay -1000000000.00
[pass.abc] region 'DualIssueRegisterFile.DualIssueRegisterFile__c572': cache hit -- 0 gates, area 0.00, delay -1000000000.00
[pass.abc] region 'DualIssueRegisterFile.DualIssueRegisterFile__c573': cache hit -- 0 gates, area 0.00, delay -1000000000.00
[pass.abc] region 'DualIssueRegisterFile.DualIssueRegisterFile__c574': cache hit -- 0 gates, area 0.00, delay -1000000000.00
[pass.abc] region 'DualIssueRegisterFile.DualIssueRegisterFile__c575': cache hit -- 0 gates, area 0.00, delay -1000000000.00
[pass.abc] region 'DualIssueRegisterFile.DualIssueRegisterFile__c576': cache hit -- 0 gates, area 0.00, delay -1000000000.00
[pass.abc] region 'DualIssueRegisterFile.DualIssueRegisterFile__c577': cache hit -- 0 gates, area 0.00, delay -1000000000.00
[pass.abc] region 'DualIssueRegisterFile.DualIssueRegisterFile__c578': cache hit -- 0 gates, area 0.00, delay -1000000000.00
[pass.abc] region 'DualIssueRegisterFile.DualIssueRegisterFile__c579': cache hit -- 0 gates, area 0.00, delay -1000000000.00
[pass.abc] region 'DualIssueRegisterFile.DualIssueRegisterFile__c580': cache hit -- 0 gates, area 0.00, delay -1000000000.00
[pass.abc] region 'DualIssueRegisterFile.DualIssueRegisterFile__c581': cache hit -- 0 gates, area 0.00, delay -1000000000.00
[pass.abc] region 'DualIssueRegisterFile.DualIssueRegisterFile__c582': cache hit -- 0 gates, area 0.00, delay -1000000000.00
[pass.abc] region 'DualIssueRegisterFile.DualIssueRegisterFile__c583': cache hit -- 0 gates, area 0.00, delay -1000000000.00
[pass.abc] region 'DualIssueRegisterFile.DualIssueRegisterFile__c584': cache hit -- 0 gates, area 0.00, delay -1000000000.00
[pass.abc] region 'DualIssueRegisterFile.DualIssueRegisterFile__c585': cache hit -- 0 gates, area 0.00, delay -1000000000.00
[pass.abc] region 'DualIssueRegisterFile.DualIssueRegisterFile__c586': cache hit -- 0 gates, area 0.00, delay -1000000000.00
[pass.abc] region 'DualIssueRegisterFile.DualIssueRegisterFile__c587': cache hit -- 0 gates, area 0.00, delay -1000000000.00
[pass.abc] region 'DualIssueRegisterFile.DualIssueRegisterFile__c588': cache hit -- 0 gates, area 0.00, delay -1000000000.00
[pass.abc] region 'DualIssueRegisterFile.DualIssueRegisterFile__c589': cache hit -- 0 gates, area 0.00, delay -1000000000.00
[pass.abc] region 'DualIssueRegisterFile.DualIssueRegisterFile__c590': cache hit -- 0 gates, area 0.00, delay -1000000000.00
[pass.abc] region 'DualIssueRegisterFile.DualIssueRegisterFile__c591': cache hit -- 0 gates, area 0.00, delay -1000000000.00
[pass.abc] region 'DualIssueRegisterFile.DualIssueRegisterFile__c592': cache hit -- 0 gates, area 0.00, delay -1000000000.00
[pass.abc] region 'DualIssueRegisterFile.DualIssueRegisterFile__c593': cache hit -- 0 gates, area 0.00, delay -1000000000.00
[pass.abc] region 'DualIssueRegisterFile.DualIssueRegisterFile__c594': cache hit -- 0 gates, area 0.00, delay -1000000000.00
[pass.abc] region 'DualIssueRegisterFile.DualIssueRegisterFile__c595': cache hit -- 0 gates, area 0.00, delay -1000000000.00
[pass.abc] region 'DualIssueRegisterFile.DualIssueRegisterFile__c596': cache hit -- 0 gates, area 0.00, delay -1000000000.00
[pass.abc] region 'DualIssueRegisterFile.DualIssueRegisterFile__c597': cache hit -- 0 gates, area 0.00, delay -1000000000.00
[pass.abc] region 'DualIssueRegisterFile.DualIssueRegisterFile__c598': cache hit -- 0 gates, area 0.00, delay -1000000000.00
[pass.abc] region 'DualIssueRegisterFile.DualIssueRegisterFile__c599': cache hit -- 0 gates, area 0.00, delay -1000000000.00
[pass.abc] region 'DualIssueRegisterFile.DualIssueRegisterFile__c600': cache hit -- 0 gates, area 0.00, delay -1000000000.00
[pass.abc] region 'DualIssueRegisterFile.DualIssueRegisterFile__c601': cache hit -- 0 gates, area 0.00, delay -1000000000.00
[pass.abc] region 'DualIssueRegisterFile.DualIssueRegisterFile__c602': cache hit -- 0 gates, area 0.00, delay -1000000000.00
[pass.abc] region 'DualIssueRegisterFile.DualIssueRegisterFile__c603': cache hit -- 0 gates, area 0.00, delay -1000000000.00
[pass.abc] region 'DualIssueRegisterFile.DualIssueRegisterFile__c604': cache hit -- 0 gates, area 0.00, delay -1000000000.00
[pass.abc] region 'DualIssueRegisterFile.DualIssueRegisterFile__c605': cache hit -- 0 gates, area 0.00, delay -1000000000.00
[pass.abc] region 'DualIssueRegisterFile.DualIssueRegisterFile__c606': cache hit -- 0 gates, area 0.00, delay -1000000000.00
[pass.abc] region 'DualIssueRegisterFile.DualIssueRegisterFile__c607': cache hit -- 0 gates, area 0.00, delay -1000000000.00
[pass.abc] region 'DualIssueRegisterFile.DualIssueRegisterFile__c608': cache hit -- 0 gates, area 0.00, delay -1000000000.00
[pass.abc] region 'DualIssueRegisterFile.DualIssueRegisterFile__c609': cache hit -- 0 gates, area 0.00, delay -1000000000.00
[pass.abc] region 'DualIssueRegisterFile.DualIssueRegisterFile__c610': cache hit -- 0 gates, area 0.00, delay -1000000000.00
[pass.abc] region 'DualIssueRegisterFile.DualIssueRegisterFile__c611': cache hit -- 0 gates, area 0.00, delay -1000000000.00
[pass.abc] region 'DualIssueRegisterFile.DualIssueRegisterFile__c612': cache hit -- 0 gates, area 0.00, delay -1000000000.00
[pass.abc] region 'DualIssueRegisterFile.DualIssueRegisterFile__c613': cache hit -- 0 gates, area 0.00, delay -1000000000.00
[pass.abc] region 'DualIssueRegisterFile.DualIssueRegisterFile__c614': cache hit -- 0 gates, area 0.00, delay -1000000000.00
[pass.abc] region 'DualIssueRegisterFile.DualIssueRegisterFile__c615': cache hit -- 0 gates, area 0.00, delay -1000000000.00
[pass.abc] region 'DualIssueRegisterFile.DualIssueRegisterFile__c616': cache hit -- 0 gates, area 0.00, delay -1000000000.00
[pass.abc] region 'DualIssueRegisterFile.DualIssueRegisterFile__c617': cache hit -- 0 gates, area 0.00, delay -1000000000.00
[pass.abc] region 'DualIssueRegisterFile.DualIssueRegisterFile__c618': cache hit -- 0 gates, area 0.00, delay -1000000000.00
[pass.abc] region 'DualIssueRegisterFile.DualIssueRegisterFile__c619': cache hit -- 0 gates, area 0.00, delay -1000000000.00
[pass.abc] region 'DualIssueRegisterFile.DualIssueRegisterFile__c620': cache hit -- 0 gates, area 0.00, delay -1000000000.00
[pass.abc] region 'DualIssueRegisterFile.DualIssueRegisterFile__c621': cache hit -- 0 gates, area 0.00, delay -1000000000.00
[pass.abc] region 'DualIssueRegisterFile.DualIssueRegisterFile__c622': cache hit -- 0 gates, area 0.00, delay -1000000000.00
[pass.abc] region 'DualIssueRegisterFile.DualIssueRegisterFile__c623': cache hit -- 0 gates, area 0.00, delay -1000000000.00
[pass.abc] region 'DualIssueRegisterFile.DualIssueRegisterFile__c624': cache hit -- 0 gates, area 0.00, delay -1000000000.00
[pass.abc] region 'DualIssueRegisterFile.DualIssueRegisterFile__c625': cache hit -- 0 gates, area 0.00, delay -1000000000.00
[pass.abc] region 'DualIssueRegisterFile.DualIssueRegisterFile__c626': cache hit -- 0 gates, area 0.00, delay -1000000000.00
[pass.abc] region 'DualIssueRegisterFile.DualIssueRegisterFile__c627': cache hit -- 0 gates, area 0.00, delay -1000000000.00
[pass.abc] region 'DualIssueRegisterFile.DualIssueRegisterFile__c628': cache hit -- 0 gates, area 0.00, delay -1000000000.00
[pass.abc] region 'DualIssueRegisterFile.DualIssueRegisterFile__c629': cache hit -- 0 gates, area 0.00, delay -1000000000.00
[pass.abc] region 'DualIssueRegisterFile.DualIssueRegisterFile__c630': cache hit -- 0 gates, area 0.00, delay -1000000000.00
[pass.abc] region 'DualIssueRegisterFile.DualIssueRegisterFile__c631': cache hit -- 0 gates, area 0.00, delay -1000000000.00
[pass.abc] region 'DualIssueRegisterFile.DualIssueRegisterFile__c632': cache hit -- 0 gates, area 0.00, delay -1000000000.00
[pass.abc] region 'DualIssueRegisterFile.DualIssueRegisterFile__c633': cache hit -- 0 gates, area 0.00, delay -1000000000.00
[pass.abc] region 'DualIssueRegisterFile.DualIssueRegisterFile__c634': cache hit -- 0 gates, area 0.00, delay -1000000000.00
[pass.abc] region 'DualIssueRegisterFile.DualIssueRegisterFile__c635': cache hit -- 0 gates, area 0.00, delay -1000000000.00
[pass.abc] region 'DualIssueRegisterFile.DualIssueRegisterFile__c636': cache hit -- 0 gates, area 0.00, delay -1000000000.00
[pass.abc] region 'DualIssueRegisterFile.DualIssueRegisterFile__c637': cache hit -- 0 gates, area 0.00, delay -1000000000.00
[pass.abc] region 'DualIssueRegisterFile.DualIssueRegisterFile__c638': cache hit -- 0 gates, area 0.00, delay -1000000000.00
[pass.abc] region 'DualIssueRegisterFile.DualIssueRegisterFile__c639': cache hit -- 0 gates, area 0.00, delay -1000000000.00
[pass.abc] region 'DualIssueRegisterFile.DualIssueRegisterFile__c640': cache hit -- 0 gates, area 0.00, delay -1000000000.00
[pass.abc] region 'DualIssueRegisterFile.DualIssueRegisterFile__c641': cache hit -- 0 gates, area 0.00, delay -1000000000.00
[pass.abc] region 'DualIssueRegisterFile.DualIssueRegisterFile__c642': cache hit -- 0 gates, area 0.00, delay -1000000000.00
[pass.abc] region 'DualIssueRegisterFile.DualIssueRegisterFile__c643': cache hit -- 0 gates, area 0.00, delay -1000000000.00
[pass.abc] region 'DualIssueRegisterFile.DualIssueRegisterFile__c644': cache hit -- 0 gates, area 0.00, delay -1000000000.00
[pass.abc] region 'DualIssueRegisterFile.DualIssueRegisterFile__c645': cache hit -- 0 gates, area 0.00, delay -1000000000.00
[pass.abc] region 'DualIssueRegisterFile.DualIssueRegisterFile__c646': cache hit -- 0 gates, area 0.00, delay -1000000000.00
[pass.abc] region 'DualIssueRegisterFile.DualIssueRegisterFile__c647': cache hit -- 0 gates, area 0.00, delay -1000000000.00
[pass.abc] region 'DualIssueRegisterFile.DualIssueRegisterFile__c648': cache hit -- 0 gates, area 0.00, delay -1000000000.00
[pass.abc] region 'DualIssueRegisterFile.DualIssueRegisterFile__c649': cache hit -- 0 gates, area 0.00, delay -1000000000.00
[pass.abc] region 'DualIssueRegisterFile.DualIssueRegisterFile__c650': cache hit -- 0 gates, area 0.00, delay -1000000000.00
[pass.abc] region 'DualIssueRegisterFile.DualIssueRegisterFile__c651': cache hit -- 0 gates, area 0.00, delay -1000000000.00
[pass.abc] region 'DualIssueRegisterFile.DualIssueRegisterFile__c652': cache hit -- 0 gates, area 0.00, delay -1000000000.00
[pass.abc] region 'DualIssueRegisterFile.DualIssueRegisterFile__c653': cache hit -- 0 gates, area 0.00, delay -1000000000.00
[pass.abc] region 'DualIssueRegisterFile.DualIssueRegisterFile__c654': cache hit -- 0 gates, area 0.00, delay -1000000000.00
Warning: The current network has no primary outputs. Some commands may not work correctly.
Warning: The current GIA has no primary outputs. Some commands may not work correctly.
Warning: The current GIA has no primary outputs. Some commands may not work correctly.
Warning: The current network has no primary outputs. Some commands may not work correctly.
Warning: The current GIA has no primary outputs. Some commands may not work correctly.
Warning: The current GIA has no primary outputs. Some commands may not work correctly.
Warning: The current GIA has no primary outputs. Some commands may not work correctly.
Warning: The current GIA has no primary outputs. Some commands may not work correctly.
Warning: The current network has no primary outputs. Some commands may not work correctly.
[pass.abc] region 'DualIssueRegisterFile.DualIssueRegisterFile__c655': 0 gates, area 0.00, delay -1000000000.00
[pass.abc] region 'DualIssueRegisterFile.DualIssueRegisterFile__c656': cache hit -- 0 gates, area 0.00, delay -1000000000.00
[pass.abc] region 'DualIssueRegisterFile.DualIssueRegisterFile__c657': cache hit -- 0 gates, area 0.00, delay -1000000000.00
[pass.abc] region 'DualIssueRegisterFile.DualIssueRegisterFile__c658': cache hit -- 0 gates, area 0.00, delay -1000000000.00
[pass.abc] region 'DualIssueRegisterFile.DualIssueRegisterFile__c659': cache hit -- 0 gates, area 0.00, delay -1000000000.00
[pass.abc] region 'DualIssueRegisterFile.DualIssueRegisterFile__c660': cache hit -- 0 gates, area 0.00, delay -1000000000.00
[pass.abc] region 'DualIssueRegisterFile.DualIssueRegisterFile__c661': cache hit -- 0 gates, area 0.00, delay -1000000000.00
[pass.abc] region 'DualIssueRegisterFile.DualIssueRegisterFile__c662': cache hit -- 0 gates, area 0.00, delay -1000000000.00
[pass.abc] region 'DualIssueRegisterFile.DualIssueRegisterFile__c663': cache hit -- 0 gates, area 0.00, delay -1000000000.00
[pass.abc] region 'DualIssueRegisterFile.DualIssueRegisterFile__c664': cache hit -- 0 gates, area 0.00, delay -1000000000.00
[pass.abc] region 'DualIssueRegisterFile.DualIssueRegisterFile__c665': cache hit -- 0 gates, area 0.00, delay -1000000000.00
[pass.abc] region 'DualIssueRegisterFile.DualIssueRegisterFile__c666': cache hit -- 0 gates, area 0.00, delay -1000000000.00
[pass.abc] region 'DualIssueRegisterFile.DualIssueRegisterFile__c667': cache hit -- 0 gates, area 0.00, delay -1000000000.00
[pass.abc] region 'DualIssueRegisterFile.DualIssueRegisterFile__c668': cache hit -- 0 gates, area 0.00, delay -1000000000.00
[pass.abc] region 'DualIssueRegisterFile.DualIssueRegisterFile__c669': cache hit -- 0 gates, area 0.00, delay -1000000000.00
[pass.abc] region 'DualIssueRegisterFile.DualIssueRegisterFile__c670': cache hit -- 0 gates, area 0.00, delay -1000000000.00
[pass.abc] region 'DualIssueRegisterFile.DualIssueRegisterFile__c671': cache hit -- 0 gates, area 0.00, delay -1000000000.00
[pass.abc] region 'DualIssueRegisterFile.DualIssueRegisterFile__c672': cache hit -- 0 gates, area 0.00, delay -1000000000.00
[pass.abc] region 'DualIssueRegisterFile.DualIssueRegisterFile__c673': cache hit -- 0 gates, area 0.00, delay -1000000000.00
[pass.abc] region 'DualIssueRegisterFile.DualIssueRegisterFile__c674': cache hit -- 0 gates, area 0.00, delay -1000000000.00
[pass.abc] region 'DualIssueRegisterFile.DualIssueRegisterFile__c675': cache hit -- 0 gates, area 0.00, delay -1000000000.00
[pass.abc] region 'DualIssueRegisterFile.DualIssueRegisterFile__c676': cache hit -- 0 gates, area 0.00, delay -1000000000.00
[pass.abc] region 'DualIssueRegisterFile.DualIssueRegisterFile__c677': cache hit -- 0 gates, area 0.00, delay -1000000000.00
[pass.abc] region 'DualIssueRegisterFile.DualIssueRegisterFile__c678': cache hit -- 0 gates, area 0.00, delay -1000000000.00
[pass.abc] region 'DualIssueRegisterFile.DualIssueRegisterFile__c679': cache hit -- 0 gates, area 0.00, delay -1000000000.00
[pass.abc] region 'DualIssueRegisterFile.DualIssueRegisterFile__c680': cache hit -- 0 gates, area 0.00, delay -1000000000.00
[pass.abc] region 'DualIssueRegisterFile.DualIssueRegisterFile__c681': cache hit -- 0 gates, area 0.00, delay -1000000000.00
[pass.abc] region 'DualIssueRegisterFile.DualIssueRegisterFile__c682': cache hit -- 0 gates, area 0.00, delay -1000000000.00
[pass.abc] region 'DualIssueRegisterFile.DualIssueRegisterFile__c683': cache hit -- 0 gates, area 0.00, delay -1000000000.00
[pass.abc] region 'DualIssueRegisterFile.DualIssueRegisterFile__c684': cache hit -- 0 gates, area 0.00, delay -1000000000.00
[pass.abc] region 'DualIssueRegisterFile.DualIssueRegisterFile__c685': cache hit -- 0 gates, area 0.00, delay -1000000000.00
Warning: The current network has no primary outputs. Some commands may not work correctly.
Warning: The current GIA has no primary outputs. Some commands may not work correctly.
Warning: The current GIA has no primary outputs. Some commands may not work correctly.
Warning: The current network has no primary outputs. Some commands may not work correctly.
Warning: The current GIA has no primary outputs. Some commands may not work correctly.
Warning: The current GIA has no primary outputs. Some commands may not work correctly.
Warning: The current GIA has no primary outputs. Some commands may not work correctly.
Warning: The current GIA has no primary outputs. Some commands may not work correctly.
Warning: The current network has no primary outputs. Some commands may not work correctly.
[pass.abc] region 'DualIssueRegisterFile.DualIssueRegisterFile__c686': 0 gates, area 0.00, delay -1000000000.00
[pass.abc] region 'DualIssueRegisterFile.DualIssueRegisterFile__c687': cache hit -- 0 gates, area 0.00, delay -1000000000.00
[pass.abc] region 'Control.Control__c1': uncacheable -- ambiguous boundary: two inputs the region uses identically
[pass.abc] region 'Control.Control__c1': 68 gates, area 15.01, delay 2.00  critical output 'and_204_1' @ ./dino_prp/Control.prp:52
[pass.abc] region 'Control.Control__c2': uncacheable -- ambiguous boundary: two inputs the region uses identically
[pass.abc] region 'Control.Control__c2': 68 gates, area 419.40, delay 2.00  critical output 'or_176_1' @ ./dino_prp/Control.prp:51
[pass.abc] region 'Control.Control__c3': uncacheable -- ambiguous boundary: two inputs the region uses identically
[pass.abc] region 'Control.Control__c3': 68 gates, area 18.77, delay 2.00  critical output 'and_240_1' @ ./dino_prp/Control.prp:53
[pass.abc] region 'Control.Control__c4': 66 gates, area 22.53, delay 1.00  critical output 'mux_328_1' @ ./dino_prp/Control.prp:60
[pass.abc] region 'Control.Control__c5': uncacheable -- ambiguous boundary: two inputs the region uses identically
[pass.abc] region 'Control.Control__c5': 67 gates, area 12.52, delay 2.00  critical output 'and_360_1' @ ./dino_prp/Control.prp:62
[pass.abc] region 'Control.Control__c6': cache hit -- 66 gates, area 22.53, delay 1.00
[pass.abc] region 'Control.Control__c7': uncacheable -- ambiguous boundary: two inputs the region uses identically
[pass.abc] region 'Control.Control__c7': 67 gates, area 15.01, delay 2.00  critical output 'and_452_1' @ ./dino_prp/Control.prp:70
[pass.abc] region 'Control.Control__c8': cache hit -- 66 gates, area 22.53, delay 1.00
[pass.abc] region 'Control.Control__c9': 66 gates, area 6.26, delay 1.00  critical output 'and_540_1' @ ./dino_prp/Control.prp:77
[pass.abc] region 'Control.Control__c10': uncacheable -- ambiguous boundary: two inputs the region uses identically
[pass.abc] region 'Control.Control__c10': 69 gates, area 431.92, delay 3.00  critical output 'or_528_1' @ ./dino_prp/Control.prp:76
[pass.abc] region 'Control.Control__c11': uncacheable -- ambiguous boundary: two inputs the region uses identically
[pass.abc] region 'Control.Control__c11': 69 gates, area 26.27, delay 2.00  critical output 'and_564_1' @ ./dino_prp/Control.prp:78
[pass.abc] region 'Control.Control__c12': 8 gates, area 26.25, delay 1.00  critical output 'get_mask_16_1' @ ./dino_prp/Control.prp:1
[pass.abc] region 'Control.Control__c13': 68 gates, area 21.27, delay 2.00  critical output 'mux_24_1' @ ./dino_prp/Control.prp:22
[pass.abc] region 'Control.Control__c14': 68 gates, area 20.02, delay 2.00  critical output 'mux_32_1' @ ./dino_prp/Control.prp:24
[pass.abc] region 'Control.Control__c15': 68 gates, area 17.52, delay 2.00  critical output 'mux_40_1' @ ./dino_prp/Control.prp:26
[pass.abc] region 'Control.Control__c16': 68 gates, area 20.02, delay 2.00  critical output 'mux_48_1' @ ./dino_prp/Control.prp:28
[pass.abc] region 'Control.Control__c17': 68 gates, area 21.27, delay 2.00  critical output 'mux_56_1' @ ./dino_prp/Control.prp:30
[pass.abc] region 'Control.Control__c18': 68 gates, area 18.77, delay 2.00  critical output 'mux_64_1' @ ./dino_prp/Control.prp:32
[pass.abc] region 'Control.Control__c19': 68 gates, area 20.01, delay 2.00  critical output 'mux_72_1' @ ./dino_prp/Control.prp:34
[pass.abc] region 'Control.Control__c20': 68 gates, area 21.27, delay 2.00  critical output 'mux_80_1' @ ./dino_prp/Control.prp:36
[pass.abc] region 'Control.Control__c21': 68 gates, area 20.02, delay 2.00  critical output 'mux_88_1' @ ./dino_prp/Control.prp:38
[pass.abc] region 'Control.Control__c22': 68 gates, area 21.28, delay 2.00  critical output 'mux_96_1' @ ./dino_prp/Control.prp:40
[pass.abc] region 'Control.Control__c23': 68 gates, area 18.77, delay 2.00  critical output 'mux_104_1' @ ./dino_prp/Control.prp:42
[pass.abc] region 'Control.Control__c24': uncacheable -- ambiguous boundary: two inputs the region uses identically
[pass.abc] region 'Control.Control__c24': 198 gates, area 990.66, delay 2.00  critical output 'or_128_1' @ ./dino_prp/Control.prp:44
[pass.abc] region 'Control.Control__c25': uncacheable -- ambiguous boundary: two inputs the region uses identically
[pass.abc] region 'Control.Control__c25': 66 gates, area 413.16, delay 1.00  critical output 'or_132_1' @ ./dino_prp/Control.prp:46
[pass.abc] region 'Control.Control__c26': cache hit -- 24 gates, area 140.20, delay 4.00
[pass.abc] region 'Control.Control__c27': uncacheable -- ambiguous boundary: two inputs the region uses identically
[pass.abc] region 'Control.Control__c27': 48 gates, area 294.19, delay 4.00  critical output 'get_mask_264_1' @ ./dino_prp/Control.prp:57
Warning: The current network has no primary outputs. Some commands may not work correctly.
Warning: The current GIA has no primary outputs. Some commands may not work correctly.
Warning: The current GIA has no primary outputs. Some commands may not work correctly.
Warning: The current network has no primary outputs. Some commands may not work correctly.
Warning: The current GIA has no primary outputs. Some commands may not work correctly.
Warning: The current GIA has no primary outputs. Some commands may not work correctly.
Warning: The current GIA has no primary outputs. Some commands may not work correctly.
Warning: The current GIA has no primary outputs. Some commands may not work correctly.
Warning: The current network has no primary outputs. Some commands may not work correctly.
[pass.abc] region 'Control.Control__c28': 0 gates, area 0.00, delay -1000000000.00
[pass.abc] region 'Control.Control__c29': uncacheable -- ambiguous boundary: two inputs the region uses identically
[pass.abc] region 'Control.Control__c29': 47 gates, area 279.16, delay 4.00  critical output 'eq_280_1' @ ./dino_prp/Control.prp:58
[pass.abc] region 'Control.Control__c30': 3 gates, area 17.52, delay 1.00  critical output 'get_mask_284_1' @ ./dino_prp/Control.prp:58
[pass.abc] region 'Control.Control__c31': cache hit -- 0 gates, area 0.00, delay -1000000000.00
[pass.abc] region 'Control.Control__c32': uncacheable -- ambiguous boundary: two inputs the region uses identically
[pass.abc] region 'Control.Control__c32': 67 gates, area 414.40, delay 5.00  critical output 'eq_300_1' @ ./dino_prp/Control.prp:59
[pass.abc] region 'Control.Control__c33': 3 gates, area 15.02, delay 1.00  critical output 'get_mask_304_1' @ ./dino_prp/Control.prp:59
[pass.abc] region 'Control.Control__c34': cache hit -- 0 gates, area 0.00, delay -1000000000.00
[pass.abc] region 'Control.Control__c35': cache hit -- 24 gates, area 140.20, delay 4.00
[pass.abc] region 'Control.Control__c36': cache hit -- 3 gates, area 17.52, delay 1.00
[pass.abc] region 'Control.Control__c37': cache hit -- 0 gates, area 0.00, delay -1000000000.00
[pass.abc] region 'Control.Control__c38': uncacheable -- ambiguous boundary: two inputs the region uses identically
[pass.abc] region 'Control.Control__c38': 157 gates, area 970.28, delay 5.00  critical output 'eq_404_1' @ ./dino_prp/Control.prp:67
[pass.abc] region 'Control.Control__c39': 26 gates, area 151.46, delay 4.00  critical output 'get_mask_408_1' @ ./dino_prp/Control.prp:67
[pass.abc] region 'Control.Control__c40': cache hit -- 0 gates, area 0.00, delay -1000000000.00
[pass.abc] region 'Control.Control__c41': cache hit -- 24 gates, area 140.20, delay 4.00
[pass.abc] region 'Control.Control__c42': cache hit -- 26 gates, area 151.46, delay 4.00
[pass.abc] region 'Control.Control__c43': cache hit -- 0 gates, area 0.00, delay -1000000000.00
[pass.abc] region 'ImmediateGenerator.ImmediateGenerator__c1': cache hit -- 68 gates, area 579.41, delay 2.00
[pass.abc] region 'ImmediateGenerator.ImmediateGenerator__c2': 65 gates, area 240.00, delay 1.00  critical output 'get_mask_16_1' @ ./dino_prp/ImmediateGenerator.prp:1
[pass.abc] region 'ImmediateGenerator.ImmediateGenerator__c3': 65 gates, area 3.75, delay 1.00  critical output 'and_24_1' @ ./dino_prp/ImmediateGenerator.prp:2
[pass.abc] region 'ImmediateGenerator.ImmediateGenerator__c4': cache hit -- 65 gates, area 3.75, delay 1.00
[pass.abc] region 'ImmediateGenerator.ImmediateGenerator__c5': cache hit -- 65 gates, area 3.75, delay 1.00
[pass.abc] region 'ImmediateGenerator.ImmediateGenerator__c6': cache hit -- 65 gates, area 3.75, delay 1.00
[pass.abc] region 'ImmediateGenerator.ImmediateGenerator__c7': cache hit -- 65 gates, area 3.75, delay 1.00
[pass.abc] region 'ImmediateGenerator.ImmediateGenerator__c8': cache hit -- 65 gates, area 3.75, delay 1.00
[pass.abc] region 'ImmediateGenerator.ImmediateGenerator__c9': cache hit -- 65 gates, area 3.75, delay 1.00
[pass.abc] region 'ImmediateGenerator.ImmediateGenerator__c10': cache hit -- 65 gates, area 3.75, delay 1.00
[pass.abc] region 'ImmediateGenerator.ImmediateGenerator__c11': cache hit -- 65 gates, area 3.75, delay 1.00
[pass.abc] region 'ImmediateGenerator.ImmediateGenerator__c12': 4 gates, area 15.01, delay 2.00  critical output 'eq_96_1' @ ./dino_prp/ImmediateGenerator.prp:11
[pass.abc] region 'ImmediateGenerator.ImmediateGenerator__c13': 6 gates, area 18.75, delay 1.00  critical output 'get_mask_100_1' @ ./dino_prp/ImmediateGenerator.prp:11
[pass.abc] region 'ImmediateGenerator.ImmediateGenerator__c14': 65 gates, area 22.50, delay 1.00  critical output 'get_mask_108_1' @ ./dino_prp/ImmediateGenerator.prp:11
Warning: The current network has no primary outputs. Some commands may not work correctly.
Warning: The current GIA has no primary outputs. Some commands may not work correctly.
Warning: The current GIA has no primary outputs. Some commands may not work correctly.
Warning: The current network has no primary outputs. Some commands may not work correctly.
Warning: The current GIA has no primary outputs. Some commands may not work correctly.
Warning: The current GIA has no primary outputs. Some commands may not work correctly.
Warning: The current GIA has no primary outputs. Some commands may not work correctly.
Warning: The current GIA has no primary outputs. Some commands may not work correctly.
Warning: The current network has no primary outputs. Some commands may not work correctly.
[pass.abc] region 'ImmediateGenerator.ImmediateGenerator__c15': 0 gates, area 0.00, delay -1000000000.00
[pass.abc] region 'ImmediateGenerator.ImmediateGenerator__c16': cache hit -- 0 gates, area 0.00, delay -1000000000.00
[pass.abc] region 'ImmediateGenerator.ImmediateGenerator__c17': cache hit -- 0 gates, area 0.00, delay -1000000000.00
[pass.abc] region 'ImmediateGenerator.ImmediateGenerator__c18': 3 gates, area 17.52, delay 2.00  critical output 'eq_132_1' @ ./dino_prp/ImmediateGenerator.prp:12
[pass.abc] region 'ImmediateGenerator.ImmediateGenerator__c19': 66 gates, area 243.75, delay 1.00  critical output 'shl_136_1' @ ./dino_prp/ImmediateGenerator.prp:12
[pass.abc] region 'ImmediateGenerator.ImmediateGenerator__c20': 67 gates, area 243.75, delay 1.00  critical output 'shl_140_1' @ ./dino_prp/ImmediateGenerator.prp:12
[pass.abc] region 'ImmediateGenerator.ImmediateGenerator__c21': 68 gates, area 243.75, delay 1.00  critical output 'shl_144_1' @ ./dino_prp/ImmediateGenerator.prp:12
[pass.abc] region 'ImmediateGenerator.ImmediateGenerator__c22': 69 gates, area 243.75, delay 1.00  critical output 'shl_148_1' @ ./dino_prp/ImmediateGenerator.prp:12
[pass.abc] region 'ImmediateGenerator.ImmediateGenerator__c23': 70 gates, area 243.75, delay 1.00  critical output 'shl_152_1' @ ./dino_prp/ImmediateGenerator.prp:12
[pass.abc] region 'ImmediateGenerator.ImmediateGenerator__c24': 71 gates, area 243.75, delay 1.00  critical output 'shl_156_1' @ ./dino_prp/ImmediateGenerator.prp:12
[pass.abc] region 'ImmediateGenerator.ImmediateGenerator__c25': 72 gates, area 243.75, delay 1.00  critical output 'shl_160_1' @ ./dino_prp/ImmediateGenerator.prp:12
[pass.abc] region 'ImmediateGenerator.ImmediateGenerator__c26': 73 gates, area 243.75, delay 1.00  critical output 'shl_164_1' @ ./dino_prp/ImmediateGenerator.prp:12
[pass.abc] region 'ImmediateGenerator.ImmediateGenerator__c27': 74 gates, area 243.75, delay 1.00  critical output 'shl_168_1' @ ./dino_prp/ImmediateGenerator.prp:12
[pass.abc] region 'ImmediateGenerator.ImmediateGenerator__c28': 75 gates, area 243.75, delay 1.00  critical output 'shl_172_1' @ ./dino_prp/ImmediateGenerator.prp:12
[pass.abc] region 'ImmediateGenerator.ImmediateGenerator__c29': 76 gates, area 243.75, delay 1.00  critical output 'shl_176_1' @ ./dino_prp/ImmediateGenerator.prp:12
[pass.abc] region 'ImmediateGenerator.ImmediateGenerator__c30': 77 gates, area 243.75, delay 1.00  critical output 'shl_180_1' @ ./dino_prp/ImmediateGenerator.prp:12
[pass.abc] region 'ImmediateGenerator.ImmediateGenerator__c31': 78 gates, area 243.75, delay 1.00  critical output 'shl_184_1' @ ./dino_prp/ImmediateGenerator.prp:12
[pass.abc] region 'ImmediateGenerator.ImmediateGenerator__c32': 79 gates, area 243.75, delay 1.00  critical output 'shl_188_1' @ ./dino_prp/ImmediateGenerator.prp:12
[pass.abc] region 'ImmediateGenerator.ImmediateGenerator__c33': 80 gates, area 243.75, delay 1.00  critical output 'shl_192_1' @ ./dino_prp/ImmediateGenerator.prp:12
[pass.abc] region 'ImmediateGenerator.ImmediateGenerator__c34': 81 gates, area 243.75, delay 1.00  critical output 'shl_196_1' @ ./dino_prp/ImmediateGenerator.prp:12
[pass.abc] region 'ImmediateGenerator.ImmediateGenerator__c35': 82 gates, area 243.75, delay 1.00  critical output 'shl_200_1' @ ./dino_prp/ImmediateGenerator.prp:12
[pass.abc] region 'ImmediateGenerator.ImmediateGenerator__c36': 83 gates, area 243.75, delay 1.00  critical output 'shl_204_1' @ ./dino_prp/ImmediateGenerator.prp:12
[pass.abc] region 'ImmediateGenerator.ImmediateGenerator__c37': 84 gates, area 243.75, delay 1.00  critical output 'shl_208_1' @ ./dino_prp/ImmediateGenerator.prp:12
[pass.abc] region 'ImmediateGenerator.ImmediateGenerator__c38': 85 gates, area 243.75, delay 1.00  critical output 'shl_212_1' @ ./dino_prp/ImmediateGenerator.prp:12
[pass.abc] region 'ImmediateGenerator.ImmediateGenerator__c39': 86 gates, area 243.75, delay 1.00  critical output 'shl_216_1' @ ./dino_prp/ImmediateGenerator.prp:12
[pass.abc] region 'ImmediateGenerator.ImmediateGenerator__c40': 87 gates, area 243.75, delay 1.00  critical output 'shl_220_1' @ ./dino_prp/ImmediateGenerator.prp:12
[pass.abc] region 'ImmediateGenerator.ImmediateGenerator__c41': 88 gates, area 243.75, delay 1.00  critical output 'shl_224_1' @ ./dino_prp/ImmediateGenerator.prp:12
[pass.abc] region 'ImmediateGenerator.ImmediateGenerator__c42': 89 gates, area 243.75, delay 1.00  critical output 'shl_228_1' @ ./dino_prp/ImmediateGenerator.prp:12
[pass.abc] region 'ImmediateGenerator.ImmediateGenerator__c43': 90 gates, area 243.75, delay 1.00  critical output 'shl_232_1' @ ./dino_prp/ImmediateGenerator.prp:12
[pass.abc] region 'ImmediateGenerator.ImmediateGenerator__c44': 91 gates, area 243.75, delay 1.00  critical output 'shl_236_1' @ ./dino_prp/ImmediateGenerator.prp:12
[pass.abc] region 'ImmediateGenerator.ImmediateGenerator__c45': 92 gates, area 243.75, delay 1.00  critical output 'shl_240_1' @ ./dino_prp/ImmediateGenerator.prp:12
[pass.abc] region 'ImmediateGenerator.ImmediateGenerator__c46': 93 gates, area 243.75, delay 1.00  critical output 'shl_244_1' @ ./dino_prp/ImmediateGenerator.prp:12
[pass.abc] region 'ImmediateGenerator.ImmediateGenerator__c47': 94 gates, area 243.75, delay 1.00  critical output 'shl_248_1' @ ./dino_prp/ImmediateGenerator.prp:12
[pass.abc] region 'ImmediateGenerator.ImmediateGenerator__c48': 95 gates, area 243.75, delay 1.00  critical output 'shl_252_1' @ ./dino_prp/ImmediateGenerator.prp:12
[pass.abc] region 'ImmediateGenerator.ImmediateGenerator__c49': 96 gates, area 243.75, delay 1.00  critical output 'shl_256_1' @ ./dino_prp/ImmediateGenerator.prp:12
[pass.abc] region 'ImmediateGenerator.ImmediateGenerator__c50': 97 gates, area 243.75, delay 1.00  critical output 'shl_260_1' @ ./dino_prp/ImmediateGenerator.prp:12
[pass.abc] region 'ImmediateGenerator.ImmediateGenerator__c51': 98 gates, area 243.75, delay 1.00  critical output 'shl_264_1' @ ./dino_prp/ImmediateGenerator.prp:12
[pass.abc] region 'ImmediateGenerator.ImmediateGenerator__c52': 99 gates, area 243.75, delay 1.00  critical output 'shl_268_1' @ ./dino_prp/ImmediateGenerator.prp:12
[pass.abc] region 'ImmediateGenerator.ImmediateGenerator__c53': 100 gates, area 243.75, delay 1.00  critical output 'shl_272_1' @ ./dino_prp/ImmediateGenerator.prp:12
[pass.abc] region 'ImmediateGenerator.ImmediateGenerator__c54': 101 gates, area 243.75, delay 1.00  critical output 'shl_276_1' @ ./dino_prp/ImmediateGenerator.prp:12
[pass.abc] region 'ImmediateGenerator.ImmediateGenerator__c55': 102 gates, area 243.75, delay 1.00  critical output 'shl_280_1' @ ./dino_prp/ImmediateGenerator.prp:12
[pass.abc] region 'ImmediateGenerator.ImmediateGenerator__c56': 103 gates, area 243.75, delay 1.00  critical output 'shl_284_1' @ ./dino_prp/ImmediateGenerator.prp:12
[pass.abc] region 'ImmediateGenerator.ImmediateGenerator__c57': 104 gates, area 243.75, delay 1.00  critical output 'shl_288_1' @ ./dino_prp/ImmediateGenerator.prp:12
[pass.abc] region 'ImmediateGenerator.ImmediateGenerator__c58': 105 gates, area 243.75, delay 1.00  critical output 'shl_292_1' @ ./dino_prp/ImmediateGenerator.prp:12
[pass.abc] region 'ImmediateGenerator.ImmediateGenerator__c59': 106 gates, area 243.75, delay 1.00  critical output 'shl_296_1' @ ./dino_prp/ImmediateGenerator.prp:12
[pass.abc] region 'ImmediateGenerator.ImmediateGenerator__c60': 107 gates, area 243.75, delay 1.00  critical output 'shl_300_1' @ ./dino_prp/ImmediateGenerator.prp:12
[pass.abc] region 'ImmediateGenerator.ImmediateGenerator__c61': 108 gates, area 243.75, delay 1.00  critical output 'shl_304_1' @ ./dino_prp/ImmediateGenerator.prp:12
[pass.abc] region 'ImmediateGenerator.ImmediateGenerator__c62': 109 gates, area 243.75, delay 1.00  critical output 'shl_308_1' @ ./dino_prp/ImmediateGenerator.prp:12
[pass.abc] region 'ImmediateGenerator.ImmediateGenerator__c63': 110 gates, area 243.75, delay 1.00  critical output 'shl_312_1' @ ./dino_prp/ImmediateGenerator.prp:12
[pass.abc] region 'ImmediateGenerator.ImmediateGenerator__c64': 111 gates, area 243.75, delay 1.00  critical output 'shl_316_1' @ ./dino_prp/ImmediateGenerator.prp:12
[pass.abc] region 'ImmediateGenerator.ImmediateGenerator__c65': 112 gates, area 243.75, delay 1.00  critical output 'shl_320_1' @ ./dino_prp/ImmediateGenerator.prp:12
[pass.abc] region 'ImmediateGenerator.ImmediateGenerator__c66': 113 gates, area 243.75, delay 1.00  critical output 'shl_324_1' @ ./dino_prp/ImmediateGenerator.prp:12
[pass.abc] region 'ImmediateGenerator.ImmediateGenerator__c67': 114 gates, area 243.75, delay 1.00  critical output 'shl_328_1' @ ./dino_prp/ImmediateGenerator.prp:12
[pass.abc] region 'ImmediateGenerator.ImmediateGenerator__c68': 115 gates, area 243.75, delay 1.00  critical output 'shl_332_1' @ ./dino_prp/ImmediateGenerator.prp:12
[pass.abc] region 'ImmediateGenerator.ImmediateGenerator__c69': 116 gates, area 243.75, delay 1.00  critical output 'shl_336_1' @ ./dino_prp/ImmediateGenerator.prp:12
[pass.abc] region 'ImmediateGenerator.ImmediateGenerator__c70': 1642 gates, area 10016.78, delay 3.00  critical output 'or_540_1' @ ./dino_prp/ImmediateGenerator.prp:12
[pass.abc] region 'ImmediateGenerator.ImmediateGenerator__c71': 128 gates, area 435.00, delay 1.00  critical output 'shl_544_1' @ ./dino_prp/ImmediateGenerator.prp:12
[pass.abc] region 'ImmediateGenerator.ImmediateGenerator__c72': 13 gates, area 45.00, delay 1.00  critical output 'get_mask_548_1' @ ./dino_prp/ImmediateGenerator.prp:12
[pass.abc] region 'ImmediateGenerator.ImmediateGenerator__c73': 128 gates, area 512.63, delay 1.00  critical output 'or_552_1' @ ./dino_prp/ImmediateGenerator.prp:12
[pass.abc] region 'ImmediateGenerator.ImmediateGenerator__c74': 65 gates, area 240.00, delay 1.00  critical output 'get_mask_556_1' @ ./dino_prp/ImmediateGenerator.prp:12
[pass.abc] region 'ImmediateGenerator.ImmediateGenerator__c75': 65 gates, area 560.64, delay 1.00  critical output 'get_mask_560_1' @ ./dino_prp/ImmediateGenerator.prp:12
Warning: The current network has no primary outputs. Some commands may not work correctly.
Warning: The current GIA has no primary outputs. Some commands may not work correctly.
Warning: The current GIA has no primary outputs. Some commands may not work correctly.
Warning: The current network has no primary outputs. Some commands may not work correctly.
Warning: The current GIA has no primary outputs. Some commands may not work correctly.
Warning: The current GIA has no primary outputs. Some commands may not work correctly.
Warning: The current GIA has no primary outputs. Some commands may not work correctly.
Warning: The current GIA has no primary outputs. Some commands may not work correctly.
Warning: The current network has no primary outputs. Some commands may not work correctly.
[pass.abc] region 'ImmediateGenerator.ImmediateGenerator__c76': 0 gates, area 0.00, delay -1000000000.00
Warning: The current network has no primary outputs. Some commands may not work correctly.
Warning: The current GIA has no primary outputs. Some commands may not work correctly.
Warning: The current GIA has no primary outputs. Some commands may not work correctly.
Warning: The current network has no primary outputs. Some commands may not work correctly.
Warning: The current GIA has no primary outputs. Some commands may not work correctly.
Warning: The current GIA has no primary outputs. Some commands may not work correctly.
Warning: The current GIA has no primary outputs. Some commands may not work correctly.
Warning: The current GIA has no primary outputs. Some commands may not work correctly.
Warning: The current network has no primary outputs. Some commands may not work correctly.
[pass.abc] region 'ImmediateGenerator.ImmediateGenerator__c77': 0 gates, area 0.00, delay -1000000000.00
Warning: The current network has no primary outputs. Some commands may not work correctly.
Warning: The current GIA has no primary outputs. Some commands may not work correctly.
Warning: The current GIA has no primary outputs. Some commands may not work correctly.
Warning: The current network has no primary outputs. Some commands may not work correctly.
Warning: The current GIA has no primary outputs. Some commands may not work correctly.
Warning: The current GIA has no primary outputs. Some commands may not work correctly.
Warning: The current GIA has no primary outputs. Some commands may not work correctly.
Warning: The current GIA has no primary outputs. Some commands may not work correctly.
Warning: The current network has no primary outputs. Some commands may not work correctly.
[pass.abc] region 'ImmediateGenerator.ImmediateGenerator__c78': 0 gates, area 0.00, delay -1000000000.00
Warning: The current network has no primary outputs. Some commands may not work correctly.
Warning: The current GIA has no primary outputs. Some commands may not work correctly.
Warning: The current GIA has no primary outputs. Some commands may not work correctly.
Warning: The current network has no primary outputs. Some commands may not work correctly.
Warning: The current GIA has no primary outputs. Some commands may not work correctly.
Warning: The current GIA has no primary outputs. Some commands may not work correctly.
Warning: The current GIA has no primary outputs. Some commands may not work correctly.
Warning: The current GIA has no primary outputs. Some commands may not work correctly.
Warning: The current network has no primary outputs. Some commands may not work correctly.
[pass.abc] region 'ImmediateGenerator.ImmediateGenerator__c79': 0 gates, area 0.00, delay -1000000000.00
Warning: The current network has no primary outputs. Some commands may not work correctly.
Warning: The current GIA has no primary outputs. Some commands may not work correctly.
Warning: The current GIA has no primary outputs. Some commands may not work correctly.
Warning: The current network has no primary outputs. Some commands may not work correctly.
Warning: The current GIA has no primary outputs. Some commands may not work correctly.
Warning: The current GIA has no primary outputs. Some commands may not work correctly.
Warning: The current GIA has no primary outputs. Some commands may not work correctly.
Warning: The current GIA has no primary outputs. Some commands may not work correctly.
Warning: The current network has no primary outputs. Some commands may not work correctly.
[pass.abc] region 'ImmediateGenerator.ImmediateGenerator__c80': 0 gates, area 0.00, delay -1000000000.00
Warning: The current network has no primary outputs. Some commands may not work correctly.
Warning: The current GIA has no primary outputs. Some commands may not work correctly.
Warning: The current GIA has no primary outputs. Some commands may not work correctly.
Warning: The current network has no primary outputs. Some commands may not work correctly.
Warning: The current GIA has no primary outputs. Some commands may not work correctly.
Warning: The current GIA has no primary outputs. Some commands may not work correctly.
Warning: The current GIA has no primary outputs. Some commands may not work correctly.
Warning: The current GIA has no primary outputs. Some commands may not work correctly.
Warning: The current network has no primary outputs. Some commands may not work correctly.
[pass.abc] region 'ImmediateGenerator.ImmediateGenerator__c81': 0 gates, area 0.00, delay -1000000000.00
Warning: The current network has no primary outputs. Some commands may not work correctly.
Warning: The current GIA has no primary outputs. Some commands may not work correctly.
Warning: The current GIA has no primary outputs. Some commands may not work correctly.
Warning: The current network has no primary outputs. Some commands may not work correctly.
Warning: The current GIA has no primary outputs. Some commands may not work correctly.
Warning: The current GIA has no primary outputs. Some commands may not work correctly.
Warning: The current GIA has no primary outputs. Some commands may not work correctly.
Warning: The current GIA has no primary outputs. Some commands may not work correctly.
Warning: The current network has no primary outputs. Some commands may not work correctly.
[pass.abc] region 'ImmediateGenerator.ImmediateGenerator__c82': 0 gates, area 0.00, delay -1000000000.00
Warning: The current network has no primary outputs. Some commands may not work correctly.
Warning: The current GIA has no primary outputs. Some commands may not work correctly.
Warning: The current GIA has no primary outputs. Some commands may not work correctly.
Warning: The current network has no primary outputs. Some commands may not work correctly.
Warning: The current GIA has no primary outputs. Some commands may not work correctly.
Warning: The current GIA has no primary outputs. Some commands may not work correctly.
Warning: The current GIA has no primary outputs. Some commands may not work correctly.
Warning: The current GIA has no primary outputs. Some commands may not work correctly.
Warning: The current network has no primary outputs. Some commands may not work correctly.
[pass.abc] region 'ImmediateGenerator.ImmediateGenerator__c83': 0 gates, area 0.00, delay -1000000000.00
[pass.abc] region 'ImmediateGenerator.ImmediateGenerator__c84': cache hit -- 0 gates, area 0.00, delay -1000000000.00
[pass.abc] region 'ImmediateGenerator.ImmediateGenerator__c85': cache hit -- 0 gates, area 0.00, delay -1000000000.00
[pass.abc] region 'ImmediateGenerator.ImmediateGenerator__c86': cache hit -- 0 gates, area 0.00, delay -1000000000.00
Warning: The current network has no primary outputs. Some commands may not work correctly.
Warning: The current GIA has no primary outputs. Some commands may not work correctly.
Warning: The current GIA has no primary outputs. Some commands may not work correctly.
Warning: The current network has no primary outputs. Some commands may not work correctly.
Warning: The current GIA has no primary outputs. Some commands may not work correctly.
Warning: The current GIA has no primary outputs. Some commands may not work correctly.
Warning: The current GIA has no primary outputs. Some commands may not work correctly.
Warning: The current GIA has no primary outputs. Some commands may not work correctly.
Warning: The current network has no primary outputs. Some commands may not work correctly.
[pass.abc] region 'ImmediateGenerator.ImmediateGenerator__c87': 0 gates, area 0.00, delay -1000000000.00
Warning: The current network has no primary outputs. Some commands may not work correctly.
Warning: The current GIA has no primary outputs. Some commands may not work correctly.
Warning: The current GIA has no primary outputs. Some commands may not work correctly.
Warning: The current network has no primary outputs. Some commands may not work correctly.
Warning: The current GIA has no primary outputs. Some commands may not work correctly.
Warning: The current GIA has no primary outputs. Some commands may not work correctly.
Warning: The current GIA has no primary outputs. Some commands may not work correctly.
Warning: The current GIA has no primary outputs. Some commands may not work correctly.
Warning: The current network has no primary outputs. Some commands may not work correctly.
[pass.abc] region 'ImmediateGenerator.ImmediateGenerator__c88': 0 gates, area 0.00, delay -1000000000.00
Warning: The current network has no primary outputs. Some commands may not work correctly.
Warning: The current GIA has no primary outputs. Some commands may not work correctly.
Warning: The current GIA has no primary outputs. Some commands may not work correctly.
Warning: The current network has no primary outputs. Some commands may not work correctly.
Warning: The current GIA has no primary outputs. Some commands may not work correctly.
Warning: The current GIA has no primary outputs. Some commands may not work correctly.
Warning: The current GIA has no primary outputs. Some commands may not work correctly.
Warning: The current GIA has no primary outputs. Some commands may not work correctly.
Warning: The current network has no primary outputs. Some commands may not work correctly.
[pass.abc] region 'ImmediateGenerator.ImmediateGenerator__c89': 0 gates, area 0.00, delay -1000000000.00
Warning: The current network has no primary outputs. Some commands may not work correctly.
Warning: The current GIA has no primary outputs. Some commands may not work correctly.
Warning: The current GIA has no primary outputs. Some commands may not work correctly.
Warning: The current network has no primary outputs. Some commands may not work correctly.
Warning: The current GIA has no primary outputs. Some commands may not work correctly.
Warning: The current GIA has no primary outputs. Some commands may not work correctly.
Warning: The current GIA has no primary outputs. Some commands may not work correctly.
Warning: The current GIA has no primary outputs. Some commands may not work correctly.
Warning: The current network has no primary outputs. Some commands may not work correctly.
[pass.abc] region 'ImmediateGenerator.ImmediateGenerator__c90': 0 gates, area 0.00, delay -1000000000.00
Warning: The current network has no primary outputs. Some commands may not work correctly.
Warning: The current GIA has no primary outputs. Some commands may not work correctly.
Warning: The current GIA has no primary outputs. Some commands may not work correctly.
Warning: The current network has no primary outputs. Some commands may not work correctly.
Warning: The current GIA has no primary outputs. Some commands may not work correctly.
Warning: The current GIA has no primary outputs. Some commands may not work correctly.
Warning: The current GIA has no primary outputs. Some commands may not work correctly.
Warning: The current GIA has no primary outputs. Some commands may not work correctly.
Warning: The current network has no primary outputs. Some commands may not work correctly.
[pass.abc] region 'ImmediateGenerator.ImmediateGenerator__c91': 0 gates, area 0.00, delay -1000000000.00
Warning: The current network has no primary outputs. Some commands may not work correctly.
Warning: The current GIA has no primary outputs. Some commands may not work correctly.
Warning: The current GIA has no primary outputs. Some commands may not work correctly.
Warning: The current network has no primary outputs. Some commands may not work correctly.
Warning: The current GIA has no primary outputs. Some commands may not work correctly.
Warning: The current GIA has no primary outputs. Some commands may not work correctly.
Warning: The current GIA has no primary outputs. Some commands may not work correctly.
Warning: The current GIA has no primary outputs. Some commands may not work correctly.
Warning: The current network has no primary outputs. Some commands may not work correctly.
[pass.abc] region 'ImmediateGenerator.ImmediateGenerator__c92': 0 gates, area 0.00, delay -1000000000.00
Warning: The current network has no primary outputs. Some commands may not work correctly.
Warning: The current GIA has no primary outputs. Some commands may not work correctly.
Warning: The current GIA has no primary outputs. Some commands may not work correctly.
Warning: The current network has no primary outputs. Some commands may not work correctly.
Warning: The current GIA has no primary outputs. Some commands may not work correctly.
Warning: The current GIA has no primary outputs. Some commands may not work correctly.
Warning: The current GIA has no primary outputs. Some commands may not work correctly.
Warning: The current GIA has no primary outputs. Some commands may not work correctly.
Warning: The current network has no primary outputs. Some commands may not work correctly.
[pass.abc] region 'ImmediateGenerator.ImmediateGenerator__c93': 0 gates, area 0.00, delay -1000000000.00
Warning: The current network has no primary outputs. Some commands may not work correctly.
Warning: The current GIA has no primary outputs. Some commands may not work correctly.
Warning: The current GIA has no primary outputs. Some commands may not work correctly.
Warning: The current network has no primary outputs. Some commands may not work correctly.
Warning: The current GIA has no primary outputs. Some commands may not work correctly.
Warning: The current GIA has no primary outputs. Some commands may not work correctly.
Warning: The current GIA has no primary outputs. Some commands may not work correctly.
Warning: The current GIA has no primary outputs. Some commands may not work correctly.
Warning: The current network has no primary outputs. Some commands may not work correctly.
[pass.abc] region 'ImmediateGenerator.ImmediateGenerator__c94': 0 gates, area 0.00, delay -1000000000.00
Warning: The current network has no primary outputs. Some commands may not work correctly.
Warning: The current GIA has no primary outputs. Some commands may not work correctly.
Warning: The current GIA has no primary outputs. Some commands may not work correctly.
Warning: The current network has no primary outputs. Some commands may not work correctly.
Warning: The current GIA has no primary outputs. Some commands may not work correctly.
Warning: The current GIA has no primary outputs. Some commands may not work correctly.
Warning: The current GIA has no primary outputs. Some commands may not work correctly.
Warning: The current GIA has no primary outputs. Some commands may not work correctly.
Warning: The current network has no primary outputs. Some commands may not work correctly.
[pass.abc] region 'ImmediateGenerator.ImmediateGenerator__c95': 0 gates, area 0.00, delay -1000000000.00
Warning: The current network has no primary outputs. Some commands may not work correctly.
Warning: The current GIA has no primary outputs. Some commands may not work correctly.
Warning: The current GIA has no primary outputs. Some commands may not work correctly.
Warning: The current network has no primary outputs. Some commands may not work correctly.
Warning: The current GIA has no primary outputs. Some commands may not work correctly.
Warning: The current GIA has no primary outputs. Some commands may not work correctly.
Warning: The current GIA has no primary outputs. Some commands may not work correctly.
Warning: The current GIA has no primary outputs. Some commands may not work correctly.
Warning: The current network has no primary outputs. Some commands may not work correctly.
[pass.abc] region 'ImmediateGenerator.ImmediateGenerator__c96': 0 gates, area 0.00, delay -1000000000.00
Warning: The current network has no primary outputs. Some commands may not work correctly.
Warning: The current GIA has no primary outputs. Some commands may not work correctly.
Warning: The current GIA has no primary outputs. Some commands may not work correctly.
Warning: The current network has no primary outputs. Some commands may not work correctly.
Warning: The current GIA has no primary outputs. Some commands may not work correctly.
Warning: The current GIA has no primary outputs. Some commands may not work correctly.
Warning: The current GIA has no primary outputs. Some commands may not work correctly.
Warning: The current GIA has no primary outputs. Some commands may not work correctly.
Warning: The current network has no primary outputs. Some commands may not work correctly.
[pass.abc] region 'ImmediateGenerator.ImmediateGenerator__c97': 0 gates, area 0.00, delay -1000000000.00
Warning: The current network has no primary outputs. Some commands may not work correctly.
Warning: The current GIA has no primary outputs. Some commands may not work correctly.
Warning: The current GIA has no primary outputs. Some commands may not work correctly.
Warning: The current network has no primary outputs. Some commands may not work correctly.
Warning: The current GIA has no primary outputs. Some commands may not work correctly.
Warning: The current GIA has no primary outputs. Some commands may not work correctly.
Warning: The current GIA has no primary outputs. Some commands may not work correctly.
Warning: The current GIA has no primary outputs. Some commands may not work correctly.
Warning: The current network has no primary outputs. Some commands may not work correctly.
[pass.abc] region 'ImmediateGenerator.ImmediateGenerator__c98': 0 gates, area 0.00, delay -1000000000.00
Warning: The current network has no primary outputs. Some commands may not work correctly.
Warning: The current GIA has no primary outputs. Some commands may not work correctly.
Warning: The current GIA has no primary outputs. Some commands may not work correctly.
Warning: The current network has no primary outputs. Some commands may not work correctly.
Warning: The current GIA has no primary outputs. Some commands may not work correctly.
Warning: The current GIA has no primary outputs. Some commands may not work correctly.
Warning: The current GIA has no primary outputs. Some commands may not work correctly.
Warning: The current GIA has no primary outputs. Some commands may not work correctly.
Warning: The current network has no primary outputs. Some commands may not work correctly.
[pass.abc] region 'ImmediateGenerator.ImmediateGenerator__c99': 0 gates, area 0.00, delay -1000000000.00
Warning: The current network has no primary outputs. Some commands may not work correctly.
Warning: The current GIA has no primary outputs. Some commands may not work correctly.
Warning: The current GIA has no primary outputs. Some commands may not work correctly.
Warning: The current network has no primary outputs. Some commands may not work correctly.
Warning: The current GIA has no primary outputs. Some commands may not work correctly.
Warning: The current GIA has no primary outputs. Some commands may not work correctly.
Warning: The current GIA has no primary outputs. Some commands may not work correctly.
Warning: The current GIA has no primary outputs. Some commands may not work correctly.
Warning: The current network has no primary outputs. Some commands may not work correctly.
[pass.abc] region 'ImmediateGenerator.ImmediateGenerator__c100': 0 gates, area 0.00, delay -1000000000.00
Warning: The current network has no primary outputs. Some commands may not work correctly.
Warning: The current GIA has no primary outputs. Some commands may not work correctly.
Warning: The current GIA has no primary outputs. Some commands may not work correctly.
Warning: The current network has no primary outputs. Some commands may not work correctly.
Warning: The current GIA has no primary outputs. Some commands may not work correctly.
Warning: The current GIA has no primary outputs. Some commands may not work correctly.
Warning: The current GIA has no primary outputs. Some commands may not work correctly.
Warning: The current GIA has no primary outputs. Some commands may not work correctly.
Warning: The current network has no primary outputs. Some commands may not work correctly.
[pass.abc] region 'ImmediateGenerator.ImmediateGenerator__c101': 0 gates, area 0.00, delay -1000000000.00
Warning: The current network has no primary outputs. Some commands may not work correctly.
Warning: The current GIA has no primary outputs. Some commands may not work correctly.
Warning: The current GIA has no primary outputs. Some commands may not work correctly.
Warning: The current network has no primary outputs. Some commands may not work correctly.
Warning: The current GIA has no primary outputs. Some commands may not work correctly.
Warning: The current GIA has no primary outputs. Some commands may not work correctly.
Warning: The current GIA has no primary outputs. Some commands may not work correctly.
Warning: The current GIA has no primary outputs. Some commands may not work correctly.
Warning: The current network has no primary outputs. Some commands may not work correctly.
[pass.abc] region 'ImmediateGenerator.ImmediateGenerator__c102': 0 gates, area 0.00, delay -1000000000.00
Warning: The current network has no primary outputs. Some commands may not work correctly.
Warning: The current GIA has no primary outputs. Some commands may not work correctly.
Warning: The current GIA has no primary outputs. Some commands may not work correctly.
Warning: The current network has no primary outputs. Some commands may not work correctly.
Warning: The current GIA has no primary outputs. Some commands may not work correctly.
Warning: The current GIA has no primary outputs. Some commands may not work correctly.
Warning: The current GIA has no primary outputs. Some commands may not work correctly.
Warning: The current GIA has no primary outputs. Some commands may not work correctly.
Warning: The current network has no primary outputs. Some commands may not work correctly.
[pass.abc] region 'ImmediateGenerator.ImmediateGenerator__c103': 0 gates, area 0.00, delay -1000000000.00
Warning: The current network has no primary outputs. Some commands may not work correctly.
Warning: The current GIA has no primary outputs. Some commands may not work correctly.
Warning: The current GIA has no primary outputs. Some commands may not work correctly.
Warning: The current network has no primary outputs. Some commands may not work correctly.
Warning: The current GIA has no primary outputs. Some commands may not work correctly.
Warning: The current GIA has no primary outputs. Some commands may not work correctly.
Warning: The current GIA has no primary outputs. Some commands may not work correctly.
Warning: The current GIA has no primary outputs. Some commands may not work correctly.
Warning: The current network has no primary outputs. Some commands may not work correctly.
[pass.abc] region 'ImmediateGenerator.ImmediateGenerator__c104': 0 gates, area 0.00, delay -1000000000.00
Warning: The current network has no primary outputs. Some commands may not work correctly.
Warning: The current GIA has no primary outputs. Some commands may not work correctly.
Warning: The current GIA has no primary outputs. Some commands may not work correctly.
Warning: The current network has no primary outputs. Some commands may not work correctly.
Warning: The current GIA has no primary outputs. Some commands may not work correctly.
Warning: The current GIA has no primary outputs. Some commands may not work correctly.
Warning: The current GIA has no primary outputs. Some commands may not work correctly.
Warning: The current GIA has no primary outputs. Some commands may not work correctly.
Warning: The current network has no primary outputs. Some commands may not work correctly.
[pass.abc] region 'ImmediateGenerator.ImmediateGenerator__c105': 0 gates, area 0.00, delay -1000000000.00
Warning: The current network has no primary outputs. Some commands may not work correctly.
Warning: The current GIA has no primary outputs. Some commands may not work correctly.
Warning: The current GIA has no primary outputs. Some commands may not work correctly.
Warning: The current network has no primary outputs. Some commands may not work correctly.
Warning: The current GIA has no primary outputs. Some commands may not work correctly.
Warning: The current GIA has no primary outputs. Some commands may not work correctly.
Warning: The current GIA has no primary outputs. Some commands may not work correctly.
Warning: The current GIA has no primary outputs. Some commands may not work correctly.
Warning: The current network has no primary outputs. Some commands may not work correctly.
[pass.abc] region 'ImmediateGenerator.ImmediateGenerator__c106': 0 gates, area 0.00, delay -1000000000.00
Warning: The current network has no primary outputs. Some commands may not work correctly.
Warning: The current GIA has no primary outputs. Some commands may not work correctly.
Warning: The current GIA has no primary outputs. Some commands may not work correctly.
Warning: The current network has no primary outputs. Some commands may not work correctly.
Warning: The current GIA has no primary outputs. Some commands may not work correctly.
Warning: The current GIA has no primary outputs. Some commands may not work correctly.
Warning: The current GIA has no primary outputs. Some commands may not work correctly.
Warning: The current GIA has no primary outputs. Some commands may not work correctly.
Warning: The current network has no primary outputs. Some commands may not work correctly.
[pass.abc] region 'ImmediateGenerator.ImmediateGenerator__c107': 0 gates, area 0.00, delay -1000000000.00
Warning: The current network has no primary outputs. Some commands may not work correctly.
Warning: The current GIA has no primary outputs. Some commands may not work correctly.
Warning: The current GIA has no primary outputs. Some commands may not work correctly.
Warning: The current network has no primary outputs. Some commands may not work correctly.
Warning: The current GIA has no primary outputs. Some commands may not work correctly.
Warning: The current GIA has no primary outputs. Some commands may not work correctly.
Warning: The current GIA has no primary outputs. Some commands may not work correctly.
Warning: The current GIA has no primary outputs. Some commands may not work correctly.
Warning: The current network has no primary outputs. Some commands may not work correctly.
[pass.abc] region 'ImmediateGenerator.ImmediateGenerator__c108': 0 gates, area 0.00, delay -1000000000.00
Warning: The current network has no primary outputs. Some commands may not work correctly.
Warning: The current GIA has no primary outputs. Some commands may not work correctly.
Warning: The current GIA has no primary outputs. Some commands may not work correctly.
Warning: The current network has no primary outputs. Some commands may not work correctly.
Warning: The current GIA has no primary outputs. Some commands may not work correctly.
Warning: The current GIA has no primary outputs. Some commands may not work correctly.
Warning: The current GIA has no primary outputs. Some commands may not work correctly.
Warning: The current GIA has no primary outputs. Some commands may not work correctly.
Warning: The current network has no primary outputs. Some commands may not work correctly.
[pass.abc] region 'ImmediateGenerator.ImmediateGenerator__c109': 0 gates, area 0.00, delay -1000000000.00
Warning: The current network has no primary outputs. Some commands may not work correctly.
Warning: The current GIA has no primary outputs. Some commands may not work correctly.
Warning: The current GIA has no primary outputs. Some commands may not work correctly.
Warning: The current network has no primary outputs. Some commands may not work correctly.
Warning: The current GIA has no primary outputs. Some commands may not work correctly.
Warning: The current GIA has no primary outputs. Some commands may not work correctly.
Warning: The current GIA has no primary outputs. Some commands may not work correctly.
Warning: The current GIA has no primary outputs. Some commands may not work correctly.
Warning: The current network has no primary outputs. Some commands may not work correctly.
[pass.abc] region 'ImmediateGenerator.ImmediateGenerator__c110': 0 gates, area 0.00, delay -1000000000.00
Warning: The current network has no primary outputs. Some commands may not work correctly.
Warning: The current GIA has no primary outputs. Some commands may not work correctly.
Warning: The current GIA has no primary outputs. Some commands may not work correctly.
Warning: The current network has no primary outputs. Some commands may not work correctly.
Warning: The current GIA has no primary outputs. Some commands may not work correctly.
Warning: The current GIA has no primary outputs. Some commands may not work correctly.
Warning: The current GIA has no primary outputs. Some commands may not work correctly.
Warning: The current GIA has no primary outputs. Some commands may not work correctly.
Warning: The current network has no primary outputs. Some commands may not work correctly.
[pass.abc] region 'ImmediateGenerator.ImmediateGenerator__c111': 0 gates, area 0.00, delay -1000000000.00
Warning: The current network has no primary outputs. Some commands may not work correctly.
Warning: The current GIA has no primary outputs. Some commands may not work correctly.
Warning: The current GIA has no primary outputs. Some commands may not work correctly.
Warning: The current network has no primary outputs. Some commands may not work correctly.
Warning: The current GIA has no primary outputs. Some commands may not work correctly.
Warning: The current GIA has no primary outputs. Some commands may not work correctly.
Warning: The current GIA has no primary outputs. Some commands may not work correctly.
Warning: The current GIA has no primary outputs. Some commands may not work correctly.
Warning: The current network has no primary outputs. Some commands may not work correctly.
[pass.abc] region 'ImmediateGenerator.ImmediateGenerator__c112': 0 gates, area 0.00, delay -1000000000.00
Warning: The current network has no primary outputs. Some commands may not work correctly.
Warning: The current GIA has no primary outputs. Some commands may not work correctly.
Warning: The current GIA has no primary outputs. Some commands may not work correctly.
Warning: The current network has no primary outputs. Some commands may not work correctly.
Warning: The current GIA has no primary outputs. Some commands may not work correctly.
Warning: The current GIA has no primary outputs. Some commands may not work correctly.
Warning: The current GIA has no primary outputs. Some commands may not work correctly.
Warning: The current GIA has no primary outputs. Some commands may not work correctly.
Warning: The current network has no primary outputs. Some commands may not work correctly.
[pass.abc] region 'ImmediateGenerator.ImmediateGenerator__c113': 0 gates, area 0.00, delay -1000000000.00
Warning: The current network has no primary outputs. Some commands may not work correctly.
Warning: The current GIA has no primary outputs. Some commands may not work correctly.
Warning: The current GIA has no primary outputs. Some commands may not work correctly.
Warning: The current network has no primary outputs. Some commands may not work correctly.
Warning: The current GIA has no primary outputs. Some commands may not work correctly.
Warning: The current GIA has no primary outputs. Some commands may not work correctly.
Warning: The current GIA has no primary outputs. Some commands may not work correctly.
Warning: The current GIA has no primary outputs. Some commands may not work correctly.
Warning: The current network has no primary outputs. Some commands may not work correctly.
[pass.abc] region 'ImmediateGenerator.ImmediateGenerator__c114': 0 gates, area 0.00, delay -1000000000.00
Warning: The current network has no primary outputs. Some commands may not work correctly.
Warning: The current GIA has no primary outputs. Some commands may not work correctly.
Warning: The current GIA has no primary outputs. Some commands may not work correctly.
Warning: The current network has no primary outputs. Some commands may not work correctly.
Warning: The current GIA has no primary outputs. Some commands may not work correctly.
Warning: The current GIA has no primary outputs. Some commands may not work correctly.
Warning: The current GIA has no primary outputs. Some commands may not work correctly.
Warning: The current GIA has no primary outputs. Some commands may not work correctly.
Warning: The current network has no primary outputs. Some commands may not work correctly.
[pass.abc] region 'ImmediateGenerator.ImmediateGenerator__c115': 0 gates, area 0.00, delay -1000000000.00
Warning: The current network has no primary outputs. Some commands may not work correctly.
Warning: The current GIA has no primary outputs. Some commands may not work correctly.
Warning: The current GIA has no primary outputs. Some commands may not work correctly.
Warning: The current network has no primary outputs. Some commands may not work correctly.
Warning: The current GIA has no primary outputs. Some commands may not work correctly.
Warning: The current GIA has no primary outputs. Some commands may not work correctly.
Warning: The current GIA has no primary outputs. Some commands may not work correctly.
Warning: The current GIA has no primary outputs. Some commands may not work correctly.
Warning: The current network has no primary outputs. Some commands may not work correctly.
[pass.abc] region 'ImmediateGenerator.ImmediateGenerator__c116': 0 gates, area 0.00, delay -1000000000.00
[pass.abc] region 'ImmediateGenerator.ImmediateGenerator__c117': cache hit -- 0 gates, area 0.00, delay -1000000000.00
Warning: The current network has no primary outputs. Some commands may not work correctly.
Warning: The current GIA has no primary outputs. Some commands may not work correctly.
Warning: The current GIA has no primary outputs. Some commands may not work correctly.
Warning: The current network has no primary outputs. Some commands may not work correctly.
Warning: The current GIA has no primary outputs. Some commands may not work correctly.
Warning: The current GIA has no primary outputs. Some commands may not work correctly.
Warning: The current GIA has no primary outputs. Some commands may not work correctly.
Warning: The current GIA has no primary outputs. Some commands may not work correctly.
Warning: The current network has no primary outputs. Some commands may not work correctly.
[pass.abc] region 'ImmediateGenerator.ImmediateGenerator__c118': 0 gates, area 0.00, delay -1000000000.00
Warning: The current network has no primary outputs. Some commands may not work correctly.
Warning: The current GIA has no primary outputs. Some commands may not work correctly.
Warning: The current GIA has no primary outputs. Some commands may not work correctly.
Warning: The current network has no primary outputs. Some commands may not work correctly.
Warning: The current GIA has no primary outputs. Some commands may not work correctly.
Warning: The current GIA has no primary outputs. Some commands may not work correctly.
Warning: The current GIA has no primary outputs. Some commands may not work correctly.
Warning: The current GIA has no primary outputs. Some commands may not work correctly.
Warning: The current network has no primary outputs. Some commands may not work correctly.
[pass.abc] region 'ImmediateGenerator.ImmediateGenerator__c119': 0 gates, area 0.00, delay -1000000000.00
Warning: The current network has no primary outputs. Some commands may not work correctly.
Warning: The current GIA has no primary outputs. Some commands may not work correctly.
Warning: The current GIA has no primary outputs. Some commands may not work correctly.
Warning: The current network has no primary outputs. Some commands may not work correctly.
Warning: The current GIA has no primary outputs. Some commands may not work correctly.
Warning: The current GIA has no primary outputs. Some commands may not work correctly.
Warning: The current GIA has no primary outputs. Some commands may not work correctly.
Warning: The current GIA has no primary outputs. Some commands may not work correctly.
Warning: The current network has no primary outputs. Some commands may not work correctly.
[pass.abc] region 'ImmediateGenerator.ImmediateGenerator__c120': 0 gates, area 0.00, delay -1000000000.00
Warning: The current network has no primary outputs. Some commands may not work correctly.
Warning: The current GIA has no primary outputs. Some commands may not work correctly.
Warning: The current GIA has no primary outputs. Some commands may not work correctly.
Warning: The current network has no primary outputs. Some commands may not work correctly.
Warning: The current GIA has no primary outputs. Some commands may not work correctly.
Warning: The current GIA has no primary outputs. Some commands may not work correctly.
Warning: The current GIA has no primary outputs. Some commands may not work correctly.
Warning: The current GIA has no primary outputs. Some commands may not work correctly.
Warning: The current network has no primary outputs. Some commands may not work correctly.
[pass.abc] region 'ImmediateGenerator.ImmediateGenerator__c121': 0 gates, area 0.00, delay -1000000000.00
Warning: The current network has no primary outputs. Some commands may not work correctly.
Warning: The current GIA has no primary outputs. Some commands may not work correctly.
Warning: The current GIA has no primary outputs. Some commands may not work correctly.
Warning: The current network has no primary outputs. Some commands may not work correctly.
Warning: The current GIA has no primary outputs. Some commands may not work correctly.
Warning: The current GIA has no primary outputs. Some commands may not work correctly.
Warning: The current GIA has no primary outputs. Some commands may not work correctly.
Warning: The current GIA has no primary outputs. Some commands may not work correctly.
Warning: The current network has no primary outputs. Some commands may not work correctly.
[pass.abc] region 'ImmediateGenerator.ImmediateGenerator__c122': 0 gates, area 0.00, delay -1000000000.00
Warning: The current network has no primary outputs. Some commands may not work correctly.
Warning: The current GIA has no primary outputs. Some commands may not work correctly.
Warning: The current GIA has no primary outputs. Some commands may not work correctly.
Warning: The current network has no primary outputs. Some commands may not work correctly.
Warning: The current GIA has no primary outputs. Some commands may not work correctly.
Warning: The current GIA has no primary outputs. Some commands may not work correctly.
Warning: The current GIA has no primary outputs. Some commands may not work correctly.
Warning: The current GIA has no primary outputs. Some commands may not work correctly.
Warning: The current network has no primary outputs. Some commands may not work correctly.
[pass.abc] region 'ImmediateGenerator.ImmediateGenerator__c123': 0 gates, area 0.00, delay -1000000000.00
Warning: The current network has no primary outputs. Some commands may not work correctly.
Warning: The current GIA has no primary outputs. Some commands may not work correctly.
Warning: The current GIA has no primary outputs. Some commands may not work correctly.
Warning: The current network has no primary outputs. Some commands may not work correctly.
Warning: The current GIA has no primary outputs. Some commands may not work correctly.
Warning: The current GIA has no primary outputs. Some commands may not work correctly.
Warning: The current GIA has no primary outputs. Some commands may not work correctly.
Warning: The current GIA has no primary outputs. Some commands may not work correctly.
Warning: The current network has no primary outputs. Some commands may not work correctly.
[pass.abc] region 'ImmediateGenerator.ImmediateGenerator__c124': 0 gates, area 0.00, delay -1000000000.00
Warning: The current network has no primary outputs. Some commands may not work correctly.
Warning: The current GIA has no primary outputs. Some commands may not work correctly.
Warning: The current GIA has no primary outputs. Some commands may not work correctly.
Warning: The current network has no primary outputs. Some commands may not work correctly.
Warning: The current GIA has no primary outputs. Some commands may not work correctly.
Warning: The current GIA has no primary outputs. Some commands may not work correctly.
Warning: The current GIA has no primary outputs. Some commands may not work correctly.
Warning: The current GIA has no primary outputs. Some commands may not work correctly.
Warning: The current network has no primary outputs. Some commands may not work correctly.
[pass.abc] region 'ImmediateGenerator.ImmediateGenerator__c125': 0 gates, area 0.00, delay -1000000000.00
Warning: The current network has no primary outputs. Some commands may not work correctly.
Warning: The current GIA has no primary outputs. Some commands may not work correctly.
Warning: The current GIA has no primary outputs. Some commands may not work correctly.
Warning: The current network has no primary outputs. Some commands may not work correctly.
Warning: The current GIA has no primary outputs. Some commands may not work correctly.
Warning: The current GIA has no primary outputs. Some commands may not work correctly.
Warning: The current GIA has no primary outputs. Some commands may not work correctly.
Warning: The current GIA has no primary outputs. Some commands may not work correctly.
Warning: The current network has no primary outputs. Some commands may not work correctly.
[pass.abc] region 'ImmediateGenerator.ImmediateGenerator__c126': 0 gates, area 0.00, delay -1000000000.00
Warning: The current network has no primary outputs. Some commands may not work correctly.
Warning: The current GIA has no primary outputs. Some commands may not work correctly.
Warning: The current GIA has no primary outputs. Some commands may not work correctly.
Warning: The current network has no primary outputs. Some commands may not work correctly.
Warning: The current GIA has no primary outputs. Some commands may not work correctly.
Warning: The current GIA has no primary outputs. Some commands may not work correctly.
Warning: The current GIA has no primary outputs. Some commands may not work correctly.
Warning: The current GIA has no primary outputs. Some commands may not work correctly.
Warning: The current network has no primary outputs. Some commands may not work correctly.
[pass.abc] region 'ImmediateGenerator.ImmediateGenerator__c127': 0 gates, area 0.00, delay -1000000000.00
Warning: The current network has no primary outputs. Some commands may not work correctly.
Warning: The current GIA has no primary outputs. Some commands may not work correctly.
Warning: The current GIA has no primary outputs. Some commands may not work correctly.
Warning: The current network has no primary outputs. Some commands may not work correctly.
Warning: The current GIA has no primary outputs. Some commands may not work correctly.
Warning: The current GIA has no primary outputs. Some commands may not work correctly.
Warning: The current GIA has no primary outputs. Some commands may not work correctly.
Warning: The current GIA has no primary outputs. Some commands may not work correctly.
Warning: The current network has no primary outputs. Some commands may not work correctly.
[pass.abc] region 'ImmediateGenerator.ImmediateGenerator__c128': 0 gates, area 0.00, delay -1000000000.00
Warning: The current network has no primary outputs. Some commands may not work correctly.
Warning: The current GIA has no primary outputs. Some commands may not work correctly.
Warning: The current GIA has no primary outputs. Some commands may not work correctly.
Warning: The current network has no primary outputs. Some commands may not work correctly.
Warning: The current GIA has no primary outputs. Some commands may not work correctly.
Warning: The current GIA has no primary outputs. Some commands may not work correctly.
Warning: The current GIA has no primary outputs. Some commands may not work correctly.
Warning: The current GIA has no primary outputs. Some commands may not work correctly.
Warning: The current network has no primary outputs. Some commands may not work correctly.
[pass.abc] region 'ImmediateGenerator.ImmediateGenerator__c129': 0 gates, area 0.00, delay -1000000000.00
Warning: The current network has no primary outputs. Some commands may not work correctly.
Warning: The current GIA has no primary outputs. Some commands may not work correctly.
Warning: The current GIA has no primary outputs. Some commands may not work correctly.
Warning: The current network has no primary outputs. Some commands may not work correctly.
Warning: The current GIA has no primary outputs. Some commands may not work correctly.
Warning: The current GIA has no primary outputs. Some commands may not work correctly.
Warning: The current GIA has no primary outputs. Some commands may not work correctly.
Warning: The current GIA has no primary outputs. Some commands may not work correctly.
Warning: The current network has no primary outputs. Some commands may not work correctly.
[pass.abc] region 'ImmediateGenerator.ImmediateGenerator__c130': 0 gates, area 0.00, delay -1000000000.00
Warning: The current network has no primary outputs. Some commands may not work correctly.
Warning: The current GIA has no primary outputs. Some commands may not work correctly.
Warning: The current GIA has no primary outputs. Some commands may not work correctly.
Warning: The current network has no primary outputs. Some commands may not work correctly.
Warning: The current GIA has no primary outputs. Some commands may not work correctly.
Warning: The current GIA has no primary outputs. Some commands may not work correctly.
Warning: The current GIA has no primary outputs. Some commands may not work correctly.
Warning: The current GIA has no primary outputs. Some commands may not work correctly.
Warning: The current network has no primary outputs. Some commands may not work correctly.
[pass.abc] region 'ImmediateGenerator.ImmediateGenerator__c131': 0 gates, area 0.00, delay -1000000000.00
Warning: The current network has no primary outputs. Some commands may not work correctly.
Warning: The current GIA has no primary outputs. Some commands may not work correctly.
Warning: The current GIA has no primary outputs. Some commands may not work correctly.
Warning: The current network has no primary outputs. Some commands may not work correctly.
Warning: The current GIA has no primary outputs. Some commands may not work correctly.
Warning: The current GIA has no primary outputs. Some commands may not work correctly.
Warning: The current GIA has no primary outputs. Some commands may not work correctly.
Warning: The current GIA has no primary outputs. Some commands may not work correctly.
Warning: The current network has no primary outputs. Some commands may not work correctly.
[pass.abc] region 'ImmediateGenerator.ImmediateGenerator__c132': 0 gates, area 0.00, delay -1000000000.00
[pass.abc] region 'ImmediateGenerator.ImmediateGenerator__c133': cache hit -- 0 gates, area 0.00, delay -1000000000.00
Warning: The current network has no primary outputs. Some commands may not work correctly.
Warning: The current GIA has no primary outputs. Some commands may not work correctly.
Warning: The current GIA has no primary outputs. Some commands may not work correctly.
Warning: The current network has no primary outputs. Some commands may not work correctly.
Warning: The current GIA has no primary outputs. Some commands may not work correctly.
Warning: The current GIA has no primary outputs. Some commands may not work correctly.
Warning: The current GIA has no primary outputs. Some commands may not work correctly.
Warning: The current GIA has no primary outputs. Some commands may not work correctly.
Warning: The current network has no primary outputs. Some commands may not work correctly.
[pass.abc] region 'ImmediateGenerator.ImmediateGenerator__c134': 0 gates, area 0.00, delay -1000000000.00
Warning: The current network has no primary outputs. Some commands may not work correctly.
Warning: The current GIA has no primary outputs. Some commands may not work correctly.
Warning: The current GIA has no primary outputs. Some commands may not work correctly.
Warning: The current network has no primary outputs. Some commands may not work correctly.
Warning: The current GIA has no primary outputs. Some commands may not work correctly.
Warning: The current GIA has no primary outputs. Some commands may not work correctly.
Warning: The current GIA has no primary outputs. Some commands may not work correctly.
Warning: The current GIA has no primary outputs. Some commands may not work correctly.
Warning: The current network has no primary outputs. Some commands may not work correctly.
[pass.abc] region 'ImmediateGenerator.ImmediateGenerator__c135': 0 gates, area 0.00, delay -1000000000.00
Warning: The current network has no primary outputs. Some commands may not work correctly.
Warning: The current GIA has no primary outputs. Some commands may not work correctly.
Warning: The current GIA has no primary outputs. Some commands may not work correctly.
Warning: The current network has no primary outputs. Some commands may not work correctly.
Warning: The current GIA has no primary outputs. Some commands may not work correctly.
Warning: The current GIA has no primary outputs. Some commands may not work correctly.
Warning: The current GIA has no primary outputs. Some commands may not work correctly.
Warning: The current GIA has no primary outputs. Some commands may not work correctly.
Warning: The current network has no primary outputs. Some commands may not work correctly.
[pass.abc] region 'ImmediateGenerator.ImmediateGenerator__c136': 0 gates, area 0.00, delay -1000000000.00
Warning: The current network has no primary outputs. Some commands may not work correctly.
Warning: The current GIA has no primary outputs. Some commands may not work correctly.
Warning: The current GIA has no primary outputs. Some commands may not work correctly.
Warning: The current network has no primary outputs. Some commands may not work correctly.
Warning: The current GIA has no primary outputs. Some commands may not work correctly.
Warning: The current GIA has no primary outputs. Some commands may not work correctly.
Warning: The current GIA has no primary outputs. Some commands may not work correctly.
Warning: The current GIA has no primary outputs. Some commands may not work correctly.
Warning: The current network has no primary outputs. Some commands may not work correctly.
[pass.abc] region 'ImmediateGenerator.ImmediateGenerator__c137': 0 gates, area 0.00, delay -1000000000.00
Warning: The current network has no primary outputs. Some commands may not work correctly.
Warning: The current GIA has no primary outputs. Some commands may not work correctly.
Warning: The current GIA has no primary outputs. Some commands may not work correctly.
Warning: The current network has no primary outputs. Some commands may not work correctly.
Warning: The current GIA has no primary outputs. Some commands may not work correctly.
Warning: The current GIA has no primary outputs. Some commands may not work correctly.
Warning: The current GIA has no primary outputs. Some commands may not work correctly.
Warning: The current GIA has no primary outputs. Some commands may not work correctly.
Warning: The current network has no primary outputs. Some commands may not work correctly.
[pass.abc] region 'ImmediateGenerator.ImmediateGenerator__c138': 0 gates, area 0.00, delay -1000000000.00
Warning: The current network has no primary outputs. Some commands may not work correctly.
Warning: The current GIA has no primary outputs. Some commands may not work correctly.
Warning: The current GIA has no primary outputs. Some commands may not work correctly.
Warning: The current network has no primary outputs. Some commands may not work correctly.
Warning: The current GIA has no primary outputs. Some commands may not work correctly.
Warning: The current GIA has no primary outputs. Some commands may not work correctly.
Warning: The current GIA has no primary outputs. Some commands may not work correctly.
Warning: The current GIA has no primary outputs. Some commands may not work correctly.
Warning: The current network has no primary outputs. Some commands may not work correctly.
[pass.abc] region 'ImmediateGenerator.ImmediateGenerator__c139': 0 gates, area 0.00, delay -1000000000.00
Warning: The current network has no primary outputs. Some commands may not work correctly.
Warning: The current GIA has no primary outputs. Some commands may not work correctly.
Warning: The current GIA has no primary outputs. Some commands may not work correctly.
Warning: The current network has no primary outputs. Some commands may not work correctly.
Warning: The current GIA has no primary outputs. Some commands may not work correctly.
Warning: The current GIA has no primary outputs. Some commands may not work correctly.
Warning: The current GIA has no primary outputs. Some commands may not work correctly.
Warning: The current GIA has no primary outputs. Some commands may not work correctly.
Warning: The current network has no primary outputs. Some commands may not work correctly.
[pass.abc] region 'ImmediateGenerator.ImmediateGenerator__c140': 0 gates, area 0.00, delay -1000000000.00
Warning: The current network has no primary outputs. Some commands may not work correctly.
Warning: The current GIA has no primary outputs. Some commands may not work correctly.
Warning: The current GIA has no primary outputs. Some commands may not work correctly.
Warning: The current network has no primary outputs. Some commands may not work correctly.
Warning: The current GIA has no primary outputs. Some commands may not work correctly.
Warning: The current GIA has no primary outputs. Some commands may not work correctly.
Warning: The current GIA has no primary outputs. Some commands may not work correctly.
Warning: The current GIA has no primary outputs. Some commands may not work correctly.
Warning: The current network has no primary outputs. Some commands may not work correctly.
[pass.abc] region 'ImmediateGenerator.ImmediateGenerator__c141': 0 gates, area 0.00, delay -1000000000.00
Warning: The current network has no primary outputs. Some commands may not work correctly.
Warning: The current GIA has no primary outputs. Some commands may not work correctly.
Warning: The current GIA has no primary outputs. Some commands may not work correctly.
Warning: The current network has no primary outputs. Some commands may not work correctly.
Warning: The current GIA has no primary outputs. Some commands may not work correctly.
Warning: The current GIA has no primary outputs. Some commands may not work correctly.
Warning: The current GIA has no primary outputs. Some commands may not work correctly.
Warning: The current GIA has no primary outputs. Some commands may not work correctly.
Warning: The current network has no primary outputs. Some commands may not work correctly.
[pass.abc] region 'ImmediateGenerator.ImmediateGenerator__c142': 0 gates, area 0.00, delay -1000000000.00
Warning: The current network has no primary outputs. Some commands may not work correctly.
Warning: The current GIA has no primary outputs. Some commands may not work correctly.
Warning: The current GIA has no primary outputs. Some commands may not work correctly.
Warning: The current network has no primary outputs. Some commands may not work correctly.
Warning: The current GIA has no primary outputs. Some commands may not work correctly.
Warning: The current GIA has no primary outputs. Some commands may not work correctly.
Warning: The current GIA has no primary outputs. Some commands may not work correctly.
Warning: The current GIA has no primary outputs. Some commands may not work correctly.
Warning: The current network has no primary outputs. Some commands may not work correctly.
[pass.abc] region 'ImmediateGenerator.ImmediateGenerator__c143': 0 gates, area 0.00, delay -1000000000.00
Warning: The current network has no primary outputs. Some commands may not work correctly.
Warning: The current GIA has no primary outputs. Some commands may not work correctly.
Warning: The current GIA has no primary outputs. Some commands may not work correctly.
Warning: The current network has no primary outputs. Some commands may not work correctly.
Warning: The current GIA has no primary outputs. Some commands may not work correctly.
Warning: The current GIA has no primary outputs. Some commands may not work correctly.
Warning: The current GIA has no primary outputs. Some commands may not work correctly.
Warning: The current GIA has no primary outputs. Some commands may not work correctly.
Warning: The current network has no primary outputs. Some commands may not work correctly.
[pass.abc] region 'ImmediateGenerator.ImmediateGenerator__c144': 0 gates, area 0.00, delay -1000000000.00
Warning: The current network has no primary outputs. Some commands may not work correctly.
Warning: The current GIA has no primary outputs. Some commands may not work correctly.
Warning: The current GIA has no primary outputs. Some commands may not work correctly.
Warning: The current network has no primary outputs. Some commands may not work correctly.
Warning: The current GIA has no primary outputs. Some commands may not work correctly.
Warning: The current GIA has no primary outputs. Some commands may not work correctly.
Warning: The current GIA has no primary outputs. Some commands may not work correctly.
Warning: The current GIA has no primary outputs. Some commands may not work correctly.
Warning: The current network has no primary outputs. Some commands may not work correctly.
[pass.abc] region 'ImmediateGenerator.ImmediateGenerator__c145': 0 gates, area 0.00, delay -1000000000.00
Warning: The current network has no primary outputs. Some commands may not work correctly.
Warning: The current GIA has no primary outputs. Some commands may not work correctly.
Warning: The current GIA has no primary outputs. Some commands may not work correctly.
Warning: The current network has no primary outputs. Some commands may not work correctly.
Warning: The current GIA has no primary outputs. Some commands may not work correctly.
Warning: The current GIA has no primary outputs. Some commands may not work correctly.
Warning: The current GIA has no primary outputs. Some commands may not work correctly.
Warning: The current GIA has no primary outputs. Some commands may not work correctly.
Warning: The current network has no primary outputs. Some commands may not work correctly.
[pass.abc] region 'ImmediateGenerator.ImmediateGenerator__c146': 0 gates, area 0.00, delay -1000000000.00
Warning: The current network has no primary outputs. Some commands may not work correctly.
Warning: The current GIA has no primary outputs. Some commands may not work correctly.
Warning: The current GIA has no primary outputs. Some commands may not work correctly.
Warning: The current network has no primary outputs. Some commands may not work correctly.
Warning: The current GIA has no primary outputs. Some commands may not work correctly.
Warning: The current GIA has no primary outputs. Some commands may not work correctly.
Warning: The current GIA has no primary outputs. Some commands may not work correctly.
Warning: The current GIA has no primary outputs. Some commands may not work correctly.
Warning: The current network has no primary outputs. Some commands may not work correctly.
[pass.abc] region 'ImmediateGenerator.ImmediateGenerator__c147': 0 gates, area 0.00, delay -1000000000.00
Warning: The current network has no primary outputs. Some commands may not work correctly.
Warning: The current GIA has no primary outputs. Some commands may not work correctly.
Warning: The current GIA has no primary outputs. Some commands may not work correctly.
Warning: The current network has no primary outputs. Some commands may not work correctly.
Warning: The current GIA has no primary outputs. Some commands may not work correctly.
Warning: The current GIA has no primary outputs. Some commands may not work correctly.
Warning: The current GIA has no primary outputs. Some commands may not work correctly.
Warning: The current GIA has no primary outputs. Some commands may not work correctly.
Warning: The current network has no primary outputs. Some commands may not work correctly.
[pass.abc] region 'ImmediateGenerator.ImmediateGenerator__c148': 0 gates, area 0.00, delay -1000000000.00
Warning: The current network has no primary outputs. Some commands may not work correctly.
Warning: The current GIA has no primary outputs. Some commands may not work correctly.
Warning: The current GIA has no primary outputs. Some commands may not work correctly.
Warning: The current network has no primary outputs. Some commands may not work correctly.
Warning: The current GIA has no primary outputs. Some commands may not work correctly.
Warning: The current GIA has no primary outputs. Some commands may not work correctly.
Warning: The current GIA has no primary outputs. Some commands may not work correctly.
Warning: The current GIA has no primary outputs. Some commands may not work correctly.
Warning: The current network has no primary outputs. Some commands may not work correctly.
[pass.abc] region 'ImmediateGenerator.ImmediateGenerator__c149': 0 gates, area 0.00, delay -1000000000.00
Warning: The current network has no primary outputs. Some commands may not work correctly.
Warning: The current GIA has no primary outputs. Some commands may not work correctly.
Warning: The current GIA has no primary outputs. Some commands may not work correctly.
Warning: The current network has no primary outputs. Some commands may not work correctly.
Warning: The current GIA has no primary outputs. Some commands may not work correctly.
Warning: The current GIA has no primary outputs. Some commands may not work correctly.
Warning: The current GIA has no primary outputs. Some commands may not work correctly.
Warning: The current GIA has no primary outputs. Some commands may not work correctly.
Warning: The current network has no primary outputs. Some commands may not work correctly.
[pass.abc] region 'ImmediateGenerator.ImmediateGenerator__c150': 0 gates, area 0.00, delay -1000000000.00
Warning: The current network has no primary outputs. Some commands may not work correctly.
Warning: The current GIA has no primary outputs. Some commands may not work correctly.
Warning: The current GIA has no primary outputs. Some commands may not work correctly.
Warning: The current network has no primary outputs. Some commands may not work correctly.
Warning: The current GIA has no primary outputs. Some commands may not work correctly.
Warning: The current GIA has no primary outputs. Some commands may not work correctly.
Warning: The current GIA has no primary outputs. Some commands may not work correctly.
Warning: The current GIA has no primary outputs. Some commands may not work correctly.
Warning: The current network has no primary outputs. Some commands may not work correctly.
[pass.abc] region 'ImmediateGenerator.ImmediateGenerator__c151': 0 gates, area 0.00, delay -1000000000.00
Warning: The current network has no primary outputs. Some commands may not work correctly.
Warning: The current GIA has no primary outputs. Some commands may not work correctly.
Warning: The current GIA has no primary outputs. Some commands may not work correctly.
Warning: The current network has no primary outputs. Some commands may not work correctly.
Warning: The current GIA has no primary outputs. Some commands may not work correctly.
Warning: The current GIA has no primary outputs. Some commands may not work correctly.
Warning: The current GIA has no primary outputs. Some commands may not work correctly.
Warning: The current GIA has no primary outputs. Some commands may not work correctly.
Warning: The current network has no primary outputs. Some commands may not work correctly.
[pass.abc] region 'ImmediateGenerator.ImmediateGenerator__c152': 0 gates, area 0.00, delay -1000000000.00
Warning: The current network has no primary outputs. Some commands may not work correctly.
Warning: The current GIA has no primary outputs. Some commands may not work correctly.
Warning: The current GIA has no primary outputs. Some commands may not work correctly.
Warning: The current network has no primary outputs. Some commands may not work correctly.
Warning: The current GIA has no primary outputs. Some commands may not work correctly.
Warning: The current GIA has no primary outputs. Some commands may not work correctly.
Warning: The current GIA has no primary outputs. Some commands may not work correctly.
Warning: The current GIA has no primary outputs. Some commands may not work correctly.
Warning: The current network has no primary outputs. Some commands may not work correctly.
[pass.abc] region 'ImmediateGenerator.ImmediateGenerator__c153': 0 gates, area 0.00, delay -1000000000.00
Warning: The current network has no primary outputs. Some commands may not work correctly.
Warning: The current GIA has no primary outputs. Some commands may not work correctly.
Warning: The current GIA has no primary outputs. Some commands may not work correctly.
Warning: The current network has no primary outputs. Some commands may not work correctly.
Warning: The current GIA has no primary outputs. Some commands may not work correctly.
Warning: The current GIA has no primary outputs. Some commands may not work correctly.
Warning: The current GIA has no primary outputs. Some commands may not work correctly.
Warning: The current GIA has no primary outputs. Some commands may not work correctly.
Warning: The current network has no primary outputs. Some commands may not work correctly.
[pass.abc] region 'ImmediateGenerator.ImmediateGenerator__c154': 0 gates, area 0.00, delay -1000000000.00
Warning: The current network has no primary outputs. Some commands may not work correctly.
Warning: The current GIA has no primary outputs. Some commands may not work correctly.
Warning: The current GIA has no primary outputs. Some commands may not work correctly.
Warning: The current network has no primary outputs. Some commands may not work correctly.
Warning: The current GIA has no primary outputs. Some commands may not work correctly.
Warning: The current GIA has no primary outputs. Some commands may not work correctly.
Warning: The current GIA has no primary outputs. Some commands may not work correctly.
Warning: The current GIA has no primary outputs. Some commands may not work correctly.
Warning: The current network has no primary outputs. Some commands may not work correctly.
[pass.abc] region 'ImmediateGenerator.ImmediateGenerator__c155': 0 gates, area 0.00, delay -1000000000.00
Warning: The current network has no primary outputs. Some commands may not work correctly.
Warning: The current GIA has no primary outputs. Some commands may not work correctly.
Warning: The current GIA has no primary outputs. Some commands may not work correctly.
Warning: The current network has no primary outputs. Some commands may not work correctly.
Warning: The current GIA has no primary outputs. Some commands may not work correctly.
Warning: The current GIA has no primary outputs. Some commands may not work correctly.
Warning: The current GIA has no primary outputs. Some commands may not work correctly.
Warning: The current GIA has no primary outputs. Some commands may not work correctly.
Warning: The current network has no primary outputs. Some commands may not work correctly.
[pass.abc] region 'ImmediateGenerator.ImmediateGenerator__c156': 0 gates, area 0.00, delay -1000000000.00
Warning: The current network has no primary outputs. Some commands may not work correctly.
Warning: The current GIA has no primary outputs. Some commands may not work correctly.
Warning: The current GIA has no primary outputs. Some commands may not work correctly.
Warning: The current network has no primary outputs. Some commands may not work correctly.
Warning: The current GIA has no primary outputs. Some commands may not work correctly.
Warning: The current GIA has no primary outputs. Some commands may not work correctly.
Warning: The current GIA has no primary outputs. Some commands may not work correctly.
Warning: The current GIA has no primary outputs. Some commands may not work correctly.
Warning: The current network has no primary outputs. Some commands may not work correctly.
[pass.abc] region 'ImmediateGenerator.ImmediateGenerator__c157': 0 gates, area 0.00, delay -1000000000.00
Warning: The current network has no primary outputs. Some commands may not work correctly.
Warning: The current GIA has no primary outputs. Some commands may not work correctly.
Warning: The current GIA has no primary outputs. Some commands may not work correctly.
Warning: The current network has no primary outputs. Some commands may not work correctly.
Warning: The current GIA has no primary outputs. Some commands may not work correctly.
Warning: The current GIA has no primary outputs. Some commands may not work correctly.
Warning: The current GIA has no primary outputs. Some commands may not work correctly.
Warning: The current GIA has no primary outputs. Some commands may not work correctly.
Warning: The current network has no primary outputs. Some commands may not work correctly.
[pass.abc] region 'ImmediateGenerator.ImmediateGenerator__c158': 0 gates, area 0.00, delay -1000000000.00
Warning: The current network has no primary outputs. Some commands may not work correctly.
Warning: The current GIA has no primary outputs. Some commands may not work correctly.
Warning: The current GIA has no primary outputs. Some commands may not work correctly.
Warning: The current network has no primary outputs. Some commands may not work correctly.
Warning: The current GIA has no primary outputs. Some commands may not work correctly.
Warning: The current GIA has no primary outputs. Some commands may not work correctly.
Warning: The current GIA has no primary outputs. Some commands may not work correctly.
Warning: The current GIA has no primary outputs. Some commands may not work correctly.
Warning: The current network has no primary outputs. Some commands may not work correctly.
[pass.abc] region 'ImmediateGenerator.ImmediateGenerator__c159': 0 gates, area 0.00, delay -1000000000.00
Warning: The current network has no primary outputs. Some commands may not work correctly.
Warning: The current GIA has no primary outputs. Some commands may not work correctly.
Warning: The current GIA has no primary outputs. Some commands may not work correctly.
Warning: The current network has no primary outputs. Some commands may not work correctly.
Warning: The current GIA has no primary outputs. Some commands may not work correctly.
Warning: The current GIA has no primary outputs. Some commands may not work correctly.
Warning: The current GIA has no primary outputs. Some commands may not work correctly.
Warning: The current GIA has no primary outputs. Some commands may not work correctly.
Warning: The current network has no primary outputs. Some commands may not work correctly.
[pass.abc] region 'ImmediateGenerator.ImmediateGenerator__c160': 0 gates, area 0.00, delay -1000000000.00
Warning: The current network has no primary outputs. Some commands may not work correctly.
Warning: The current GIA has no primary outputs. Some commands may not work correctly.
Warning: The current GIA has no primary outputs. Some commands may not work correctly.
Warning: The current network has no primary outputs. Some commands may not work correctly.
Warning: The current GIA has no primary outputs. Some commands may not work correctly.
Warning: The current GIA has no primary outputs. Some commands may not work correctly.
Warning: The current GIA has no primary outputs. Some commands may not work correctly.
Warning: The current GIA has no primary outputs. Some commands may not work correctly.
Warning: The current network has no primary outputs. Some commands may not work correctly.
[pass.abc] region 'ImmediateGenerator.ImmediateGenerator__c161': 0 gates, area 0.00, delay -1000000000.00
Warning: The current network has no primary outputs. Some commands may not work correctly.
Warning: The current GIA has no primary outputs. Some commands may not work correctly.
Warning: The current GIA has no primary outputs. Some commands may not work correctly.
Warning: The current network has no primary outputs. Some commands may not work correctly.
Warning: The current GIA has no primary outputs. Some commands may not work correctly.
Warning: The current GIA has no primary outputs. Some commands may not work correctly.
Warning: The current GIA has no primary outputs. Some commands may not work correctly.
Warning: The current GIA has no primary outputs. Some commands may not work correctly.
Warning: The current network has no primary outputs. Some commands may not work correctly.
[pass.abc] region 'ImmediateGenerator.ImmediateGenerator__c162': 0 gates, area 0.00, delay -1000000000.00
Warning: The current network has no primary outputs. Some commands may not work correctly.
Warning: The current GIA has no primary outputs. Some commands may not work correctly.
Warning: The current GIA has no primary outputs. Some commands may not work correctly.
Warning: The current network has no primary outputs. Some commands may not work correctly.
Warning: The current GIA has no primary outputs. Some commands may not work correctly.
Warning: The current GIA has no primary outputs. Some commands may not work correctly.
Warning: The current GIA has no primary outputs. Some commands may not work correctly.
Warning: The current GIA has no primary outputs. Some commands may not work correctly.
Warning: The current network has no primary outputs. Some commands may not work correctly.
[pass.abc] region 'ImmediateGenerator.ImmediateGenerator__c163': 0 gates, area 0.00, delay -1000000000.00
Warning: The current network has no primary outputs. Some commands may not work correctly.
Warning: The current GIA has no primary outputs. Some commands may not work correctly.
Warning: The current GIA has no primary outputs. Some commands may not work correctly.
Warning: The current network has no primary outputs. Some commands may not work correctly.
Warning: The current GIA has no primary outputs. Some commands may not work correctly.
Warning: The current GIA has no primary outputs. Some commands may not work correctly.
Warning: The current GIA has no primary outputs. Some commands may not work correctly.
Warning: The current GIA has no primary outputs. Some commands may not work correctly.
Warning: The current network has no primary outputs. Some commands may not work correctly.
[pass.abc] region 'ImmediateGenerator.ImmediateGenerator__c164': 0 gates, area 0.00, delay -1000000000.00
Warning: The current network has no primary outputs. Some commands may not work correctly.
Warning: The current GIA has no primary outputs. Some commands may not work correctly.
Warning: The current GIA has no primary outputs. Some commands may not work correctly.
Warning: The current network has no primary outputs. Some commands may not work correctly.
Warning: The current GIA has no primary outputs. Some commands may not work correctly.
Warning: The current GIA has no primary outputs. Some commands may not work correctly.
Warning: The current GIA has no primary outputs. Some commands may not work correctly.
Warning: The current GIA has no primary outputs. Some commands may not work correctly.
Warning: The current network has no primary outputs. Some commands may not work correctly.
[pass.abc] region 'ImmediateGenerator.ImmediateGenerator__c165': 0 gates, area 0.00, delay -1000000000.00
Warning: The current network has no primary outputs. Some commands may not work correctly.
Warning: The current GIA has no primary outputs. Some commands may not work correctly.
Warning: The current GIA has no primary outputs. Some commands may not work correctly.
Warning: The current network has no primary outputs. Some commands may not work correctly.
Warning: The current GIA has no primary outputs. Some commands may not work correctly.
Warning: The current GIA has no primary outputs. Some commands may not work correctly.
Warning: The current GIA has no primary outputs. Some commands may not work correctly.
Warning: The current GIA has no primary outputs. Some commands may not work correctly.
Warning: The current network has no primary outputs. Some commands may not work correctly.
[pass.abc] region 'ImmediateGenerator.ImmediateGenerator__c166': 0 gates, area 0.00, delay -1000000000.00
Warning: The current network has no primary outputs. Some commands may not work correctly.
Warning: The current GIA has no primary outputs. Some commands may not work correctly.
Warning: The current GIA has no primary outputs. Some commands may not work correctly.
Warning: The current network has no primary outputs. Some commands may not work correctly.
Warning: The current GIA has no primary outputs. Some commands may not work correctly.
Warning: The current GIA has no primary outputs. Some commands may not work correctly.
Warning: The current GIA has no primary outputs. Some commands may not work correctly.
Warning: The current GIA has no primary outputs. Some commands may not work correctly.
Warning: The current network has no primary outputs. Some commands may not work correctly.
[pass.abc] region 'ImmediateGenerator.ImmediateGenerator__c167': 0 gates, area 0.00, delay -1000000000.00
Warning: The current network has no primary outputs. Some commands may not work correctly.
Warning: The current GIA has no primary outputs. Some commands may not work correctly.
Warning: The current GIA has no primary outputs. Some commands may not work correctly.
Warning: The current network has no primary outputs. Some commands may not work correctly.
Warning: The current GIA has no primary outputs. Some commands may not work correctly.
Warning: The current GIA has no primary outputs. Some commands may not work correctly.
Warning: The current GIA has no primary outputs. Some commands may not work correctly.
Warning: The current GIA has no primary outputs. Some commands may not work correctly.
Warning: The current network has no primary outputs. Some commands may not work correctly.
[pass.abc] region 'ImmediateGenerator.ImmediateGenerator__c168': 0 gates, area 0.00, delay -1000000000.00
Warning: The current network has no primary outputs. Some commands may not work correctly.
Warning: The current GIA has no primary outputs. Some commands may not work correctly.
Warning: The current GIA has no primary outputs. Some commands may not work correctly.
Warning: The current network has no primary outputs. Some commands may not work correctly.
Warning: The current GIA has no primary outputs. Some commands may not work correctly.
Warning: The current GIA has no primary outputs. Some commands may not work correctly.
Warning: The current GIA has no primary outputs. Some commands may not work correctly.
Warning: The current GIA has no primary outputs. Some commands may not work correctly.
Warning: The current network has no primary outputs. Some commands may not work correctly.
[pass.abc] region 'ImmediateGenerator.ImmediateGenerator__c169': 0 gates, area 0.00, delay -1000000000.00
Warning: The current network has no primary outputs. Some commands may not work correctly.
Warning: The current GIA has no primary outputs. Some commands may not work correctly.
Warning: The current GIA has no primary outputs. Some commands may not work correctly.
Warning: The current network has no primary outputs. Some commands may not work correctly.
Warning: The current GIA has no primary outputs. Some commands may not work correctly.
Warning: The current GIA has no primary outputs. Some commands may not work correctly.
Warning: The current GIA has no primary outputs. Some commands may not work correctly.
Warning: The current GIA has no primary outputs. Some commands may not work correctly.
Warning: The current network has no primary outputs. Some commands may not work correctly.
[pass.abc] region 'ImmediateGenerator.ImmediateGenerator__c170': 0 gates, area 0.00, delay -1000000000.00
Warning: The current network has no primary outputs. Some commands may not work correctly.
Warning: The current GIA has no primary outputs. Some commands may not work correctly.
Warning: The current GIA has no primary outputs. Some commands may not work correctly.
Warning: The current network has no primary outputs. Some commands may not work correctly.
Warning: The current GIA has no primary outputs. Some commands may not work correctly.
Warning: The current GIA has no primary outputs. Some commands may not work correctly.
Warning: The current GIA has no primary outputs. Some commands may not work correctly.
Warning: The current GIA has no primary outputs. Some commands may not work correctly.
Warning: The current network has no primary outputs. Some commands may not work correctly.
[pass.abc] region 'ImmediateGenerator.ImmediateGenerator__c171': 0 gates, area 0.00, delay -1000000000.00
Warning: The current network has no primary outputs. Some commands may not work correctly.
Warning: The current GIA has no primary outputs. Some commands may not work correctly.
Warning: The current GIA has no primary outputs. Some commands may not work correctly.
Warning: The current network has no primary outputs. Some commands may not work correctly.
Warning: The current GIA has no primary outputs. Some commands may not work correctly.
Warning: The current GIA has no primary outputs. Some commands may not work correctly.
Warning: The current GIA has no primary outputs. Some commands may not work correctly.
Warning: The current GIA has no primary outputs. Some commands may not work correctly.
Warning: The current network has no primary outputs. Some commands may not work correctly.
[pass.abc] region 'ImmediateGenerator.ImmediateGenerator__c172': 0 gates, area 0.00, delay -1000000000.00
Warning: The current network has no primary outputs. Some commands may not work correctly.
Warning: The current GIA has no primary outputs. Some commands may not work correctly.
Warning: The current GIA has no primary outputs. Some commands may not work correctly.
Warning: The current network has no primary outputs. Some commands may not work correctly.
Warning: The current GIA has no primary outputs. Some commands may not work correctly.
Warning: The current GIA has no primary outputs. Some commands may not work correctly.
Warning: The current GIA has no primary outputs. Some commands may not work correctly.
Warning: The current GIA has no primary outputs. Some commands may not work correctly.
Warning: The current network has no primary outputs. Some commands may not work correctly.
[pass.abc] region 'ImmediateGenerator.ImmediateGenerator__c173': 0 gates, area 0.00, delay -1000000000.00
Warning: The current network has no primary outputs. Some commands may not work correctly.
Warning: The current GIA has no primary outputs. Some commands may not work correctly.
Warning: The current GIA has no primary outputs. Some commands may not work correctly.
Warning: The current network has no primary outputs. Some commands may not work correctly.
Warning: The current GIA has no primary outputs. Some commands may not work correctly.
Warning: The current GIA has no primary outputs. Some commands may not work correctly.
Warning: The current GIA has no primary outputs. Some commands may not work correctly.
Warning: The current GIA has no primary outputs. Some commands may not work correctly.
Warning: The current network has no primary outputs. Some commands may not work correctly.
[pass.abc] region 'ImmediateGenerator.ImmediateGenerator__c174': 0 gates, area 0.00, delay -1000000000.00
Warning: The current network has no primary outputs. Some commands may not work correctly.
Warning: The current GIA has no primary outputs. Some commands may not work correctly.
Warning: The current GIA has no primary outputs. Some commands may not work correctly.
Warning: The current network has no primary outputs. Some commands may not work correctly.
Warning: The current GIA has no primary outputs. Some commands may not work correctly.
Warning: The current GIA has no primary outputs. Some commands may not work correctly.
Warning: The current GIA has no primary outputs. Some commands may not work correctly.
Warning: The current GIA has no primary outputs. Some commands may not work correctly.
Warning: The current network has no primary outputs. Some commands may not work correctly.
[pass.abc] region 'ImmediateGenerator.ImmediateGenerator__c175': 0 gates, area 0.00, delay -1000000000.00
Warning: The current network has no primary outputs. Some commands may not work correctly.
Warning: The current GIA has no primary outputs. Some commands may not work correctly.
Warning: The current GIA has no primary outputs. Some commands may not work correctly.
Warning: The current network has no primary outputs. Some commands may not work correctly.
Warning: The current GIA has no primary outputs. Some commands may not work correctly.
Warning: The current GIA has no primary outputs. Some commands may not work correctly.
Warning: The current GIA has no primary outputs. Some commands may not work correctly.
Warning: The current GIA has no primary outputs. Some commands may not work correctly.
Warning: The current network has no primary outputs. Some commands may not work correctly.
[pass.abc] region 'ImmediateGenerator.ImmediateGenerator__c176': 0 gates, area 0.00, delay -1000000000.00
Warning: The current network has no primary outputs. Some commands may not work correctly.
Warning: The current GIA has no primary outputs. Some commands may not work correctly.
Warning: The current GIA has no primary outputs. Some commands may not work correctly.
Warning: The current network has no primary outputs. Some commands may not work correctly.
Warning: The current GIA has no primary outputs. Some commands may not work correctly.
Warning: The current GIA has no primary outputs. Some commands may not work correctly.
Warning: The current GIA has no primary outputs. Some commands may not work correctly.
Warning: The current GIA has no primary outputs. Some commands may not work correctly.
Warning: The current network has no primary outputs. Some commands may not work correctly.
[pass.abc] region 'ImmediateGenerator.ImmediateGenerator__c177': 0 gates, area 0.00, delay -1000000000.00
Warning: The current network has no primary outputs. Some commands may not work correctly.
Warning: The current GIA has no primary outputs. Some commands may not work correctly.
Warning: The current GIA has no primary outputs. Some commands may not work correctly.
Warning: The current network has no primary outputs. Some commands may not work correctly.
Warning: The current GIA has no primary outputs. Some commands may not work correctly.
Warning: The current GIA has no primary outputs. Some commands may not work correctly.
Warning: The current GIA has no primary outputs. Some commands may not work correctly.
Warning: The current GIA has no primary outputs. Some commands may not work correctly.
Warning: The current network has no primary outputs. Some commands may not work correctly.
[pass.abc] region 'ImmediateGenerator.ImmediateGenerator__c178': 0 gates, area 0.00, delay -1000000000.00
Warning: The current network has no primary outputs. Some commands may not work correctly.
Warning: The current GIA has no primary outputs. Some commands may not work correctly.
Warning: The current GIA has no primary outputs. Some commands may not work correctly.
Warning: The current network has no primary outputs. Some commands may not work correctly.
Warning: The current GIA has no primary outputs. Some commands may not work correctly.
Warning: The current GIA has no primary outputs. Some commands may not work correctly.
Warning: The current GIA has no primary outputs. Some commands may not work correctly.
Warning: The current GIA has no primary outputs. Some commands may not work correctly.
Warning: The current network has no primary outputs. Some commands may not work correctly.
[pass.abc] region 'ImmediateGenerator.ImmediateGenerator__c179': 0 gates, area 0.00, delay -1000000000.00
Warning: The current network has no primary outputs. Some commands may not work correctly.
Warning: The current GIA has no primary outputs. Some commands may not work correctly.
Warning: The current GIA has no primary outputs. Some commands may not work correctly.
Warning: The current network has no primary outputs. Some commands may not work correctly.
Warning: The current GIA has no primary outputs. Some commands may not work correctly.
Warning: The current GIA has no primary outputs. Some commands may not work correctly.
Warning: The current GIA has no primary outputs. Some commands may not work correctly.
Warning: The current GIA has no primary outputs. Some commands may not work correctly.
Warning: The current network has no primary outputs. Some commands may not work correctly.
[pass.abc] region 'ImmediateGenerator.ImmediateGenerator__c180': 0 gates, area 0.00, delay -1000000000.00
Warning: The current network has no primary outputs. Some commands may not work correctly.
Warning: The current GIA has no primary outputs. Some commands may not work correctly.
Warning: The current GIA has no primary outputs. Some commands may not work correctly.
Warning: The current network has no primary outputs. Some commands may not work correctly.
Warning: The current GIA has no primary outputs. Some commands may not work correctly.
Warning: The current GIA has no primary outputs. Some commands may not work correctly.
Warning: The current GIA has no primary outputs. Some commands may not work correctly.
Warning: The current GIA has no primary outputs. Some commands may not work correctly.
Warning: The current network has no primary outputs. Some commands may not work correctly.
[pass.abc] region 'ImmediateGenerator.ImmediateGenerator__c181': 0 gates, area 0.00, delay -1000000000.00
Warning: The current network has no primary outputs. Some commands may not work correctly.
Warning: The current GIA has no primary outputs. Some commands may not work correctly.
Warning: The current GIA has no primary outputs. Some commands may not work correctly.
Warning: The current network has no primary outputs. Some commands may not work correctly.
Warning: The current GIA has no primary outputs. Some commands may not work correctly.
Warning: The current GIA has no primary outputs. Some commands may not work correctly.
Warning: The current GIA has no primary outputs. Some commands may not work correctly.
Warning: The current GIA has no primary outputs. Some commands may not work correctly.
Warning: The current network has no primary outputs. Some commands may not work correctly.
[pass.abc] region 'ImmediateGenerator.ImmediateGenerator__c182': 0 gates, area 0.00, delay -1000000000.00
[pass.abc] region 'ImmediateGenerator.ImmediateGenerator__c183': 4 gates, area 18.77, delay 2.00  critical output 'eq_1000_1' @ ./dino_prp/ImmediateGenerator.prp:13
[pass.abc] region 'ImmediateGenerator.ImmediateGenerator__c184': cache hit -- 66 gates, area 243.75, delay 1.00
[pass.abc] region 'ImmediateGenerator.ImmediateGenerator__c185': cache hit -- 67 gates, area 243.75, delay 1.00
[pass.abc] region 'ImmediateGenerator.ImmediateGenerator__c186': cache hit -- 68 gates, area 243.75, delay 1.00
[pass.abc] region 'ImmediateGenerator.ImmediateGenerator__c187': cache hit -- 69 gates, area 243.75, delay 1.00
[pass.abc] region 'ImmediateGenerator.ImmediateGenerator__c188': cache hit -- 70 gates, area 243.75, delay 1.00
[pass.abc] region 'ImmediateGenerator.ImmediateGenerator__c189': cache hit -- 71 gates, area 243.75, delay 1.00
[pass.abc] region 'ImmediateGenerator.ImmediateGenerator__c190': cache hit -- 72 gates, area 243.75, delay 1.00
[pass.abc] region 'ImmediateGenerator.ImmediateGenerator__c191': cache hit -- 73 gates, area 243.75, delay 1.00
[pass.abc] region 'ImmediateGenerator.ImmediateGenerator__c192': cache hit -- 74 gates, area 243.75, delay 1.00
[pass.abc] region 'ImmediateGenerator.ImmediateGenerator__c193': cache hit -- 75 gates, area 243.75, delay 1.00
[pass.abc] region 'ImmediateGenerator.ImmediateGenerator__c194': cache hit -- 76 gates, area 243.75, delay 1.00
[pass.abc] region 'ImmediateGenerator.ImmediateGenerator__c195': cache hit -- 77 gates, area 243.75, delay 1.00
[pass.abc] region 'ImmediateGenerator.ImmediateGenerator__c196': cache hit -- 78 gates, area 243.75, delay 1.00
[pass.abc] region 'ImmediateGenerator.ImmediateGenerator__c197': cache hit -- 79 gates, area 243.75, delay 1.00
[pass.abc] region 'ImmediateGenerator.ImmediateGenerator__c198': cache hit -- 80 gates, area 243.75, delay 1.00
[pass.abc] region 'ImmediateGenerator.ImmediateGenerator__c199': cache hit -- 81 gates, area 243.75, delay 1.00
[pass.abc] region 'ImmediateGenerator.ImmediateGenerator__c200': cache hit -- 82 gates, area 243.75, delay 1.00
[pass.abc] region 'ImmediateGenerator.ImmediateGenerator__c201': cache hit -- 83 gates, area 243.75, delay 1.00
[pass.abc] region 'ImmediateGenerator.ImmediateGenerator__c202': cache hit -- 84 gates, area 243.75, delay 1.00
[pass.abc] region 'ImmediateGenerator.ImmediateGenerator__c203': cache hit -- 85 gates, area 243.75, delay 1.00
[pass.abc] region 'ImmediateGenerator.ImmediateGenerator__c204': cache hit -- 86 gates, area 243.75, delay 1.00
[pass.abc] region 'ImmediateGenerator.ImmediateGenerator__c205': cache hit -- 87 gates, area 243.75, delay 1.00
[pass.abc] region 'ImmediateGenerator.ImmediateGenerator__c206': cache hit -- 88 gates, area 243.75, delay 1.00
[pass.abc] region 'ImmediateGenerator.ImmediateGenerator__c207': cache hit -- 89 gates, area 243.75, delay 1.00
[pass.abc] region 'ImmediateGenerator.ImmediateGenerator__c208': cache hit -- 90 gates, area 243.75, delay 1.00
[pass.abc] region 'ImmediateGenerator.ImmediateGenerator__c209': cache hit -- 91 gates, area 243.75, delay 1.00
[pass.abc] region 'ImmediateGenerator.ImmediateGenerator__c210': cache hit -- 92 gates, area 243.75, delay 1.00
[pass.abc] region 'ImmediateGenerator.ImmediateGenerator__c211': cache hit -- 93 gates, area 243.75, delay 1.00
[pass.abc] region 'ImmediateGenerator.ImmediateGenerator__c212': cache hit -- 94 gates, area 243.75, delay 1.00
[pass.abc] region 'ImmediateGenerator.ImmediateGenerator__c213': cache hit -- 95 gates, area 243.75, delay 1.00
[pass.abc] region 'ImmediateGenerator.ImmediateGenerator__c214': cache hit -- 96 gates, area 243.75, delay 1.00
[pass.abc] region 'ImmediateGenerator.ImmediateGenerator__c215': cache hit -- 97 gates, area 243.75, delay 1.00
[pass.abc] region 'ImmediateGenerator.ImmediateGenerator__c216': cache hit -- 98 gates, area 243.75, delay 1.00
[pass.abc] region 'ImmediateGenerator.ImmediateGenerator__c217': cache hit -- 99 gates, area 243.75, delay 1.00
[pass.abc] region 'ImmediateGenerator.ImmediateGenerator__c218': cache hit -- 100 gates, area 243.75, delay 1.00
[pass.abc] region 'ImmediateGenerator.ImmediateGenerator__c219': cache hit -- 101 gates, area 243.75, delay 1.00
[pass.abc] region 'ImmediateGenerator.ImmediateGenerator__c220': cache hit -- 102 gates, area 243.75, delay 1.00
[pass.abc] region 'ImmediateGenerator.ImmediateGenerator__c221': cache hit -- 103 gates, area 243.75, delay 1.00
[pass.abc] region 'ImmediateGenerator.ImmediateGenerator__c222': cache hit -- 104 gates, area 243.75, delay 1.00
[pass.abc] region 'ImmediateGenerator.ImmediateGenerator__c223': cache hit -- 105 gates, area 243.75, delay 1.00
[pass.abc] region 'ImmediateGenerator.ImmediateGenerator__c224': cache hit -- 106 gates, area 243.75, delay 1.00
[pass.abc] region 'ImmediateGenerator.ImmediateGenerator__c225': cache hit -- 107 gates, area 243.75, delay 1.00
[pass.abc] region 'ImmediateGenerator.ImmediateGenerator__c226': cache hit -- 108 gates, area 243.75, delay 1.00
[pass.abc] region 'ImmediateGenerator.ImmediateGenerator__c227': cache hit -- 109 gates, area 243.75, delay 1.00
[pass.abc] region 'ImmediateGenerator.ImmediateGenerator__c228': cache hit -- 110 gates, area 243.75, delay 1.00
[pass.abc] region 'ImmediateGenerator.ImmediateGenerator__c229': cache hit -- 111 gates, area 243.75, delay 1.00
[pass.abc] region 'ImmediateGenerator.ImmediateGenerator__c230': cache hit -- 112 gates, area 243.75, delay 1.00
[pass.abc] region 'ImmediateGenerator.ImmediateGenerator__c231': cache hit -- 113 gates, area 243.75, delay 1.00
[pass.abc] region 'ImmediateGenerator.ImmediateGenerator__c232': cache hit -- 114 gates, area 243.75, delay 1.00
[pass.abc] region 'ImmediateGenerator.ImmediateGenerator__c233': cache hit -- 115 gates, area 243.75, delay 1.00
[pass.abc] region 'ImmediateGenerator.ImmediateGenerator__c234': cache hit -- 116 gates, area 243.75, delay 1.00
[pass.abc] region 'ImmediateGenerator.ImmediateGenerator__c235': cache hit -- 1642 gates, area 10016.78, delay 3.00
[pass.abc] region 'ImmediateGenerator.ImmediateGenerator__c236': cache hit -- 128 gates, area 435.00, delay 1.00
[pass.abc] region 'ImmediateGenerator.ImmediateGenerator__c237': cache hit -- 13 gates, area 45.00, delay 1.00
[pass.abc] region 'ImmediateGenerator.ImmediateGenerator__c238': cache hit -- 128 gates, area 512.63, delay 1.00
[pass.abc] region 'ImmediateGenerator.ImmediateGenerator__c239': cache hit -- 65 gates, area 240.00, delay 1.00
[pass.abc] region 'ImmediateGenerator.ImmediateGenerator__c240': cache hit -- 67 gates, area 570.65, delay 2.00
[pass.abc] region 'ImmediateGenerator.ImmediateGenerator__c241': cache hit -- 0 gates, area 0.00, delay -1000000000.00
[pass.abc] region 'ImmediateGenerator.ImmediateGenerator__c242': cache hit -- 0 gates, area 0.00, delay -1000000000.00
[pass.abc] region 'ImmediateGenerator.ImmediateGenerator__c243': cache hit -- 0 gates, area 0.00, delay -1000000000.00
[pass.abc] region 'ImmediateGenerator.ImmediateGenerator__c244': cache hit -- 0 gates, area 0.00, delay -1000000000.00
[pass.abc] region 'ImmediateGenerator.ImmediateGenerator__c245': cache hit -- 0 gates, area 0.00, delay -1000000000.00
[pass.abc] region 'ImmediateGenerator.ImmediateGenerator__c246': cache hit -- 0 gates, area 0.00, delay -1000000000.00
[pass.abc] region 'ImmediateGenerator.ImmediateGenerator__c247': cache hit -- 0 gates, area 0.00, delay -1000000000.00
[pass.abc] region 'ImmediateGenerator.ImmediateGenerator__c248': cache hit -- 0 gates, area 0.00, delay -1000000000.00
[pass.abc] region 'ImmediateGenerator.ImmediateGenerator__c249': cache hit -- 0 gates, area 0.00, delay -1000000000.00
[pass.abc] region 'ImmediateGenerator.ImmediateGenerator__c250': cache hit -- 0 gates, area 0.00, delay -1000000000.00
[pass.abc] region 'ImmediateGenerator.ImmediateGenerator__c251': cache hit -- 0 gates, area 0.00, delay -1000000000.00
[pass.abc] region 'ImmediateGenerator.ImmediateGenerator__c252': cache hit -- 0 gates, area 0.00, delay -1000000000.00
[pass.abc] region 'ImmediateGenerator.ImmediateGenerator__c253': cache hit -- 0 gates, area 0.00, delay -1000000000.00
[pass.abc] region 'ImmediateGenerator.ImmediateGenerator__c254': cache hit -- 0 gates, area 0.00, delay -1000000000.00
[pass.abc] region 'ImmediateGenerator.ImmediateGenerator__c255': cache hit -- 0 gates, area 0.00, delay -1000000000.00
[pass.abc] region 'ImmediateGenerator.ImmediateGenerator__c256': cache hit -- 0 gates, area 0.00, delay -1000000000.00
[pass.abc] region 'ImmediateGenerator.ImmediateGenerator__c257': cache hit -- 0 gates, area 0.00, delay -1000000000.00
[pass.abc] region 'ImmediateGenerator.ImmediateGenerator__c258': cache hit -- 0 gates, area 0.00, delay -1000000000.00
[pass.abc] region 'ImmediateGenerator.ImmediateGenerator__c259': cache hit -- 0 gates, area 0.00, delay -1000000000.00
[pass.abc] region 'ImmediateGenerator.ImmediateGenerator__c260': cache hit -- 0 gates, area 0.00, delay -1000000000.00
[pass.abc] region 'ImmediateGenerator.ImmediateGenerator__c261': cache hit -- 0 gates, area 0.00, delay -1000000000.00
[pass.abc] region 'ImmediateGenerator.ImmediateGenerator__c262': cache hit -- 0 gates, area 0.00, delay -1000000000.00
[pass.abc] region 'ImmediateGenerator.ImmediateGenerator__c263': cache hit -- 0 gates, area 0.00, delay -1000000000.00
[pass.abc] region 'ImmediateGenerator.ImmediateGenerator__c264': cache hit -- 0 gates, area 0.00, delay -1000000000.00
[pass.abc] region 'ImmediateGenerator.ImmediateGenerator__c265': cache hit -- 0 gates, area 0.00, delay -1000000000.00
[pass.abc] region 'ImmediateGenerator.ImmediateGenerator__c266': cache hit -- 0 gates, area 0.00, delay -1000000000.00
[pass.abc] region 'ImmediateGenerator.ImmediateGenerator__c267': cache hit -- 0 gates, area 0.00, delay -1000000000.00
[pass.abc] region 'ImmediateGenerator.ImmediateGenerator__c268': cache hit -- 0 gates, area 0.00, delay -1000000000.00
[pass.abc] region 'ImmediateGenerator.ImmediateGenerator__c269': cache hit -- 0 gates, area 0.00, delay -1000000000.00
[pass.abc] region 'ImmediateGenerator.ImmediateGenerator__c270': cache hit -- 0 gates, area 0.00, delay -1000000000.00
[pass.abc] region 'ImmediateGenerator.ImmediateGenerator__c271': cache hit -- 0 gates, area 0.00, delay -1000000000.00
[pass.abc] region 'ImmediateGenerator.ImmediateGenerator__c272': cache hit -- 0 gates, area 0.00, delay -1000000000.00
[pass.abc] region 'ImmediateGenerator.ImmediateGenerator__c273': cache hit -- 0 gates, area 0.00, delay -1000000000.00
[pass.abc] region 'ImmediateGenerator.ImmediateGenerator__c274': cache hit -- 0 gates, area 0.00, delay -1000000000.00
[pass.abc] region 'ImmediateGenerator.ImmediateGenerator__c275': cache hit -- 0 gates, area 0.00, delay -1000000000.00
[pass.abc] region 'ImmediateGenerator.ImmediateGenerator__c276': cache hit -- 0 gates, area 0.00, delay -1000000000.00
[pass.abc] region 'ImmediateGenerator.ImmediateGenerator__c277': cache hit -- 0 gates, area 0.00, delay -1000000000.00
[pass.abc] region 'ImmediateGenerator.ImmediateGenerator__c278': cache hit -- 0 gates, area 0.00, delay -1000000000.00
[pass.abc] region 'ImmediateGenerator.ImmediateGenerator__c279': cache hit -- 0 gates, area 0.00, delay -1000000000.00
[pass.abc] region 'ImmediateGenerator.ImmediateGenerator__c280': cache hit -- 0 gates, area 0.00, delay -1000000000.00
[pass.abc] region 'ImmediateGenerator.ImmediateGenerator__c281': cache hit -- 0 gates, area 0.00, delay -1000000000.00
[pass.abc] region 'ImmediateGenerator.ImmediateGenerator__c282': cache hit -- 0 gates, area 0.00, delay -1000000000.00
[pass.abc] region 'ImmediateGenerator.ImmediateGenerator__c283': cache hit -- 0 gates, area 0.00, delay -1000000000.00
[pass.abc] region 'ImmediateGenerator.ImmediateGenerator__c284': cache hit -- 0 gates, area 0.00, delay -1000000000.00
[pass.abc] region 'ImmediateGenerator.ImmediateGenerator__c285': cache hit -- 0 gates, area 0.00, delay -1000000000.00
[pass.abc] region 'ImmediateGenerator.ImmediateGenerator__c286': cache hit -- 0 gates, area 0.00, delay -1000000000.00
[pass.abc] region 'ImmediateGenerator.ImmediateGenerator__c287': cache hit -- 0 gates, area 0.00, delay -1000000000.00
[pass.abc] region 'ImmediateGenerator.ImmediateGenerator__c288': cache hit -- 0 gates, area 0.00, delay -1000000000.00
[pass.abc] region 'ImmediateGenerator.ImmediateGenerator__c289': cache hit -- 0 gates, area 0.00, delay -1000000000.00
[pass.abc] region 'ImmediateGenerator.ImmediateGenerator__c290': cache hit -- 0 gates, area 0.00, delay -1000000000.00
[pass.abc] region 'ImmediateGenerator.ImmediateGenerator__c291': cache hit -- 0 gates, area 0.00, delay -1000000000.00
[pass.abc] region 'ImmediateGenerator.ImmediateGenerator__c292': cache hit -- 0 gates, area 0.00, delay -1000000000.00
[pass.abc] region 'ImmediateGenerator.ImmediateGenerator__c293': cache hit -- 0 gates, area 0.00, delay -1000000000.00
[pass.abc] region 'ImmediateGenerator.ImmediateGenerator__c294': cache hit -- 0 gates, area 0.00, delay -1000000000.00
[pass.abc] region 'ImmediateGenerator.ImmediateGenerator__c295': cache hit -- 0 gates, area 0.00, delay -1000000000.00
[pass.abc] region 'ImmediateGenerator.ImmediateGenerator__c296': cache hit -- 0 gates, area 0.00, delay -1000000000.00
[pass.abc] region 'ImmediateGenerator.ImmediateGenerator__c297': cache hit -- 0 gates, area 0.00, delay -1000000000.00
[pass.abc] region 'ImmediateGenerator.ImmediateGenerator__c298': cache hit -- 0 gates, area 0.00, delay -1000000000.00
[pass.abc] region 'ImmediateGenerator.ImmediateGenerator__c299': cache hit -- 0 gates, area 0.00, delay -1000000000.00
[pass.abc] region 'ImmediateGenerator.ImmediateGenerator__c300': cache hit -- 0 gates, area 0.00, delay -1000000000.00
[pass.abc] region 'ImmediateGenerator.ImmediateGenerator__c301': cache hit -- 0 gates, area 0.00, delay -1000000000.00
[pass.abc] region 'ImmediateGenerator.ImmediateGenerator__c302': cache hit -- 0 gates, area 0.00, delay -1000000000.00
[pass.abc] region 'ImmediateGenerator.ImmediateGenerator__c303': cache hit -- 0 gates, area 0.00, delay -1000000000.00
[pass.abc] region 'ImmediateGenerator.ImmediateGenerator__c304': cache hit -- 0 gates, area 0.00, delay -1000000000.00
[pass.abc] region 'ImmediateGenerator.ImmediateGenerator__c305': cache hit -- 0 gates, area 0.00, delay -1000000000.00
[pass.abc] region 'ImmediateGenerator.ImmediateGenerator__c306': cache hit -- 0 gates, area 0.00, delay -1000000000.00
[pass.abc] region 'ImmediateGenerator.ImmediateGenerator__c307': cache hit -- 0 gates, area 0.00, delay -1000000000.00
[pass.abc] region 'ImmediateGenerator.ImmediateGenerator__c308': cache hit -- 0 gates, area 0.00, delay -1000000000.00
[pass.abc] region 'ImmediateGenerator.ImmediateGenerator__c309': cache hit -- 0 gates, area 0.00, delay -1000000000.00
[pass.abc] region 'ImmediateGenerator.ImmediateGenerator__c310': cache hit -- 0 gates, area 0.00, delay -1000000000.00
[pass.abc] region 'ImmediateGenerator.ImmediateGenerator__c311': cache hit -- 0 gates, area 0.00, delay -1000000000.00
[pass.abc] region 'ImmediateGenerator.ImmediateGenerator__c312': cache hit -- 0 gates, area 0.00, delay -1000000000.00
[pass.abc] region 'ImmediateGenerator.ImmediateGenerator__c313': cache hit -- 0 gates, area 0.00, delay -1000000000.00
[pass.abc] region 'ImmediateGenerator.ImmediateGenerator__c314': cache hit -- 0 gates, area 0.00, delay -1000000000.00
[pass.abc] region 'ImmediateGenerator.ImmediateGenerator__c315': cache hit -- 0 gates, area 0.00, delay -1000000000.00
[pass.abc] region 'ImmediateGenerator.ImmediateGenerator__c316': cache hit -- 0 gates, area 0.00, delay -1000000000.00
[pass.abc] region 'ImmediateGenerator.ImmediateGenerator__c317': cache hit -- 0 gates, area 0.00, delay -1000000000.00
[pass.abc] region 'ImmediateGenerator.ImmediateGenerator__c318': cache hit -- 0 gates, area 0.00, delay -1000000000.00
[pass.abc] region 'ImmediateGenerator.ImmediateGenerator__c319': cache hit -- 0 gates, area 0.00, delay -1000000000.00
[pass.abc] region 'ImmediateGenerator.ImmediateGenerator__c320': cache hit -- 0 gates, area 0.00, delay -1000000000.00
[pass.abc] region 'ImmediateGenerator.ImmediateGenerator__c321': cache hit -- 0 gates, area 0.00, delay -1000000000.00
[pass.abc] region 'ImmediateGenerator.ImmediateGenerator__c322': cache hit -- 0 gates, area 0.00, delay -1000000000.00
[pass.abc] region 'ImmediateGenerator.ImmediateGenerator__c323': cache hit -- 0 gates, area 0.00, delay -1000000000.00
[pass.abc] region 'ImmediateGenerator.ImmediateGenerator__c324': cache hit -- 0 gates, area 0.00, delay -1000000000.00
[pass.abc] region 'ImmediateGenerator.ImmediateGenerator__c325': cache hit -- 0 gates, area 0.00, delay -1000000000.00
[pass.abc] region 'ImmediateGenerator.ImmediateGenerator__c326': cache hit -- 0 gates, area 0.00, delay -1000000000.00
[pass.abc] region 'ImmediateGenerator.ImmediateGenerator__c327': cache hit -- 0 gates, area 0.00, delay -1000000000.00
[pass.abc] region 'ImmediateGenerator.ImmediateGenerator__c328': cache hit -- 0 gates, area 0.00, delay -1000000000.00
[pass.abc] region 'ImmediateGenerator.ImmediateGenerator__c329': cache hit -- 0 gates, area 0.00, delay -1000000000.00
[pass.abc] region 'ImmediateGenerator.ImmediateGenerator__c330': cache hit -- 0 gates, area 0.00, delay -1000000000.00
[pass.abc] region 'ImmediateGenerator.ImmediateGenerator__c331': cache hit -- 0 gates, area 0.00, delay -1000000000.00
[pass.abc] region 'ImmediateGenerator.ImmediateGenerator__c332': cache hit -- 0 gates, area 0.00, delay -1000000000.00
[pass.abc] region 'ImmediateGenerator.ImmediateGenerator__c333': cache hit -- 0 gates, area 0.00, delay -1000000000.00
[pass.abc] region 'ImmediateGenerator.ImmediateGenerator__c334': cache hit -- 0 gates, area 0.00, delay -1000000000.00
[pass.abc] region 'ImmediateGenerator.ImmediateGenerator__c335': cache hit -- 0 gates, area 0.00, delay -1000000000.00
[pass.abc] region 'ImmediateGenerator.ImmediateGenerator__c336': cache hit -- 0 gates, area 0.00, delay -1000000000.00
[pass.abc] region 'ImmediateGenerator.ImmediateGenerator__c337': cache hit -- 0 gates, area 0.00, delay -1000000000.00
[pass.abc] region 'ImmediateGenerator.ImmediateGenerator__c338': cache hit -- 0 gates, area 0.00, delay -1000000000.00
[pass.abc] region 'ImmediateGenerator.ImmediateGenerator__c339': cache hit -- 0 gates, area 0.00, delay -1000000000.00
[pass.abc] region 'ImmediateGenerator.ImmediateGenerator__c340': cache hit -- 0 gates, area 0.00, delay -1000000000.00
[pass.abc] region 'ImmediateGenerator.ImmediateGenerator__c341': cache hit -- 0 gates, area 0.00, delay -1000000000.00
[pass.abc] region 'ImmediateGenerator.ImmediateGenerator__c342': cache hit -- 0 gates, area 0.00, delay -1000000000.00
[pass.abc] region 'ImmediateGenerator.ImmediateGenerator__c343': cache hit -- 0 gates, area 0.00, delay -1000000000.00
[pass.abc] region 'ImmediateGenerator.ImmediateGenerator__c344': cache hit -- 0 gates, area 0.00, delay -1000000000.00
[pass.abc] region 'ImmediateGenerator.ImmediateGenerator__c345': cache hit -- 0 gates, area 0.00, delay -1000000000.00
[pass.abc] region 'ImmediateGenerator.ImmediateGenerator__c346': cache hit -- 0 gates, area 0.00, delay -1000000000.00
[pass.abc] region 'ImmediateGenerator.ImmediateGenerator__c347': cache hit -- 0 gates, area 0.00, delay -1000000000.00
[pass.abc] region 'ImmediateGenerator.ImmediateGenerator__c348': 4 gates, area 18.77, delay 2.00  critical output 'eq_1868_1' @ ./dino_prp/ImmediateGenerator.prp:14
[pass.abc] region 'ImmediateGenerator.ImmediateGenerator__c349': 8 gates, area 26.25, delay 1.00  critical output 'get_mask_1872_1' @ ./dino_prp/ImmediateGenerator.prp:14
[pass.abc] region 'ImmediateGenerator.ImmediateGenerator__c350': 13 gates, area 30.00, delay 1.00  critical output 'shl_1876_1' @ ./dino_prp/ImmediateGenerator.prp:14
[pass.abc] region 'ImmediateGenerator.ImmediateGenerator__c351': cache hit -- 66 gates, area 243.75, delay 1.00
[pass.abc] region 'ImmediateGenerator.ImmediateGenerator__c352': cache hit -- 67 gates, area 243.75, delay 1.00
[pass.abc] region 'ImmediateGenerator.ImmediateGenerator__c353': cache hit -- 68 gates, area 243.75, delay 1.00
[pass.abc] region 'ImmediateGenerator.ImmediateGenerator__c354': cache hit -- 69 gates, area 243.75, delay 1.00
[pass.abc] region 'ImmediateGenerator.ImmediateGenerator__c355': cache hit -- 70 gates, area 243.75, delay 1.00
[pass.abc] region 'ImmediateGenerator.ImmediateGenerator__c356': cache hit -- 71 gates, area 243.75, delay 1.00
[pass.abc] region 'ImmediateGenerator.ImmediateGenerator__c357': cache hit -- 72 gates, area 243.75, delay 1.00
[pass.abc] region 'ImmediateGenerator.ImmediateGenerator__c358': cache hit -- 73 gates, area 243.75, delay 1.00
[pass.abc] region 'ImmediateGenerator.ImmediateGenerator__c359': cache hit -- 74 gates, area 243.75, delay 1.00
[pass.abc] region 'ImmediateGenerator.ImmediateGenerator__c360': cache hit -- 75 gates, area 243.75, delay 1.00
[pass.abc] region 'ImmediateGenerator.ImmediateGenerator__c361': cache hit -- 76 gates, area 243.75, delay 1.00
[pass.abc] region 'ImmediateGenerator.ImmediateGenerator__c362': cache hit -- 77 gates, area 243.75, delay 1.00
[pass.abc] region 'ImmediateGenerator.ImmediateGenerator__c363': cache hit -- 78 gates, area 243.75, delay 1.00
[pass.abc] region 'ImmediateGenerator.ImmediateGenerator__c364': cache hit -- 79 gates, area 243.75, delay 1.00
[pass.abc] region 'ImmediateGenerator.ImmediateGenerator__c365': cache hit -- 80 gates, area 243.75, delay 1.00
[pass.abc] region 'ImmediateGenerator.ImmediateGenerator__c366': cache hit -- 81 gates, area 243.75, delay 1.00
[pass.abc] region 'ImmediateGenerator.ImmediateGenerator__c367': cache hit -- 82 gates, area 243.75, delay 1.00
[pass.abc] region 'ImmediateGenerator.ImmediateGenerator__c368': cache hit -- 83 gates, area 243.75, delay 1.00
[pass.abc] region 'ImmediateGenerator.ImmediateGenerator__c369': cache hit -- 84 gates, area 243.75, delay 1.00
[pass.abc] region 'ImmediateGenerator.ImmediateGenerator__c370': cache hit -- 85 gates, area 243.75, delay 1.00
[pass.abc] region 'ImmediateGenerator.ImmediateGenerator__c371': cache hit -- 86 gates, area 243.75, delay 1.00
[pass.abc] region 'ImmediateGenerator.ImmediateGenerator__c372': cache hit -- 87 gates, area 243.75, delay 1.00
[pass.abc] region 'ImmediateGenerator.ImmediateGenerator__c373': cache hit -- 88 gates, area 243.75, delay 1.00
[pass.abc] region 'ImmediateGenerator.ImmediateGenerator__c374': cache hit -- 89 gates, area 243.75, delay 1.00
[pass.abc] region 'ImmediateGenerator.ImmediateGenerator__c375': cache hit -- 90 gates, area 243.75, delay 1.00
[pass.abc] region 'ImmediateGenerator.ImmediateGenerator__c376': cache hit -- 91 gates, area 243.75, delay 1.00
[pass.abc] region 'ImmediateGenerator.ImmediateGenerator__c377': cache hit -- 92 gates, area 243.75, delay 1.00
[pass.abc] region 'ImmediateGenerator.ImmediateGenerator__c378': cache hit -- 93 gates, area 243.75, delay 1.00
[pass.abc] region 'ImmediateGenerator.ImmediateGenerator__c379': cache hit -- 94 gates, area 243.75, delay 1.00
[pass.abc] region 'ImmediateGenerator.ImmediateGenerator__c380': cache hit -- 95 gates, area 243.75, delay 1.00
[pass.abc] region 'ImmediateGenerator.ImmediateGenerator__c381': cache hit -- 96 gates, area 243.75, delay 1.00
[pass.abc] region 'ImmediateGenerator.ImmediateGenerator__c382': cache hit -- 97 gates, area 243.75, delay 1.00
[pass.abc] region 'ImmediateGenerator.ImmediateGenerator__c383': cache hit -- 98 gates, area 243.75, delay 1.00
[pass.abc] region 'ImmediateGenerator.ImmediateGenerator__c384': cache hit -- 99 gates, area 243.75, delay 1.00
[pass.abc] region 'ImmediateGenerator.ImmediateGenerator__c385': cache hit -- 100 gates, area 243.75, delay 1.00
[pass.abc] region 'ImmediateGenerator.ImmediateGenerator__c386': cache hit -- 101 gates, area 243.75, delay 1.00
[pass.abc] region 'ImmediateGenerator.ImmediateGenerator__c387': cache hit -- 102 gates, area 243.75, delay 1.00
[pass.abc] region 'ImmediateGenerator.ImmediateGenerator__c388': cache hit -- 103 gates, area 243.75, delay 1.00
[pass.abc] region 'ImmediateGenerator.ImmediateGenerator__c389': cache hit -- 104 gates, area 243.75, delay 1.00
[pass.abc] region 'ImmediateGenerator.ImmediateGenerator__c390': cache hit -- 105 gates, area 243.75, delay 1.00
[pass.abc] region 'ImmediateGenerator.ImmediateGenerator__c391': cache hit -- 106 gates, area 243.75, delay 1.00
[pass.abc] region 'ImmediateGenerator.ImmediateGenerator__c392': cache hit -- 107 gates, area 243.75, delay 1.00
[pass.abc] region 'ImmediateGenerator.ImmediateGenerator__c393': cache hit -- 108 gates, area 243.75, delay 1.00
[pass.abc] region 'ImmediateGenerator.ImmediateGenerator__c394': cache hit -- 109 gates, area 243.75, delay 1.00
[pass.abc] region 'ImmediateGenerator.ImmediateGenerator__c395': cache hit -- 110 gates, area 243.75, delay 1.00
[pass.abc] region 'ImmediateGenerator.ImmediateGenerator__c396': cache hit -- 111 gates, area 243.75, delay 1.00
[pass.abc] region 'ImmediateGenerator.ImmediateGenerator__c397': cache hit -- 112 gates, area 243.75, delay 1.00
[pass.abc] region 'ImmediateGenerator.ImmediateGenerator__c398': cache hit -- 113 gates, area 243.75, delay 1.00
[pass.abc] region 'ImmediateGenerator.ImmediateGenerator__c399': cache hit -- 114 gates, area 243.75, delay 1.00
[pass.abc] region 'ImmediateGenerator.ImmediateGenerator__c400': cache hit -- 115 gates, area 243.75, delay 1.00
[pass.abc] region 'ImmediateGenerator.ImmediateGenerator__c401': cache hit -- 116 gates, area 243.75, delay 1.00
[pass.abc] region 'ImmediateGenerator.ImmediateGenerator__c402': cache hit -- 1642 gates, area 10016.78, delay 3.00
[pass.abc] region 'ImmediateGenerator.ImmediateGenerator__c403': cache hit -- 128 gates, area 435.00, delay 1.00
[pass.abc] region 'ImmediateGenerator.ImmediateGenerator__c404': 6 gates, area 18.75, delay 1.00  critical output 'get_mask_2292_1' @ ./dino_prp/ImmediateGenerator.prp:14
[pass.abc] region 'ImmediateGenerator.ImmediateGenerator__c405': 128 gates, area 512.63, delay 1.00  critical output 'or_2300_1' @ ./dino_prp/ImmediateGenerator.prp:14
[pass.abc] region 'ImmediateGenerator.ImmediateGenerator__c406': cache hit -- 65 gates, area 240.00, delay 1.00
[pass.abc] region 'ImmediateGenerator.ImmediateGenerator__c407': cache hit -- 67 gates, area 570.65, delay 2.00
[pass.abc] region 'ImmediateGenerator.ImmediateGenerator__c408': cache hit -- 0 gates, area 0.00, delay -1000000000.00
[pass.abc] region 'ImmediateGenerator.ImmediateGenerator__c409': cache hit -- 0 gates, area 0.00, delay -1000000000.00
[pass.abc] region 'ImmediateGenerator.ImmediateGenerator__c410': cache hit -- 0 gates, area 0.00, delay -1000000000.00
[pass.abc] region 'ImmediateGenerator.ImmediateGenerator__c411': cache hit -- 0 gates, area 0.00, delay -1000000000.00
[pass.abc] region 'ImmediateGenerator.ImmediateGenerator__c412': cache hit -- 0 gates, area 0.00, delay -1000000000.00
[pass.abc] region 'ImmediateGenerator.ImmediateGenerator__c413': cache hit -- 0 gates, area 0.00, delay -1000000000.00
[pass.abc] region 'ImmediateGenerator.ImmediateGenerator__c414': cache hit -- 0 gates, area 0.00, delay -1000000000.00
[pass.abc] region 'ImmediateGenerator.ImmediateGenerator__c415': cache hit -- 0 gates, area 0.00, delay -1000000000.00
[pass.abc] region 'ImmediateGenerator.ImmediateGenerator__c416': cache hit -- 0 gates, area 0.00, delay -1000000000.00
[pass.abc] region 'ImmediateGenerator.ImmediateGenerator__c417': cache hit -- 0 gates, area 0.00, delay -1000000000.00
Warning: The current network has no primary outputs. Some commands may not work correctly.
Warning: The current GIA has no primary outputs. Some commands may not work correctly.
Warning: The current GIA has no primary outputs. Some commands may not work correctly.
Warning: The current network has no primary outputs. Some commands may not work correctly.
Warning: The current GIA has no primary outputs. Some commands may not work correctly.
Warning: The current GIA has no primary outputs. Some commands may not work correctly.
Warning: The current GIA has no primary outputs. Some commands may not work correctly.
Warning: The current GIA has no primary outputs. Some commands may not work correctly.
Warning: The current network has no primary outputs. Some commands may not work correctly.
[pass.abc] region 'ImmediateGenerator.ImmediateGenerator__c418': 0 gates, area 0.00, delay -1000000000.00
[pass.abc] region 'ImmediateGenerator.ImmediateGenerator__c419': cache hit -- 0 gates, area 0.00, delay -1000000000.00
[pass.abc] region 'ImmediateGenerator.ImmediateGenerator__c420': cache hit -- 0 gates, area 0.00, delay -1000000000.00
[pass.abc] region 'ImmediateGenerator.ImmediateGenerator__c421': cache hit -- 0 gates, area 0.00, delay -1000000000.00
[pass.abc] region 'ImmediateGenerator.ImmediateGenerator__c422': cache hit -- 0 gates, area 0.00, delay -1000000000.00
[pass.abc] region 'ImmediateGenerator.ImmediateGenerator__c423': cache hit -- 0 gates, area 0.00, delay -1000000000.00
[pass.abc] region 'ImmediateGenerator.ImmediateGenerator__c424': cache hit -- 0 gates, area 0.00, delay -1000000000.00
[pass.abc] region 'ImmediateGenerator.ImmediateGenerator__c425': cache hit -- 0 gates, area 0.00, delay -1000000000.00
[pass.abc] region 'ImmediateGenerator.ImmediateGenerator__c426': cache hit -- 0 gates, area 0.00, delay -1000000000.00
[pass.abc] region 'ImmediateGenerator.ImmediateGenerator__c427': cache hit -- 0 gates, area 0.00, delay -1000000000.00
[pass.abc] region 'ImmediateGenerator.ImmediateGenerator__c428': cache hit -- 0 gates, area 0.00, delay -1000000000.00
[pass.abc] region 'ImmediateGenerator.ImmediateGenerator__c429': cache hit -- 0 gates, area 0.00, delay -1000000000.00
[pass.abc] region 'ImmediateGenerator.ImmediateGenerator__c430': cache hit -- 0 gates, area 0.00, delay -1000000000.00
[pass.abc] region 'ImmediateGenerator.ImmediateGenerator__c431': cache hit -- 0 gates, area 0.00, delay -1000000000.00
[pass.abc] region 'ImmediateGenerator.ImmediateGenerator__c432': cache hit -- 0 gates, area 0.00, delay -1000000000.00
[pass.abc] region 'ImmediateGenerator.ImmediateGenerator__c433': cache hit -- 0 gates, area 0.00, delay -1000000000.00
[pass.abc] region 'ImmediateGenerator.ImmediateGenerator__c434': cache hit -- 0 gates, area 0.00, delay -1000000000.00
[pass.abc] region 'ImmediateGenerator.ImmediateGenerator__c435': cache hit -- 0 gates, area 0.00, delay -1000000000.00
[pass.abc] region 'ImmediateGenerator.ImmediateGenerator__c436': cache hit -- 0 gates, area 0.00, delay -1000000000.00
[pass.abc] region 'ImmediateGenerator.ImmediateGenerator__c437': cache hit -- 0 gates, area 0.00, delay -1000000000.00
[pass.abc] region 'ImmediateGenerator.ImmediateGenerator__c438': cache hit -- 0 gates, area 0.00, delay -1000000000.00
[pass.abc] region 'ImmediateGenerator.ImmediateGenerator__c439': cache hit -- 0 gates, area 0.00, delay -1000000000.00
[pass.abc] region 'ImmediateGenerator.ImmediateGenerator__c440': cache hit -- 0 gates, area 0.00, delay -1000000000.00
[pass.abc] region 'ImmediateGenerator.ImmediateGenerator__c441': cache hit -- 0 gates, area 0.00, delay -1000000000.00
[pass.abc] region 'ImmediateGenerator.ImmediateGenerator__c442': cache hit -- 0 gates, area 0.00, delay -1000000000.00
[pass.abc] region 'ImmediateGenerator.ImmediateGenerator__c443': cache hit -- 0 gates, area 0.00, delay -1000000000.00
[pass.abc] region 'ImmediateGenerator.ImmediateGenerator__c444': cache hit -- 0 gates, area 0.00, delay -1000000000.00
[pass.abc] region 'ImmediateGenerator.ImmediateGenerator__c445': cache hit -- 0 gates, area 0.00, delay -1000000000.00
[pass.abc] region 'ImmediateGenerator.ImmediateGenerator__c446': cache hit -- 0 gates, area 0.00, delay -1000000000.00
[pass.abc] region 'ImmediateGenerator.ImmediateGenerator__c447': cache hit -- 0 gates, area 0.00, delay -1000000000.00
[pass.abc] region 'ImmediateGenerator.ImmediateGenerator__c448': cache hit -- 0 gates, area 0.00, delay -1000000000.00
[pass.abc] region 'ImmediateGenerator.ImmediateGenerator__c449': cache hit -- 0 gates, area 0.00, delay -1000000000.00
[pass.abc] region 'ImmediateGenerator.ImmediateGenerator__c450': cache hit -- 0 gates, area 0.00, delay -1000000000.00
[pass.abc] region 'ImmediateGenerator.ImmediateGenerator__c451': cache hit -- 0 gates, area 0.00, delay -1000000000.00
Warning: The current network has no primary outputs. Some commands may not work correctly.
Warning: The current GIA has no primary outputs. Some commands may not work correctly.
Warning: The current GIA has no primary outputs. Some commands may not work correctly.
Warning: The current network has no primary outputs. Some commands may not work correctly.
Warning: The current GIA has no primary outputs. Some commands may not work correctly.
Warning: The current GIA has no primary outputs. Some commands may not work correctly.
Warning: The current GIA has no primary outputs. Some commands may not work correctly.
Warning: The current GIA has no primary outputs. Some commands may not work correctly.
Warning: The current network has no primary outputs. Some commands may not work correctly.
[pass.abc] region 'ImmediateGenerator.ImmediateGenerator__c452': 0 gates, area 0.00, delay -1000000000.00
[pass.abc] region 'ImmediateGenerator.ImmediateGenerator__c453': cache hit -- 0 gates, area 0.00, delay -1000000000.00
[pass.abc] region 'ImmediateGenerator.ImmediateGenerator__c454': cache hit -- 0 gates, area 0.00, delay -1000000000.00
[pass.abc] region 'ImmediateGenerator.ImmediateGenerator__c455': cache hit -- 0 gates, area 0.00, delay -1000000000.00
[pass.abc] region 'ImmediateGenerator.ImmediateGenerator__c456': cache hit -- 0 gates, area 0.00, delay -1000000000.00
[pass.abc] region 'ImmediateGenerator.ImmediateGenerator__c457': cache hit -- 0 gates, area 0.00, delay -1000000000.00
[pass.abc] region 'ImmediateGenerator.ImmediateGenerator__c458': cache hit -- 0 gates, area 0.00, delay -1000000000.00
[pass.abc] region 'ImmediateGenerator.ImmediateGenerator__c459': cache hit -- 0 gates, area 0.00, delay -1000000000.00
[pass.abc] region 'ImmediateGenerator.ImmediateGenerator__c460': cache hit -- 0 gates, area 0.00, delay -1000000000.00
[pass.abc] region 'ImmediateGenerator.ImmediateGenerator__c461': cache hit -- 0 gates, area 0.00, delay -1000000000.00
[pass.abc] region 'ImmediateGenerator.ImmediateGenerator__c462': cache hit -- 0 gates, area 0.00, delay -1000000000.00
[pass.abc] region 'ImmediateGenerator.ImmediateGenerator__c463': cache hit -- 0 gates, area 0.00, delay -1000000000.00
[pass.abc] region 'ImmediateGenerator.ImmediateGenerator__c464': cache hit -- 0 gates, area 0.00, delay -1000000000.00
[pass.abc] region 'ImmediateGenerator.ImmediateGenerator__c465': cache hit -- 0 gates, area 0.00, delay -1000000000.00
[pass.abc] region 'ImmediateGenerator.ImmediateGenerator__c466': cache hit -- 0 gates, area 0.00, delay -1000000000.00
[pass.abc] region 'ImmediateGenerator.ImmediateGenerator__c467': cache hit -- 0 gates, area 0.00, delay -1000000000.00
[pass.abc] region 'ImmediateGenerator.ImmediateGenerator__c468': cache hit -- 0 gates, area 0.00, delay -1000000000.00
[pass.abc] region 'ImmediateGenerator.ImmediateGenerator__c469': cache hit -- 0 gates, area 0.00, delay -1000000000.00
[pass.abc] region 'ImmediateGenerator.ImmediateGenerator__c470': cache hit -- 0 gates, area 0.00, delay -1000000000.00
[pass.abc] region 'ImmediateGenerator.ImmediateGenerator__c471': cache hit -- 0 gates, area 0.00, delay -1000000000.00
[pass.abc] region 'ImmediateGenerator.ImmediateGenerator__c472': cache hit -- 0 gates, area 0.00, delay -1000000000.00
[pass.abc] region 'ImmediateGenerator.ImmediateGenerator__c473': cache hit -- 0 gates, area 0.00, delay -1000000000.00
[pass.abc] region 'ImmediateGenerator.ImmediateGenerator__c474': cache hit -- 0 gates, area 0.00, delay -1000000000.00
[pass.abc] region 'ImmediateGenerator.ImmediateGenerator__c475': cache hit -- 0 gates, area 0.00, delay -1000000000.00
[pass.abc] region 'ImmediateGenerator.ImmediateGenerator__c476': cache hit -- 0 gates, area 0.00, delay -1000000000.00
[pass.abc] region 'ImmediateGenerator.ImmediateGenerator__c477': cache hit -- 0 gates, area 0.00, delay -1000000000.00
[pass.abc] region 'ImmediateGenerator.ImmediateGenerator__c478': cache hit -- 0 gates, area 0.00, delay -1000000000.00
[pass.abc] region 'ImmediateGenerator.ImmediateGenerator__c479': cache hit -- 0 gates, area 0.00, delay -1000000000.00
[pass.abc] region 'ImmediateGenerator.ImmediateGenerator__c480': cache hit -- 0 gates, area 0.00, delay -1000000000.00
[pass.abc] region 'ImmediateGenerator.ImmediateGenerator__c481': cache hit -- 0 gates, area 0.00, delay -1000000000.00
[pass.abc] region 'ImmediateGenerator.ImmediateGenerator__c482': cache hit -- 0 gates, area 0.00, delay -1000000000.00
[pass.abc] region 'ImmediateGenerator.ImmediateGenerator__c483': cache hit -- 0 gates, area 0.00, delay -1000000000.00
[pass.abc] region 'ImmediateGenerator.ImmediateGenerator__c484': cache hit -- 0 gates, area 0.00, delay -1000000000.00
[pass.abc] region 'ImmediateGenerator.ImmediateGenerator__c485': cache hit -- 0 gates, area 0.00, delay -1000000000.00
[pass.abc] region 'ImmediateGenerator.ImmediateGenerator__c486': cache hit -- 0 gates, area 0.00, delay -1000000000.00
[pass.abc] region 'ImmediateGenerator.ImmediateGenerator__c487': cache hit -- 0 gates, area 0.00, delay -1000000000.00
[pass.abc] region 'ImmediateGenerator.ImmediateGenerator__c488': cache hit -- 0 gates, area 0.00, delay -1000000000.00
[pass.abc] region 'ImmediateGenerator.ImmediateGenerator__c489': cache hit -- 0 gates, area 0.00, delay -1000000000.00
[pass.abc] region 'ImmediateGenerator.ImmediateGenerator__c490': cache hit -- 0 gates, area 0.00, delay -1000000000.00
[pass.abc] region 'ImmediateGenerator.ImmediateGenerator__c491': cache hit -- 0 gates, area 0.00, delay -1000000000.00
[pass.abc] region 'ImmediateGenerator.ImmediateGenerator__c492': cache hit -- 0 gates, area 0.00, delay -1000000000.00
[pass.abc] region 'ImmediateGenerator.ImmediateGenerator__c493': cache hit -- 0 gates, area 0.00, delay -1000000000.00
[pass.abc] region 'ImmediateGenerator.ImmediateGenerator__c494': cache hit -- 0 gates, area 0.00, delay -1000000000.00
[pass.abc] region 'ImmediateGenerator.ImmediateGenerator__c495': cache hit -- 0 gates, area 0.00, delay -1000000000.00
[pass.abc] region 'ImmediateGenerator.ImmediateGenerator__c496': cache hit -- 0 gates, area 0.00, delay -1000000000.00
[pass.abc] region 'ImmediateGenerator.ImmediateGenerator__c497': cache hit -- 0 gates, area 0.00, delay -1000000000.00
[pass.abc] region 'ImmediateGenerator.ImmediateGenerator__c498': cache hit -- 0 gates, area 0.00, delay -1000000000.00
[pass.abc] region 'ImmediateGenerator.ImmediateGenerator__c499': cache hit -- 0 gates, area 0.00, delay -1000000000.00
[pass.abc] region 'ImmediateGenerator.ImmediateGenerator__c500': cache hit -- 0 gates, area 0.00, delay -1000000000.00
[pass.abc] region 'ImmediateGenerator.ImmediateGenerator__c501': cache hit -- 0 gates, area 0.00, delay -1000000000.00
[pass.abc] region 'ImmediateGenerator.ImmediateGenerator__c502': cache hit -- 0 gates, area 0.00, delay -1000000000.00
[pass.abc] region 'ImmediateGenerator.ImmediateGenerator__c503': cache hit -- 0 gates, area 0.00, delay -1000000000.00
[pass.abc] region 'ImmediateGenerator.ImmediateGenerator__c504': cache hit -- 0 gates, area 0.00, delay -1000000000.00
[pass.abc] region 'ImmediateGenerator.ImmediateGenerator__c505': cache hit -- 0 gates, area 0.00, delay -1000000000.00
[pass.abc] region 'ImmediateGenerator.ImmediateGenerator__c506': cache hit -- 0 gates, area 0.00, delay -1000000000.00
[pass.abc] region 'ImmediateGenerator.ImmediateGenerator__c507': cache hit -- 0 gates, area 0.00, delay -1000000000.00
[pass.abc] region 'ImmediateGenerator.ImmediateGenerator__c508': cache hit -- 0 gates, area 0.00, delay -1000000000.00
[pass.abc] region 'ImmediateGenerator.ImmediateGenerator__c509': cache hit -- 0 gates, area 0.00, delay -1000000000.00
[pass.abc] region 'ImmediateGenerator.ImmediateGenerator__c510': cache hit -- 0 gates, area 0.00, delay -1000000000.00
[pass.abc] region 'ImmediateGenerator.ImmediateGenerator__c511': cache hit -- 0 gates, area 0.00, delay -1000000000.00
[pass.abc] region 'ImmediateGenerator.ImmediateGenerator__c512': cache hit -- 0 gates, area 0.00, delay -1000000000.00
[pass.abc] region 'ImmediateGenerator.ImmediateGenerator__c513': cache hit -- 0 gates, area 0.00, delay -1000000000.00
[pass.abc] region 'ImmediateGenerator.ImmediateGenerator__c514': cache hit -- 0 gates, area 0.00, delay -1000000000.00
[pass.abc] region 'ImmediateGenerator.ImmediateGenerator__c515': cache hit -- 0 gates, area 0.00, delay -1000000000.00
[pass.abc] region 'ImmediateGenerator.ImmediateGenerator__c516': cache hit -- 0 gates, area 0.00, delay -1000000000.00
[pass.abc] region 'ImmediateGenerator.ImmediateGenerator__c517': cache hit -- 0 gates, area 0.00, delay -1000000000.00
[pass.abc] region 'ImmediateGenerator.ImmediateGenerator__c518': 4 gates, area 16.27, delay 2.00  critical output 'eq_2760_1' @ ./dino_prp/ImmediateGenerator.prp:15
[pass.abc] region 'ImmediateGenerator.ImmediateGenerator__c519': cache hit -- 66 gates, area 243.75, delay 1.00
[pass.abc] region 'ImmediateGenerator.ImmediateGenerator__c520': cache hit -- 67 gates, area 243.75, delay 1.00
[pass.abc] region 'ImmediateGenerator.ImmediateGenerator__c521': cache hit -- 68 gates, area 243.75, delay 1.00
[pass.abc] region 'ImmediateGenerator.ImmediateGenerator__c522': cache hit -- 69 gates, area 243.75, delay 1.00
[pass.abc] region 'ImmediateGenerator.ImmediateGenerator__c523': cache hit -- 70 gates, area 243.75, delay 1.00
[pass.abc] region 'ImmediateGenerator.ImmediateGenerator__c524': cache hit -- 71 gates, area 243.75, delay 1.00
[pass.abc] region 'ImmediateGenerator.ImmediateGenerator__c525': cache hit -- 72 gates, area 243.75, delay 1.00
[pass.abc] region 'ImmediateGenerator.ImmediateGenerator__c526': cache hit -- 73 gates, area 243.75, delay 1.00
[pass.abc] region 'ImmediateGenerator.ImmediateGenerator__c527': cache hit -- 74 gates, area 243.75, delay 1.00
[pass.abc] region 'ImmediateGenerator.ImmediateGenerator__c528': cache hit -- 75 gates, area 243.75, delay 1.00
[pass.abc] region 'ImmediateGenerator.ImmediateGenerator__c529': cache hit -- 76 gates, area 243.75, delay 1.00
[pass.abc] region 'ImmediateGenerator.ImmediateGenerator__c530': cache hit -- 77 gates, area 243.75, delay 1.00
[pass.abc] region 'ImmediateGenerator.ImmediateGenerator__c531': cache hit -- 78 gates, area 243.75, delay 1.00
[pass.abc] region 'ImmediateGenerator.ImmediateGenerator__c532': cache hit -- 79 gates, area 243.75, delay 1.00
[pass.abc] region 'ImmediateGenerator.ImmediateGenerator__c533': cache hit -- 80 gates, area 243.75, delay 1.00
[pass.abc] region 'ImmediateGenerator.ImmediateGenerator__c534': cache hit -- 81 gates, area 243.75, delay 1.00
[pass.abc] region 'ImmediateGenerator.ImmediateGenerator__c535': cache hit -- 82 gates, area 243.75, delay 1.00
[pass.abc] region 'ImmediateGenerator.ImmediateGenerator__c536': cache hit -- 83 gates, area 243.75, delay 1.00
[pass.abc] region 'ImmediateGenerator.ImmediateGenerator__c537': cache hit -- 84 gates, area 243.75, delay 1.00
[pass.abc] region 'ImmediateGenerator.ImmediateGenerator__c538': cache hit -- 85 gates, area 243.75, delay 1.00
[pass.abc] region 'ImmediateGenerator.ImmediateGenerator__c539': cache hit -- 86 gates, area 243.75, delay 1.00
[pass.abc] region 'ImmediateGenerator.ImmediateGenerator__c540': cache hit -- 87 gates, area 243.75, delay 1.00
[pass.abc] region 'ImmediateGenerator.ImmediateGenerator__c541': cache hit -- 88 gates, area 243.75, delay 1.00
[pass.abc] region 'ImmediateGenerator.ImmediateGenerator__c542': cache hit -- 89 gates, area 243.75, delay 1.00
[pass.abc] region 'ImmediateGenerator.ImmediateGenerator__c543': cache hit -- 90 gates, area 243.75, delay 1.00
[pass.abc] region 'ImmediateGenerator.ImmediateGenerator__c544': cache hit -- 91 gates, area 243.75, delay 1.00
[pass.abc] region 'ImmediateGenerator.ImmediateGenerator__c545': cache hit -- 92 gates, area 243.75, delay 1.00
[pass.abc] region 'ImmediateGenerator.ImmediateGenerator__c546': cache hit -- 93 gates, area 243.75, delay 1.00
[pass.abc] region 'ImmediateGenerator.ImmediateGenerator__c547': cache hit -- 94 gates, area 243.75, delay 1.00
[pass.abc] region 'ImmediateGenerator.ImmediateGenerator__c548': cache hit -- 95 gates, area 243.75, delay 1.00
[pass.abc] region 'ImmediateGenerator.ImmediateGenerator__c549': cache hit -- 96 gates, area 243.75, delay 1.00
[pass.abc] region 'ImmediateGenerator.ImmediateGenerator__c550': cache hit -- 97 gates, area 243.75, delay 1.00
[pass.abc] region 'ImmediateGenerator.ImmediateGenerator__c551': cache hit -- 98 gates, area 243.75, delay 1.00
[pass.abc] region 'ImmediateGenerator.ImmediateGenerator__c552': cache hit -- 99 gates, area 243.75, delay 1.00
[pass.abc] region 'ImmediateGenerator.ImmediateGenerator__c553': cache hit -- 100 gates, area 243.75, delay 1.00
[pass.abc] region 'ImmediateGenerator.ImmediateGenerator__c554': cache hit -- 101 gates, area 243.75, delay 1.00
[pass.abc] region 'ImmediateGenerator.ImmediateGenerator__c555': cache hit -- 102 gates, area 243.75, delay 1.00
[pass.abc] region 'ImmediateGenerator.ImmediateGenerator__c556': cache hit -- 103 gates, area 243.75, delay 1.00
[pass.abc] region 'ImmediateGenerator.ImmediateGenerator__c557': cache hit -- 104 gates, area 243.75, delay 1.00
[pass.abc] region 'ImmediateGenerator.ImmediateGenerator__c558': cache hit -- 105 gates, area 243.75, delay 1.00
[pass.abc] region 'ImmediateGenerator.ImmediateGenerator__c559': cache hit -- 106 gates, area 243.75, delay 1.00
[pass.abc] region 'ImmediateGenerator.ImmediateGenerator__c560': cache hit -- 107 gates, area 243.75, delay 1.00
[pass.abc] region 'ImmediateGenerator.ImmediateGenerator__c561': cache hit -- 108 gates, area 243.75, delay 1.00
[pass.abc] region 'ImmediateGenerator.ImmediateGenerator__c562': cache hit -- 109 gates, area 243.75, delay 1.00
[pass.abc] region 'ImmediateGenerator.ImmediateGenerator__c563': cache hit -- 110 gates, area 243.75, delay 1.00
[pass.abc] region 'ImmediateGenerator.ImmediateGenerator__c564': cache hit -- 111 gates, area 243.75, delay 1.00
[pass.abc] region 'ImmediateGenerator.ImmediateGenerator__c565': cache hit -- 112 gates, area 243.75, delay 1.00
[pass.abc] region 'ImmediateGenerator.ImmediateGenerator__c566': cache hit -- 113 gates, area 243.75, delay 1.00
[pass.abc] region 'ImmediateGenerator.ImmediateGenerator__c567': cache hit -- 114 gates, area 243.75, delay 1.00
[pass.abc] region 'ImmediateGenerator.ImmediateGenerator__c568': cache hit -- 115 gates, area 243.75, delay 1.00
[pass.abc] region 'ImmediateGenerator.ImmediateGenerator__c569': cache hit -- 116 gates, area 243.75, delay 1.00
[pass.abc] region 'ImmediateGenerator.ImmediateGenerator__c570': cache hit -- 1642 gates, area 10016.78, delay 3.00
[pass.abc] region 'ImmediateGenerator.ImmediateGenerator__c571': cache hit -- 128 gates, area 435.00, delay 1.00
[pass.abc] region 'ImmediateGenerator.ImmediateGenerator__c572': cache hit -- 13 gates, area 45.00, delay 1.00
[pass.abc] region 'ImmediateGenerator.ImmediateGenerator__c573': cache hit -- 128 gates, area 512.63, delay 1.00
[pass.abc] region 'ImmediateGenerator.ImmediateGenerator__c574': cache hit -- 65 gates, area 240.00, delay 1.00
[pass.abc] region 'ImmediateGenerator.ImmediateGenerator__c575': cache hit -- 67 gates, area 570.65, delay 2.00
[pass.abc] region 'ImmediateGenerator.ImmediateGenerator__c576': cache hit -- 0 gates, area 0.00, delay -1000000000.00
[pass.abc] region 'ImmediateGenerator.ImmediateGenerator__c577': cache hit -- 0 gates, area 0.00, delay -1000000000.00
[pass.abc] region 'ImmediateGenerator.ImmediateGenerator__c578': cache hit -- 0 gates, area 0.00, delay -1000000000.00
[pass.abc] region 'ImmediateGenerator.ImmediateGenerator__c579': cache hit -- 0 gates, area 0.00, delay -1000000000.00
[pass.abc] region 'ImmediateGenerator.ImmediateGenerator__c580': cache hit -- 0 gates, area 0.00, delay -1000000000.00
[pass.abc] region 'ImmediateGenerator.ImmediateGenerator__c581': cache hit -- 0 gates, area 0.00, delay -1000000000.00
[pass.abc] region 'ImmediateGenerator.ImmediateGenerator__c582': cache hit -- 0 gates, area 0.00, delay -1000000000.00
[pass.abc] region 'ImmediateGenerator.ImmediateGenerator__c583': cache hit -- 0 gates, area 0.00, delay -1000000000.00
[pass.abc] region 'ImmediateGenerator.ImmediateGenerator__c584': cache hit -- 0 gates, area 0.00, delay -1000000000.00
[pass.abc] region 'ImmediateGenerator.ImmediateGenerator__c585': cache hit -- 0 gates, area 0.00, delay -1000000000.00
[pass.abc] region 'ImmediateGenerator.ImmediateGenerator__c586': cache hit -- 0 gates, area 0.00, delay -1000000000.00
[pass.abc] region 'ImmediateGenerator.ImmediateGenerator__c587': cache hit -- 0 gates, area 0.00, delay -1000000000.00
[pass.abc] region 'ImmediateGenerator.ImmediateGenerator__c588': cache hit -- 0 gates, area 0.00, delay -1000000000.00
[pass.abc] region 'ImmediateGenerator.ImmediateGenerator__c589': cache hit -- 0 gates, area 0.00, delay -1000000000.00
[pass.abc] region 'ImmediateGenerator.ImmediateGenerator__c590': cache hit -- 0 gates, area 0.00, delay -1000000000.00
[pass.abc] region 'ImmediateGenerator.ImmediateGenerator__c591': cache hit -- 0 gates, area 0.00, delay -1000000000.00
[pass.abc] region 'ImmediateGenerator.ImmediateGenerator__c592': cache hit -- 0 gates, area 0.00, delay -1000000000.00
[pass.abc] region 'ImmediateGenerator.ImmediateGenerator__c593': cache hit -- 0 gates, area 0.00, delay -1000000000.00
[pass.abc] region 'ImmediateGenerator.ImmediateGenerator__c594': cache hit -- 0 gates, area 0.00, delay -1000000000.00
[pass.abc] region 'ImmediateGenerator.ImmediateGenerator__c595': cache hit -- 0 gates, area 0.00, delay -1000000000.00
[pass.abc] region 'ImmediateGenerator.ImmediateGenerator__c596': cache hit -- 0 gates, area 0.00, delay -1000000000.00
[pass.abc] region 'ImmediateGenerator.ImmediateGenerator__c597': cache hit -- 0 gates, area 0.00, delay -1000000000.00
[pass.abc] region 'ImmediateGenerator.ImmediateGenerator__c598': cache hit -- 0 gates, area 0.00, delay -1000000000.00
[pass.abc] region 'ImmediateGenerator.ImmediateGenerator__c599': cache hit -- 0 gates, area 0.00, delay -1000000000.00
[pass.abc] region 'ImmediateGenerator.ImmediateGenerator__c600': cache hit -- 0 gates, area 0.00, delay -1000000000.00
[pass.abc] region 'ImmediateGenerator.ImmediateGenerator__c601': cache hit -- 0 gates, area 0.00, delay -1000000000.00
[pass.abc] region 'ImmediateGenerator.ImmediateGenerator__c602': cache hit -- 0 gates, area 0.00, delay -1000000000.00
[pass.abc] region 'ImmediateGenerator.ImmediateGenerator__c603': cache hit -- 0 gates, area 0.00, delay -1000000000.00
[pass.abc] region 'ImmediateGenerator.ImmediateGenerator__c604': cache hit -- 0 gates, area 0.00, delay -1000000000.00
[pass.abc] region 'ImmediateGenerator.ImmediateGenerator__c605': cache hit -- 0 gates, area 0.00, delay -1000000000.00
[pass.abc] region 'ImmediateGenerator.ImmediateGenerator__c606': cache hit -- 0 gates, area 0.00, delay -1000000000.00
[pass.abc] region 'ImmediateGenerator.ImmediateGenerator__c607': cache hit -- 0 gates, area 0.00, delay -1000000000.00
[pass.abc] region 'ImmediateGenerator.ImmediateGenerator__c608': cache hit -- 0 gates, area 0.00, delay -1000000000.00
[pass.abc] region 'ImmediateGenerator.ImmediateGenerator__c609': cache hit -- 0 gates, area 0.00, delay -1000000000.00
[pass.abc] region 'ImmediateGenerator.ImmediateGenerator__c610': cache hit -- 0 gates, area 0.00, delay -1000000000.00
[pass.abc] region 'ImmediateGenerator.ImmediateGenerator__c611': cache hit -- 0 gates, area 0.00, delay -1000000000.00
[pass.abc] region 'ImmediateGenerator.ImmediateGenerator__c612': cache hit -- 0 gates, area 0.00, delay -1000000000.00
[pass.abc] region 'ImmediateGenerator.ImmediateGenerator__c613': cache hit -- 0 gates, area 0.00, delay -1000000000.00
[pass.abc] region 'ImmediateGenerator.ImmediateGenerator__c614': cache hit -- 0 gates, area 0.00, delay -1000000000.00
[pass.abc] region 'ImmediateGenerator.ImmediateGenerator__c615': cache hit -- 0 gates, area 0.00, delay -1000000000.00
[pass.abc] region 'ImmediateGenerator.ImmediateGenerator__c616': cache hit -- 0 gates, area 0.00, delay -1000000000.00
[pass.abc] region 'ImmediateGenerator.ImmediateGenerator__c617': cache hit -- 0 gates, area 0.00, delay -1000000000.00
[pass.abc] region 'ImmediateGenerator.ImmediateGenerator__c618': cache hit -- 0 gates, area 0.00, delay -1000000000.00
[pass.abc] region 'ImmediateGenerator.ImmediateGenerator__c619': cache hit -- 0 gates, area 0.00, delay -1000000000.00
[pass.abc] region 'ImmediateGenerator.ImmediateGenerator__c620': cache hit -- 0 gates, area 0.00, delay -1000000000.00
[pass.abc] region 'ImmediateGenerator.ImmediateGenerator__c621': cache hit -- 0 gates, area 0.00, delay -1000000000.00
[pass.abc] region 'ImmediateGenerator.ImmediateGenerator__c622': cache hit -- 0 gates, area 0.00, delay -1000000000.00
[pass.abc] region 'ImmediateGenerator.ImmediateGenerator__c623': cache hit -- 0 gates, area 0.00, delay -1000000000.00
[pass.abc] region 'ImmediateGenerator.ImmediateGenerator__c624': cache hit -- 0 gates, area 0.00, delay -1000000000.00
[pass.abc] region 'ImmediateGenerator.ImmediateGenerator__c625': cache hit -- 0 gates, area 0.00, delay -1000000000.00
[pass.abc] region 'ImmediateGenerator.ImmediateGenerator__c626': cache hit -- 0 gates, area 0.00, delay -1000000000.00
[pass.abc] region 'ImmediateGenerator.ImmediateGenerator__c627': cache hit -- 0 gates, area 0.00, delay -1000000000.00
[pass.abc] region 'ImmediateGenerator.ImmediateGenerator__c628': cache hit -- 0 gates, area 0.00, delay -1000000000.00
[pass.abc] region 'ImmediateGenerator.ImmediateGenerator__c629': cache hit -- 0 gates, area 0.00, delay -1000000000.00
[pass.abc] region 'ImmediateGenerator.ImmediateGenerator__c630': cache hit -- 0 gates, area 0.00, delay -1000000000.00
[pass.abc] region 'ImmediateGenerator.ImmediateGenerator__c631': cache hit -- 0 gates, area 0.00, delay -1000000000.00
[pass.abc] region 'ImmediateGenerator.ImmediateGenerator__c632': cache hit -- 0 gates, area 0.00, delay -1000000000.00
[pass.abc] region 'ImmediateGenerator.ImmediateGenerator__c633': cache hit -- 0 gates, area 0.00, delay -1000000000.00
[pass.abc] region 'ImmediateGenerator.ImmediateGenerator__c634': cache hit -- 0 gates, area 0.00, delay -1000000000.00
[pass.abc] region 'ImmediateGenerator.ImmediateGenerator__c635': cache hit -- 0 gates, area 0.00, delay -1000000000.00
[pass.abc] region 'ImmediateGenerator.ImmediateGenerator__c636': cache hit -- 0 gates, area 0.00, delay -1000000000.00
[pass.abc] region 'ImmediateGenerator.ImmediateGenerator__c637': cache hit -- 0 gates, area 0.00, delay -1000000000.00
[pass.abc] region 'ImmediateGenerator.ImmediateGenerator__c638': cache hit -- 0 gates, area 0.00, delay -1000000000.00
[pass.abc] region 'ImmediateGenerator.ImmediateGenerator__c639': cache hit -- 0 gates, area 0.00, delay -1000000000.00
[pass.abc] region 'ImmediateGenerator.ImmediateGenerator__c640': cache hit -- 0 gates, area 0.00, delay -1000000000.00
[pass.abc] region 'ImmediateGenerator.ImmediateGenerator__c641': cache hit -- 0 gates, area 0.00, delay -1000000000.00
[pass.abc] region 'ImmediateGenerator.ImmediateGenerator__c642': cache hit -- 0 gates, area 0.00, delay -1000000000.00
[pass.abc] region 'ImmediateGenerator.ImmediateGenerator__c643': cache hit -- 0 gates, area 0.00, delay -1000000000.00
[pass.abc] region 'ImmediateGenerator.ImmediateGenerator__c644': cache hit -- 0 gates, area 0.00, delay -1000000000.00
[pass.abc] region 'ImmediateGenerator.ImmediateGenerator__c645': cache hit -- 0 gates, area 0.00, delay -1000000000.00
[pass.abc] region 'ImmediateGenerator.ImmediateGenerator__c646': cache hit -- 0 gates, area 0.00, delay -1000000000.00
[pass.abc] region 'ImmediateGenerator.ImmediateGenerator__c647': cache hit -- 0 gates, area 0.00, delay -1000000000.00
[pass.abc] region 'ImmediateGenerator.ImmediateGenerator__c648': cache hit -- 0 gates, area 0.00, delay -1000000000.00
[pass.abc] region 'ImmediateGenerator.ImmediateGenerator__c649': cache hit -- 0 gates, area 0.00, delay -1000000000.00
[pass.abc] region 'ImmediateGenerator.ImmediateGenerator__c650': cache hit -- 0 gates, area 0.00, delay -1000000000.00
[pass.abc] region 'ImmediateGenerator.ImmediateGenerator__c651': cache hit -- 0 gates, area 0.00, delay -1000000000.00
[pass.abc] region 'ImmediateGenerator.ImmediateGenerator__c652': cache hit -- 0 gates, area 0.00, delay -1000000000.00
[pass.abc] region 'ImmediateGenerator.ImmediateGenerator__c653': cache hit -- 0 gates, area 0.00, delay -1000000000.00
[pass.abc] region 'ImmediateGenerator.ImmediateGenerator__c654': cache hit -- 0 gates, area 0.00, delay -1000000000.00
[pass.abc] region 'ImmediateGenerator.ImmediateGenerator__c655': cache hit -- 0 gates, area 0.00, delay -1000000000.00
[pass.abc] region 'ImmediateGenerator.ImmediateGenerator__c656': cache hit -- 0 gates, area 0.00, delay -1000000000.00
[pass.abc] region 'ImmediateGenerator.ImmediateGenerator__c657': cache hit -- 0 gates, area 0.00, delay -1000000000.00
[pass.abc] region 'ImmediateGenerator.ImmediateGenerator__c658': cache hit -- 0 gates, area 0.00, delay -1000000000.00
[pass.abc] region 'ImmediateGenerator.ImmediateGenerator__c659': cache hit -- 0 gates, area 0.00, delay -1000000000.00
[pass.abc] region 'ImmediateGenerator.ImmediateGenerator__c660': cache hit -- 0 gates, area 0.00, delay -1000000000.00
[pass.abc] region 'ImmediateGenerator.ImmediateGenerator__c661': cache hit -- 0 gates, area 0.00, delay -1000000000.00
[pass.abc] region 'ImmediateGenerator.ImmediateGenerator__c662': cache hit -- 0 gates, area 0.00, delay -1000000000.00
[pass.abc] region 'ImmediateGenerator.ImmediateGenerator__c663': cache hit -- 0 gates, area 0.00, delay -1000000000.00
[pass.abc] region 'ImmediateGenerator.ImmediateGenerator__c664': cache hit -- 0 gates, area 0.00, delay -1000000000.00
[pass.abc] region 'ImmediateGenerator.ImmediateGenerator__c665': cache hit -- 0 gates, area 0.00, delay -1000000000.00
[pass.abc] region 'ImmediateGenerator.ImmediateGenerator__c666': cache hit -- 0 gates, area 0.00, delay -1000000000.00
[pass.abc] region 'ImmediateGenerator.ImmediateGenerator__c667': cache hit -- 0 gates, area 0.00, delay -1000000000.00
[pass.abc] region 'ImmediateGenerator.ImmediateGenerator__c668': cache hit -- 0 gates, area 0.00, delay -1000000000.00
[pass.abc] region 'ImmediateGenerator.ImmediateGenerator__c669': cache hit -- 0 gates, area 0.00, delay -1000000000.00
[pass.abc] region 'ImmediateGenerator.ImmediateGenerator__c670': cache hit -- 0 gates, area 0.00, delay -1000000000.00
[pass.abc] region 'ImmediateGenerator.ImmediateGenerator__c671': cache hit -- 0 gates, area 0.00, delay -1000000000.00
[pass.abc] region 'ImmediateGenerator.ImmediateGenerator__c672': cache hit -- 0 gates, area 0.00, delay -1000000000.00
[pass.abc] region 'ImmediateGenerator.ImmediateGenerator__c673': cache hit -- 0 gates, area 0.00, delay -1000000000.00
[pass.abc] region 'ImmediateGenerator.ImmediateGenerator__c674': cache hit -- 0 gates, area 0.00, delay -1000000000.00
[pass.abc] region 'ImmediateGenerator.ImmediateGenerator__c675': cache hit -- 0 gates, area 0.00, delay -1000000000.00
[pass.abc] region 'ImmediateGenerator.ImmediateGenerator__c676': cache hit -- 0 gates, area 0.00, delay -1000000000.00
[pass.abc] region 'ImmediateGenerator.ImmediateGenerator__c677': cache hit -- 0 gates, area 0.00, delay -1000000000.00
[pass.abc] region 'ImmediateGenerator.ImmediateGenerator__c678': cache hit -- 0 gates, area 0.00, delay -1000000000.00
[pass.abc] region 'ImmediateGenerator.ImmediateGenerator__c679': cache hit -- 0 gates, area 0.00, delay -1000000000.00
[pass.abc] region 'ImmediateGenerator.ImmediateGenerator__c680': cache hit -- 0 gates, area 0.00, delay -1000000000.00
[pass.abc] region 'ImmediateGenerator.ImmediateGenerator__c681': cache hit -- 0 gates, area 0.00, delay -1000000000.00
[pass.abc] region 'ImmediateGenerator.ImmediateGenerator__c682': cache hit -- 0 gates, area 0.00, delay -1000000000.00
[pass.abc] region 'ImmediateGenerator.ImmediateGenerator__c683': 4 gates, area 17.52, delay 2.00  critical output 'eq_3628_1' @ ./dino_prp/ImmediateGenerator.prp:16
[pass.abc] region 'ImmediateGenerator.ImmediateGenerator__c684': 5 gates, area 15.00, delay 1.00  critical output 'get_mask_3632_1' @ ./dino_prp/ImmediateGenerator.prp:16
[pass.abc] region 'ImmediateGenerator.ImmediateGenerator__c685': 6 gates, area 18.75, delay 1.00  critical output 'shl_3636_1' @ ./dino_prp/ImmediateGenerator.prp:16
[pass.abc] region 'ImmediateGenerator.ImmediateGenerator__c686': 7 gates, area 22.50, delay 1.00  critical output 'get_mask_3640_1' @ ./dino_prp/ImmediateGenerator.prp:16
[pass.abc] region 'ImmediateGenerator.ImmediateGenerator__c687': 12 gates, area 26.25, delay 1.00  critical output 'shl_3644_1' @ ./dino_prp/ImmediateGenerator.prp:16
[pass.abc] region 'ImmediateGenerator.ImmediateGenerator__c688': 65 gates, area 217.50, delay 1.00  critical output 'sra_3648_1' @ ./dino_prp/ImmediateGenerator.prp:16
[pass.abc] region 'ImmediateGenerator.ImmediateGenerator__c689': 65 gates, area 3.75, delay 1.00  critical output 'and_3652_1' @ ./dino_prp/ImmediateGenerator.prp:16
[pass.abc] region 'ImmediateGenerator.ImmediateGenerator__c690': cache hit -- 76 gates, area 243.75, delay 1.00
[pass.abc] region 'ImmediateGenerator.ImmediateGenerator__c691': cache hit -- 66 gates, area 243.75, delay 1.00
[pass.abc] region 'ImmediateGenerator.ImmediateGenerator__c692': cache hit -- 67 gates, area 243.75, delay 1.00
[pass.abc] region 'ImmediateGenerator.ImmediateGenerator__c693': cache hit -- 68 gates, area 243.75, delay 1.00
[pass.abc] region 'ImmediateGenerator.ImmediateGenerator__c694': cache hit -- 69 gates, area 243.75, delay 1.00
[pass.abc] region 'ImmediateGenerator.ImmediateGenerator__c695': cache hit -- 70 gates, area 243.75, delay 1.00
[pass.abc] region 'ImmediateGenerator.ImmediateGenerator__c696': cache hit -- 71 gates, area 243.75, delay 1.00
[pass.abc] region 'ImmediateGenerator.ImmediateGenerator__c697': cache hit -- 72 gates, area 243.75, delay 1.00
[pass.abc] region 'ImmediateGenerator.ImmediateGenerator__c698': cache hit -- 73 gates, area 243.75, delay 1.00
[pass.abc] region 'ImmediateGenerator.ImmediateGenerator__c699': cache hit -- 74 gates, area 243.75, delay 1.00
[pass.abc] region 'ImmediateGenerator.ImmediateGenerator__c700': cache hit -- 75 gates, area 243.75, delay 1.00
[pass.abc] region 'ImmediateGenerator.ImmediateGenerator__c701': cache hit -- 76 gates, area 243.75, delay 1.00
[pass.abc] region 'ImmediateGenerator.ImmediateGenerator__c702': cache hit -- 77 gates, area 243.75, delay 1.00
[pass.abc] region 'ImmediateGenerator.ImmediateGenerator__c703': cache hit -- 78 gates, area 243.75, delay 1.00
[pass.abc] region 'ImmediateGenerator.ImmediateGenerator__c704': cache hit -- 79 gates, area 243.75, delay 1.00
[pass.abc] region 'ImmediateGenerator.ImmediateGenerator__c705': cache hit -- 80 gates, area 243.75, delay 1.00
[pass.abc] region 'ImmediateGenerator.ImmediateGenerator__c706': cache hit -- 81 gates, area 243.75, delay 1.00
[pass.abc] region 'ImmediateGenerator.ImmediateGenerator__c707': cache hit -- 82 gates, area 243.75, delay 1.00
[pass.abc] region 'ImmediateGenerator.ImmediateGenerator__c708': cache hit -- 83 gates, area 243.75, delay 1.00
[pass.abc] region 'ImmediateGenerator.ImmediateGenerator__c709': cache hit -- 84 gates, area 243.75, delay 1.00
[pass.abc] region 'ImmediateGenerator.ImmediateGenerator__c710': cache hit -- 85 gates, area 243.75, delay 1.00
[pass.abc] region 'ImmediateGenerator.ImmediateGenerator__c711': cache hit -- 86 gates, area 243.75, delay 1.00
[pass.abc] region 'ImmediateGenerator.ImmediateGenerator__c712': cache hit -- 87 gates, area 243.75, delay 1.00
[pass.abc] region 'ImmediateGenerator.ImmediateGenerator__c713': cache hit -- 88 gates, area 243.75, delay 1.00
[pass.abc] region 'ImmediateGenerator.ImmediateGenerator__c714': cache hit -- 89 gates, area 243.75, delay 1.00
[pass.abc] region 'ImmediateGenerator.ImmediateGenerator__c715': cache hit -- 90 gates, area 243.75, delay 1.00
[pass.abc] region 'ImmediateGenerator.ImmediateGenerator__c716': cache hit -- 91 gates, area 243.75, delay 1.00
[pass.abc] region 'ImmediateGenerator.ImmediateGenerator__c717': cache hit -- 92 gates, area 243.75, delay 1.00
[pass.abc] region 'ImmediateGenerator.ImmediateGenerator__c718': cache hit -- 93 gates, area 243.75, delay 1.00
[pass.abc] region 'ImmediateGenerator.ImmediateGenerator__c719': cache hit -- 94 gates, area 243.75, delay 1.00
[pass.abc] region 'ImmediateGenerator.ImmediateGenerator__c720': cache hit -- 95 gates, area 243.75, delay 1.00
[pass.abc] region 'ImmediateGenerator.ImmediateGenerator__c721': cache hit -- 96 gates, area 243.75, delay 1.00
[pass.abc] region 'ImmediateGenerator.ImmediateGenerator__c722': cache hit -- 97 gates, area 243.75, delay 1.00
[pass.abc] region 'ImmediateGenerator.ImmediateGenerator__c723': cache hit -- 98 gates, area 243.75, delay 1.00
[pass.abc] region 'ImmediateGenerator.ImmediateGenerator__c724': cache hit -- 99 gates, area 243.75, delay 1.00
[pass.abc] region 'ImmediateGenerator.ImmediateGenerator__c725': cache hit -- 100 gates, area 243.75, delay 1.00
[pass.abc] region 'ImmediateGenerator.ImmediateGenerator__c726': cache hit -- 101 gates, area 243.75, delay 1.00
[pass.abc] region 'ImmediateGenerator.ImmediateGenerator__c727': cache hit -- 102 gates, area 243.75, delay 1.00
[pass.abc] region 'ImmediateGenerator.ImmediateGenerator__c728': cache hit -- 103 gates, area 243.75, delay 1.00
[pass.abc] region 'ImmediateGenerator.ImmediateGenerator__c729': cache hit -- 104 gates, area 243.75, delay 1.00
[pass.abc] region 'ImmediateGenerator.ImmediateGenerator__c730': cache hit -- 105 gates, area 243.75, delay 1.00
[pass.abc] region 'ImmediateGenerator.ImmediateGenerator__c731': cache hit -- 106 gates, area 243.75, delay 1.00
[pass.abc] region 'ImmediateGenerator.ImmediateGenerator__c732': cache hit -- 107 gates, area 243.75, delay 1.00
[pass.abc] region 'ImmediateGenerator.ImmediateGenerator__c733': cache hit -- 108 gates, area 243.75, delay 1.00
[pass.abc] region 'ImmediateGenerator.ImmediateGenerator__c734': cache hit -- 109 gates, area 243.75, delay 1.00
[pass.abc] region 'ImmediateGenerator.ImmediateGenerator__c735': cache hit -- 110 gates, area 243.75, delay 1.00
[pass.abc] region 'ImmediateGenerator.ImmediateGenerator__c736': cache hit -- 111 gates, area 243.75, delay 1.00
[pass.abc] region 'ImmediateGenerator.ImmediateGenerator__c737': cache hit -- 112 gates, area 243.75, delay 1.00
[pass.abc] region 'ImmediateGenerator.ImmediateGenerator__c738': cache hit -- 113 gates, area 243.75, delay 1.00
[pass.abc] region 'ImmediateGenerator.ImmediateGenerator__c739': cache hit -- 114 gates, area 243.75, delay 1.00
[pass.abc] region 'ImmediateGenerator.ImmediateGenerator__c740': cache hit -- 115 gates, area 243.75, delay 1.00
[pass.abc] region 'ImmediateGenerator.ImmediateGenerator__c741': cache hit -- 116 gates, area 243.75, delay 1.00
[pass.abc] region 'ImmediateGenerator.ImmediateGenerator__c742': cache hit -- 1642 gates, area 10016.78, delay 3.00
[pass.abc] region 'ImmediateGenerator.ImmediateGenerator__c743': cache hit -- 128 gates, area 435.00, delay 1.00
[pass.abc] region 'ImmediateGenerator.ImmediateGenerator__c744': 128 gates, area 678.26, delay 1.00  critical output 'or_4084_1' @ ./dino_prp/ImmediateGenerator.prp:16
[pass.abc] region 'ImmediateGenerator.ImmediateGenerator__c745': cache hit -- 65 gates, area 240.00, delay 1.00
[pass.abc] region 'ImmediateGenerator.ImmediateGenerator__c746': cache hit -- 67 gates, area 570.65, delay 2.00
[pass.abc] region 'ImmediateGenerator.ImmediateGenerator__c747': cache hit -- 0 gates, area 0.00, delay -1000000000.00
[pass.abc] region 'ImmediateGenerator.ImmediateGenerator__c748': cache hit -- 0 gates, area 0.00, delay -1000000000.00
[pass.abc] region 'ImmediateGenerator.ImmediateGenerator__c749': cache hit -- 0 gates, area 0.00, delay -1000000000.00
[pass.abc] region 'ImmediateGenerator.ImmediateGenerator__c750': cache hit -- 0 gates, area 0.00, delay -1000000000.00
[pass.abc] region 'ImmediateGenerator.ImmediateGenerator__c751': cache hit -- 0 gates, area 0.00, delay -1000000000.00
[pass.abc] region 'ImmediateGenerator.ImmediateGenerator__c752': cache hit -- 0 gates, area 0.00, delay -1000000000.00
[pass.abc] region 'ImmediateGenerator.ImmediateGenerator__c753': cache hit -- 0 gates, area 0.00, delay -1000000000.00
[pass.abc] region 'ImmediateGenerator.ImmediateGenerator__c754': cache hit -- 0 gates, area 0.00, delay -1000000000.00
[pass.abc] region 'ImmediateGenerator.ImmediateGenerator__c755': cache hit -- 0 gates, area 0.00, delay -1000000000.00
[pass.abc] region 'ImmediateGenerator.ImmediateGenerator__c756': cache hit -- 0 gates, area 0.00, delay -1000000000.00
[pass.abc] region 'ImmediateGenerator.ImmediateGenerator__c757': cache hit -- 0 gates, area 0.00, delay -1000000000.00
[pass.abc] region 'ImmediateGenerator.ImmediateGenerator__c758': cache hit -- 0 gates, area 0.00, delay -1000000000.00
[pass.abc] region 'ImmediateGenerator.ImmediateGenerator__c759': cache hit -- 0 gates, area 0.00, delay -1000000000.00
[pass.abc] region 'ImmediateGenerator.ImmediateGenerator__c760': cache hit -- 0 gates, area 0.00, delay -1000000000.00
[pass.abc] region 'ImmediateGenerator.ImmediateGenerator__c761': cache hit -- 0 gates, area 0.00, delay -1000000000.00
[pass.abc] region 'ImmediateGenerator.ImmediateGenerator__c762': cache hit -- 0 gates, area 0.00, delay -1000000000.00
Warning: The current network has no primary outputs. Some commands may not work correctly.
Warning: The current GIA has no primary outputs. Some commands may not work correctly.
Warning: The current GIA has no primary outputs. Some commands may not work correctly.
Warning: The current network has no primary outputs. Some commands may not work correctly.
Warning: The current GIA has no primary outputs. Some commands may not work correctly.
Warning: The current GIA has no primary outputs. Some commands may not work correctly.
Warning: The current GIA has no primary outputs. Some commands may not work correctly.
Warning: The current GIA has no primary outputs. Some commands may not work correctly.
Warning: The current network has no primary outputs. Some commands may not work correctly.
[pass.abc] region 'ImmediateGenerator.ImmediateGenerator__c763': 0 gates, area 0.00, delay -1000000000.00
Warning: The current network has no primary outputs. Some commands may not work correctly.
Warning: The current GIA has no primary outputs. Some commands may not work correctly.
Warning: The current GIA has no primary outputs. Some commands may not work correctly.
Warning: The current network has no primary outputs. Some commands may not work correctly.
Warning: The current GIA has no primary outputs. Some commands may not work correctly.
Warning: The current GIA has no primary outputs. Some commands may not work correctly.
Warning: The current GIA has no primary outputs. Some commands may not work correctly.
Warning: The current GIA has no primary outputs. Some commands may not work correctly.
Warning: The current network has no primary outputs. Some commands may not work correctly.
[pass.abc] region 'ImmediateGenerator.ImmediateGenerator__c764': 0 gates, area 0.00, delay -1000000000.00
[pass.abc] region 'ImmediateGenerator.ImmediateGenerator__c765': cache hit -- 0 gates, area 0.00, delay -1000000000.00
[pass.abc] region 'ImmediateGenerator.ImmediateGenerator__c766': cache hit -- 0 gates, area 0.00, delay -1000000000.00
[pass.abc] region 'ImmediateGenerator.ImmediateGenerator__c767': cache hit -- 0 gates, area 0.00, delay -1000000000.00
[pass.abc] region 'ImmediateGenerator.ImmediateGenerator__c768': cache hit -- 0 gates, area 0.00, delay -1000000000.00
[pass.abc] region 'ImmediateGenerator.ImmediateGenerator__c769': cache hit -- 0 gates, area 0.00, delay -1000000000.00
[pass.abc] region 'ImmediateGenerator.ImmediateGenerator__c770': cache hit -- 0 gates, area 0.00, delay -1000000000.00
[pass.abc] region 'ImmediateGenerator.ImmediateGenerator__c771': cache hit -- 0 gates, area 0.00, delay -1000000000.00
[pass.abc] region 'ImmediateGenerator.ImmediateGenerator__c772': cache hit -- 0 gates, area 0.00, delay -1000000000.00
[pass.abc] region 'ImmediateGenerator.ImmediateGenerator__c773': cache hit -- 0 gates, area 0.00, delay -1000000000.00
[pass.abc] region 'ImmediateGenerator.ImmediateGenerator__c774': cache hit -- 0 gates, area 0.00, delay -1000000000.00
[pass.abc] region 'ImmediateGenerator.ImmediateGenerator__c775': cache hit -- 0 gates, area 0.00, delay -1000000000.00
[pass.abc] region 'ImmediateGenerator.ImmediateGenerator__c776': cache hit -- 0 gates, area 0.00, delay -1000000000.00
[pass.abc] region 'ImmediateGenerator.ImmediateGenerator__c777': cache hit -- 0 gates, area 0.00, delay -1000000000.00
[pass.abc] region 'ImmediateGenerator.ImmediateGenerator__c778': cache hit -- 0 gates, area 0.00, delay -1000000000.00
[pass.abc] region 'ImmediateGenerator.ImmediateGenerator__c779': cache hit -- 0 gates, area 0.00, delay -1000000000.00
[pass.abc] region 'ImmediateGenerator.ImmediateGenerator__c780': cache hit -- 0 gates, area 0.00, delay -1000000000.00
[pass.abc] region 'ImmediateGenerator.ImmediateGenerator__c781': cache hit -- 0 gates, area 0.00, delay -1000000000.00
[pass.abc] region 'ImmediateGenerator.ImmediateGenerator__c782': cache hit -- 0 gates, area 0.00, delay -1000000000.00
[pass.abc] region 'ImmediateGenerator.ImmediateGenerator__c783': cache hit -- 0 gates, area 0.00, delay -1000000000.00
[pass.abc] region 'ImmediateGenerator.ImmediateGenerator__c784': cache hit -- 0 gates, area 0.00, delay -1000000000.00
[pass.abc] region 'ImmediateGenerator.ImmediateGenerator__c785': cache hit -- 0 gates, area 0.00, delay -1000000000.00
Warning: The current network has no primary outputs. Some commands may not work correctly.
Warning: The current GIA has no primary outputs. Some commands may not work correctly.
Warning: The current GIA has no primary outputs. Some commands may not work correctly.
Warning: The current network has no primary outputs. Some commands may not work correctly.
Warning: The current GIA has no primary outputs. Some commands may not work correctly.
Warning: The current GIA has no primary outputs. Some commands may not work correctly.
Warning: The current GIA has no primary outputs. Some commands may not work correctly.
Warning: The current GIA has no primary outputs. Some commands may not work correctly.
Warning: The current network has no primary outputs. Some commands may not work correctly.
[pass.abc] region 'ImmediateGenerator.ImmediateGenerator__c786': 0 gates, area 0.00, delay -1000000000.00
[pass.abc] region 'ImmediateGenerator.ImmediateGenerator__c787': cache hit -- 0 gates, area 0.00, delay -1000000000.00
[pass.abc] region 'ImmediateGenerator.ImmediateGenerator__c788': cache hit -- 0 gates, area 0.00, delay -1000000000.00
[pass.abc] region 'ImmediateGenerator.ImmediateGenerator__c789': cache hit -- 0 gates, area 0.00, delay -1000000000.00
[pass.abc] region 'ImmediateGenerator.ImmediateGenerator__c790': cache hit -- 0 gates, area 0.00, delay -1000000000.00
[pass.abc] region 'ImmediateGenerator.ImmediateGenerator__c791': cache hit -- 0 gates, area 0.00, delay -1000000000.00
[pass.abc] region 'ImmediateGenerator.ImmediateGenerator__c792': cache hit -- 0 gates, area 0.00, delay -1000000000.00
[pass.abc] region 'ImmediateGenerator.ImmediateGenerator__c793': cache hit -- 0 gates, area 0.00, delay -1000000000.00
[pass.abc] region 'ImmediateGenerator.ImmediateGenerator__c794': cache hit -- 0 gates, area 0.00, delay -1000000000.00
[pass.abc] region 'ImmediateGenerator.ImmediateGenerator__c795': cache hit -- 0 gates, area 0.00, delay -1000000000.00
[pass.abc] region 'ImmediateGenerator.ImmediateGenerator__c796': cache hit -- 0 gates, area 0.00, delay -1000000000.00
[pass.abc] region 'ImmediateGenerator.ImmediateGenerator__c797': cache hit -- 0 gates, area 0.00, delay -1000000000.00
[pass.abc] region 'ImmediateGenerator.ImmediateGenerator__c798': cache hit -- 0 gates, area 0.00, delay -1000000000.00
[pass.abc] region 'ImmediateGenerator.ImmediateGenerator__c799': cache hit -- 0 gates, area 0.00, delay -1000000000.00
[pass.abc] region 'ImmediateGenerator.ImmediateGenerator__c800': cache hit -- 0 gates, area 0.00, delay -1000000000.00
[pass.abc] region 'ImmediateGenerator.ImmediateGenerator__c801': cache hit -- 0 gates, area 0.00, delay -1000000000.00
[pass.abc] region 'ImmediateGenerator.ImmediateGenerator__c802': cache hit -- 0 gates, area 0.00, delay -1000000000.00
[pass.abc] region 'ImmediateGenerator.ImmediateGenerator__c803': cache hit -- 0 gates, area 0.00, delay -1000000000.00
[pass.abc] region 'ImmediateGenerator.ImmediateGenerator__c804': cache hit -- 0 gates, area 0.00, delay -1000000000.00
[pass.abc] region 'ImmediateGenerator.ImmediateGenerator__c805': cache hit -- 0 gates, area 0.00, delay -1000000000.00
[pass.abc] region 'ImmediateGenerator.ImmediateGenerator__c806': cache hit -- 0 gates, area 0.00, delay -1000000000.00
[pass.abc] region 'ImmediateGenerator.ImmediateGenerator__c807': cache hit -- 0 gates, area 0.00, delay -1000000000.00
Warning: The current network has no primary outputs. Some commands may not work correctly.
Warning: The current GIA has no primary outputs. Some commands may not work correctly.
Warning: The current GIA has no primary outputs. Some commands may not work correctly.
Warning: The current network has no primary outputs. Some commands may not work correctly.
Warning: The current GIA has no primary outputs. Some commands may not work correctly.
Warning: The current GIA has no primary outputs. Some commands may not work correctly.
Warning: The current GIA has no primary outputs. Some commands may not work correctly.
Warning: The current GIA has no primary outputs. Some commands may not work correctly.
Warning: The current network has no primary outputs. Some commands may not work correctly.
[pass.abc] region 'ImmediateGenerator.ImmediateGenerator__c808': 0 gates, area 0.00, delay -1000000000.00
[pass.abc] region 'ImmediateGenerator.ImmediateGenerator__c809': cache hit -- 0 gates, area 0.00, delay -1000000000.00
[pass.abc] region 'ImmediateGenerator.ImmediateGenerator__c810': cache hit -- 0 gates, area 0.00, delay -1000000000.00
[pass.abc] region 'ImmediateGenerator.ImmediateGenerator__c811': cache hit -- 0 gates, area 0.00, delay -1000000000.00
[pass.abc] region 'ImmediateGenerator.ImmediateGenerator__c812': cache hit -- 0 gates, area 0.00, delay -1000000000.00
[pass.abc] region 'ImmediateGenerator.ImmediateGenerator__c813': cache hit -- 0 gates, area 0.00, delay -1000000000.00
[pass.abc] region 'ImmediateGenerator.ImmediateGenerator__c814': cache hit -- 0 gates, area 0.00, delay -1000000000.00
[pass.abc] region 'ImmediateGenerator.ImmediateGenerator__c815': cache hit -- 0 gates, area 0.00, delay -1000000000.00
[pass.abc] region 'ImmediateGenerator.ImmediateGenerator__c816': cache hit -- 0 gates, area 0.00, delay -1000000000.00
[pass.abc] region 'ImmediateGenerator.ImmediateGenerator__c817': cache hit -- 0 gates, area 0.00, delay -1000000000.00
[pass.abc] region 'ImmediateGenerator.ImmediateGenerator__c818': cache hit -- 0 gates, area 0.00, delay -1000000000.00
Warning: The current network has no primary outputs. Some commands may not work correctly.
Warning: The current GIA has no primary outputs. Some commands may not work correctly.
Warning: The current GIA has no primary outputs. Some commands may not work correctly.
Warning: The current network has no primary outputs. Some commands may not work correctly.
Warning: The current GIA has no primary outputs. Some commands may not work correctly.
Warning: The current GIA has no primary outputs. Some commands may not work correctly.
Warning: The current GIA has no primary outputs. Some commands may not work correctly.
Warning: The current GIA has no primary outputs. Some commands may not work correctly.
Warning: The current network has no primary outputs. Some commands may not work correctly.
[pass.abc] region 'ImmediateGenerator.ImmediateGenerator__c819': 0 gates, area 0.00, delay -1000000000.00
[pass.abc] region 'ImmediateGenerator.ImmediateGenerator__c820': cache hit -- 0 gates, area 0.00, delay -1000000000.00
[pass.abc] region 'ImmediateGenerator.ImmediateGenerator__c821': cache hit -- 0 gates, area 0.00, delay -1000000000.00
[pass.abc] region 'ImmediateGenerator.ImmediateGenerator__c822': cache hit -- 0 gates, area 0.00, delay -1000000000.00
[pass.abc] region 'ImmediateGenerator.ImmediateGenerator__c823': cache hit -- 0 gates, area 0.00, delay -1000000000.00
[pass.abc] region 'ImmediateGenerator.ImmediateGenerator__c824': cache hit -- 0 gates, area 0.00, delay -1000000000.00
[pass.abc] region 'ImmediateGenerator.ImmediateGenerator__c825': cache hit -- 0 gates, area 0.00, delay -1000000000.00
[pass.abc] region 'ImmediateGenerator.ImmediateGenerator__c826': cache hit -- 0 gates, area 0.00, delay -1000000000.00
[pass.abc] region 'ImmediateGenerator.ImmediateGenerator__c827': cache hit -- 0 gates, area 0.00, delay -1000000000.00
[pass.abc] region 'ImmediateGenerator.ImmediateGenerator__c828': cache hit -- 0 gates, area 0.00, delay -1000000000.00
[pass.abc] region 'ImmediateGenerator.ImmediateGenerator__c829': cache hit -- 0 gates, area 0.00, delay -1000000000.00
[pass.abc] region 'ImmediateGenerator.ImmediateGenerator__c830': cache hit -- 0 gates, area 0.00, delay -1000000000.00
[pass.abc] region 'ImmediateGenerator.ImmediateGenerator__c831': cache hit -- 0 gates, area 0.00, delay -1000000000.00
[pass.abc] region 'ImmediateGenerator.ImmediateGenerator__c832': cache hit -- 0 gates, area 0.00, delay -1000000000.00
[pass.abc] region 'ImmediateGenerator.ImmediateGenerator__c833': cache hit -- 0 gates, area 0.00, delay -1000000000.00
[pass.abc] region 'ImmediateGenerator.ImmediateGenerator__c834': cache hit -- 0 gates, area 0.00, delay -1000000000.00
[pass.abc] region 'ImmediateGenerator.ImmediateGenerator__c835': cache hit -- 0 gates, area 0.00, delay -1000000000.00
[pass.abc] region 'ImmediateGenerator.ImmediateGenerator__c836': cache hit -- 0 gates, area 0.00, delay -1000000000.00
[pass.abc] region 'ImmediateGenerator.ImmediateGenerator__c837': cache hit -- 0 gates, area 0.00, delay -1000000000.00
[pass.abc] region 'ImmediateGenerator.ImmediateGenerator__c838': cache hit -- 0 gates, area 0.00, delay -1000000000.00
[pass.abc] region 'ImmediateGenerator.ImmediateGenerator__c839': cache hit -- 0 gates, area 0.00, delay -1000000000.00
[pass.abc] region 'ImmediateGenerator.ImmediateGenerator__c840': cache hit -- 0 gates, area 0.00, delay -1000000000.00
[pass.abc] region 'ImmediateGenerator.ImmediateGenerator__c841': cache hit -- 0 gates, area 0.00, delay -1000000000.00
[pass.abc] region 'ImmediateGenerator.ImmediateGenerator__c842': cache hit -- 0 gates, area 0.00, delay -1000000000.00
[pass.abc] region 'ImmediateGenerator.ImmediateGenerator__c843': cache hit -- 0 gates, area 0.00, delay -1000000000.00
[pass.abc] region 'ImmediateGenerator.ImmediateGenerator__c844': cache hit -- 0 gates, area 0.00, delay -1000000000.00
[pass.abc] region 'ImmediateGenerator.ImmediateGenerator__c845': cache hit -- 0 gates, area 0.00, delay -1000000000.00
[pass.abc] region 'ImmediateGenerator.ImmediateGenerator__c846': cache hit -- 0 gates, area 0.00, delay -1000000000.00
[pass.abc] region 'ImmediateGenerator.ImmediateGenerator__c847': cache hit -- 0 gates, area 0.00, delay -1000000000.00
[pass.abc] region 'ImmediateGenerator.ImmediateGenerator__c848': cache hit -- 0 gates, area 0.00, delay -1000000000.00
[pass.abc] region 'ImmediateGenerator.ImmediateGenerator__c849': cache hit -- 0 gates, area 0.00, delay -1000000000.00
[pass.abc] region 'ImmediateGenerator.ImmediateGenerator__c850': cache hit -- 0 gates, area 0.00, delay -1000000000.00
[pass.abc] region 'ImmediateGenerator.ImmediateGenerator__c851': cache hit -- 0 gates, area 0.00, delay -1000000000.00
[pass.abc] region 'ImmediateGenerator.ImmediateGenerator__c852': cache hit -- 0 gates, area 0.00, delay -1000000000.00
[pass.abc] region 'ImmediateGenerator.ImmediateGenerator__c853': cache hit -- 0 gates, area 0.00, delay -1000000000.00
[pass.abc] region 'ImmediateGenerator.ImmediateGenerator__c854': cache hit -- 0 gates, area 0.00, delay -1000000000.00
[pass.abc] region 'ImmediateGenerator.ImmediateGenerator__c855': cache hit -- 0 gates, area 0.00, delay -1000000000.00
[pass.abc] region 'ImmediateGenerator.ImmediateGenerator__c856': cache hit -- 0 gates, area 0.00, delay -1000000000.00
[pass.abc] region 'ImmediateGenerator.ImmediateGenerator__c857': cache hit -- 0 gates, area 0.00, delay -1000000000.00
[pass.abc] region 'ImmediateGenerator.ImmediateGenerator__c858': cache hit -- 0 gates, area 0.00, delay -1000000000.00
[pass.abc] region 'ImmediateGenerator.ImmediateGenerator__c859': cache hit -- 0 gates, area 0.00, delay -1000000000.00
[pass.abc] region 'ImmediateGenerator.ImmediateGenerator__c860': cache hit -- 0 gates, area 0.00, delay -1000000000.00
[pass.abc] region 'ImmediateGenerator.ImmediateGenerator__c861': cache hit -- 0 gates, area 0.00, delay -1000000000.00
[pass.abc] region 'ImmediateGenerator.ImmediateGenerator__c862': cache hit -- 0 gates, area 0.00, delay -1000000000.00
[pass.abc] region 'ImmediateGenerator.ImmediateGenerator__c863': 4 gates, area 17.51, delay 2.00  critical output 'eq_4568_1' @ ./dino_prp/ImmediateGenerator.prp:17
[pass.abc] region 'ImmediateGenerator.ImmediateGenerator__c864': cache hit -- 66 gates, area 243.75, delay 1.00
[pass.abc] region 'ImmediateGenerator.ImmediateGenerator__c865': cache hit -- 67 gates, area 243.75, delay 1.00
[pass.abc] region 'ImmediateGenerator.ImmediateGenerator__c866': cache hit -- 68 gates, area 243.75, delay 1.00
[pass.abc] region 'ImmediateGenerator.ImmediateGenerator__c867': cache hit -- 69 gates, area 243.75, delay 1.00
[pass.abc] region 'ImmediateGenerator.ImmediateGenerator__c868': cache hit -- 70 gates, area 243.75, delay 1.00
[pass.abc] region 'ImmediateGenerator.ImmediateGenerator__c869': cache hit -- 71 gates, area 243.75, delay 1.00
[pass.abc] region 'ImmediateGenerator.ImmediateGenerator__c870': cache hit -- 72 gates, area 243.75, delay 1.00
[pass.abc] region 'ImmediateGenerator.ImmediateGenerator__c871': cache hit -- 73 gates, area 243.75, delay 1.00
[pass.abc] region 'ImmediateGenerator.ImmediateGenerator__c872': cache hit -- 74 gates, area 243.75, delay 1.00
[pass.abc] region 'ImmediateGenerator.ImmediateGenerator__c873': cache hit -- 75 gates, area 243.75, delay 1.00
[pass.abc] region 'ImmediateGenerator.ImmediateGenerator__c874': cache hit -- 76 gates, area 243.75, delay 1.00
[pass.abc] region 'ImmediateGenerator.ImmediateGenerator__c875': cache hit -- 77 gates, area 243.75, delay 1.00
[pass.abc] region 'ImmediateGenerator.ImmediateGenerator__c876': cache hit -- 78 gates, area 243.75, delay 1.00
[pass.abc] region 'ImmediateGenerator.ImmediateGenerator__c877': cache hit -- 79 gates, area 243.75, delay 1.00
[pass.abc] region 'ImmediateGenerator.ImmediateGenerator__c878': cache hit -- 80 gates, area 243.75, delay 1.00
[pass.abc] region 'ImmediateGenerator.ImmediateGenerator__c879': cache hit -- 81 gates, area 243.75, delay 1.00
[pass.abc] region 'ImmediateGenerator.ImmediateGenerator__c880': cache hit -- 82 gates, area 243.75, delay 1.00
[pass.abc] region 'ImmediateGenerator.ImmediateGenerator__c881': cache hit -- 83 gates, area 243.75, delay 1.00
[pass.abc] region 'ImmediateGenerator.ImmediateGenerator__c882': cache hit -- 84 gates, area 243.75, delay 1.00
[pass.abc] region 'ImmediateGenerator.ImmediateGenerator__c883': cache hit -- 85 gates, area 243.75, delay 1.00
[pass.abc] region 'ImmediateGenerator.ImmediateGenerator__c884': cache hit -- 86 gates, area 243.75, delay 1.00
[pass.abc] region 'ImmediateGenerator.ImmediateGenerator__c885': cache hit -- 87 gates, area 243.75, delay 1.00
[pass.abc] region 'ImmediateGenerator.ImmediateGenerator__c886': cache hit -- 88 gates, area 243.75, delay 1.00
[pass.abc] region 'ImmediateGenerator.ImmediateGenerator__c887': cache hit -- 89 gates, area 243.75, delay 1.00
[pass.abc] region 'ImmediateGenerator.ImmediateGenerator__c888': cache hit -- 90 gates, area 243.75, delay 1.00
[pass.abc] region 'ImmediateGenerator.ImmediateGenerator__c889': cache hit -- 91 gates, area 243.75, delay 1.00
[pass.abc] region 'ImmediateGenerator.ImmediateGenerator__c890': cache hit -- 92 gates, area 243.75, delay 1.00
[pass.abc] region 'ImmediateGenerator.ImmediateGenerator__c891': cache hit -- 93 gates, area 243.75, delay 1.00
[pass.abc] region 'ImmediateGenerator.ImmediateGenerator__c892': cache hit -- 94 gates, area 243.75, delay 1.00
[pass.abc] region 'ImmediateGenerator.ImmediateGenerator__c893': cache hit -- 95 gates, area 243.75, delay 1.00
[pass.abc] region 'ImmediateGenerator.ImmediateGenerator__c894': cache hit -- 96 gates, area 243.75, delay 1.00
[pass.abc] region 'ImmediateGenerator.ImmediateGenerator__c895': cache hit -- 97 gates, area 243.75, delay 1.00
[pass.abc] region 'ImmediateGenerator.ImmediateGenerator__c896': cache hit -- 98 gates, area 243.75, delay 1.00
[pass.abc] region 'ImmediateGenerator.ImmediateGenerator__c897': cache hit -- 99 gates, area 243.75, delay 1.00
[pass.abc] region 'ImmediateGenerator.ImmediateGenerator__c898': cache hit -- 100 gates, area 243.75, delay 1.00
[pass.abc] region 'ImmediateGenerator.ImmediateGenerator__c899': cache hit -- 101 gates, area 243.75, delay 1.00
[pass.abc] region 'ImmediateGenerator.ImmediateGenerator__c900': cache hit -- 102 gates, area 243.75, delay 1.00
[pass.abc] region 'ImmediateGenerator.ImmediateGenerator__c901': cache hit -- 103 gates, area 243.75, delay 1.00
[pass.abc] region 'ImmediateGenerator.ImmediateGenerator__c902': cache hit -- 104 gates, area 243.75, delay 1.00
[pass.abc] region 'ImmediateGenerator.ImmediateGenerator__c903': cache hit -- 105 gates, area 243.75, delay 1.00
[pass.abc] region 'ImmediateGenerator.ImmediateGenerator__c904': cache hit -- 106 gates, area 243.75, delay 1.00
[pass.abc] region 'ImmediateGenerator.ImmediateGenerator__c905': cache hit -- 107 gates, area 243.75, delay 1.00
[pass.abc] region 'ImmediateGenerator.ImmediateGenerator__c906': cache hit -- 108 gates, area 243.75, delay 1.00
[pass.abc] region 'ImmediateGenerator.ImmediateGenerator__c907': cache hit -- 109 gates, area 243.75, delay 1.00
[pass.abc] region 'ImmediateGenerator.ImmediateGenerator__c908': cache hit -- 110 gates, area 243.75, delay 1.00
[pass.abc] region 'ImmediateGenerator.ImmediateGenerator__c909': cache hit -- 111 gates, area 243.75, delay 1.00
[pass.abc] region 'ImmediateGenerator.ImmediateGenerator__c910': cache hit -- 112 gates, area 243.75, delay 1.00
[pass.abc] region 'ImmediateGenerator.ImmediateGenerator__c911': cache hit -- 113 gates, area 243.75, delay 1.00
[pass.abc] region 'ImmediateGenerator.ImmediateGenerator__c912': cache hit -- 114 gates, area 243.75, delay 1.00
[pass.abc] region 'ImmediateGenerator.ImmediateGenerator__c913': cache hit -- 115 gates, area 243.75, delay 1.00
[pass.abc] region 'ImmediateGenerator.ImmediateGenerator__c914': cache hit -- 116 gates, area 243.75, delay 1.00
[pass.abc] region 'ImmediateGenerator.ImmediateGenerator__c915': cache hit -- 1642 gates, area 10016.78, delay 3.00
[pass.abc] region 'ImmediateGenerator.ImmediateGenerator__c916': cache hit -- 128 gates, area 435.00, delay 1.00
[pass.abc] region 'ImmediateGenerator.ImmediateGenerator__c917': cache hit -- 13 gates, area 45.00, delay 1.00
[pass.abc] region 'ImmediateGenerator.ImmediateGenerator__c918': cache hit -- 128 gates, area 512.63, delay 1.00
[pass.abc] region 'ImmediateGenerator.ImmediateGenerator__c919': cache hit -- 65 gates, area 240.00, delay 1.00
[pass.abc] region 'ImmediateGenerator.ImmediateGenerator__c920': cache hit -- 67 gates, area 570.65, delay 2.00
[pass.abc] region 'ImmediateGenerator.ImmediateGenerator__c921': cache hit -- 0 gates, area 0.00, delay -1000000000.00
[pass.abc] region 'ImmediateGenerator.ImmediateGenerator__c922': cache hit -- 0 gates, area 0.00, delay -1000000000.00
[pass.abc] region 'ImmediateGenerator.ImmediateGenerator__c923': cache hit -- 0 gates, area 0.00, delay -1000000000.00
[pass.abc] region 'ImmediateGenerator.ImmediateGenerator__c924': cache hit -- 0 gates, area 0.00, delay -1000000000.00
[pass.abc] region 'ImmediateGenerator.ImmediateGenerator__c925': cache hit -- 0 gates, area 0.00, delay -1000000000.00
[pass.abc] region 'ImmediateGenerator.ImmediateGenerator__c926': cache hit -- 0 gates, area 0.00, delay -1000000000.00
[pass.abc] region 'ImmediateGenerator.ImmediateGenerator__c927': cache hit -- 0 gates, area 0.00, delay -1000000000.00
[pass.abc] region 'ImmediateGenerator.ImmediateGenerator__c928': cache hit -- 0 gates, area 0.00, delay -1000000000.00
[pass.abc] region 'ImmediateGenerator.ImmediateGenerator__c929': cache hit -- 0 gates, area 0.00, delay -1000000000.00
[pass.abc] region 'ImmediateGenerator.ImmediateGenerator__c930': cache hit -- 0 gates, area 0.00, delay -1000000000.00
[pass.abc] region 'ImmediateGenerator.ImmediateGenerator__c931': cache hit -- 0 gates, area 0.00, delay -1000000000.00
[pass.abc] region 'ImmediateGenerator.ImmediateGenerator__c932': cache hit -- 0 gates, area 0.00, delay -1000000000.00
[pass.abc] region 'ImmediateGenerator.ImmediateGenerator__c933': cache hit -- 0 gates, area 0.00, delay -1000000000.00
[pass.abc] region 'ImmediateGenerator.ImmediateGenerator__c934': cache hit -- 0 gates, area 0.00, delay -1000000000.00
[pass.abc] region 'ImmediateGenerator.ImmediateGenerator__c935': cache hit -- 0 gates, area 0.00, delay -1000000000.00
[pass.abc] region 'ImmediateGenerator.ImmediateGenerator__c936': cache hit -- 0 gates, area 0.00, delay -1000000000.00
[pass.abc] region 'ImmediateGenerator.ImmediateGenerator__c937': cache hit -- 0 gates, area 0.00, delay -1000000000.00
[pass.abc] region 'ImmediateGenerator.ImmediateGenerator__c938': cache hit -- 0 gates, area 0.00, delay -1000000000.00
[pass.abc] region 'ImmediateGenerator.ImmediateGenerator__c939': cache hit -- 0 gates, area 0.00, delay -1000000000.00
[pass.abc] region 'ImmediateGenerator.ImmediateGenerator__c940': cache hit -- 0 gates, area 0.00, delay -1000000000.00
[pass.abc] region 'ImmediateGenerator.ImmediateGenerator__c941': cache hit -- 0 gates, area 0.00, delay -1000000000.00
[pass.abc] region 'ImmediateGenerator.ImmediateGenerator__c942': cache hit -- 0 gates, area 0.00, delay -1000000000.00
[pass.abc] region 'ImmediateGenerator.ImmediateGenerator__c943': cache hit -- 0 gates, area 0.00, delay -1000000000.00
[pass.abc] region 'ImmediateGenerator.ImmediateGenerator__c944': cache hit -- 0 gates, area 0.00, delay -1000000000.00
[pass.abc] region 'ImmediateGenerator.ImmediateGenerator__c945': cache hit -- 0 gates, area 0.00, delay -1000000000.00
[pass.abc] region 'ImmediateGenerator.ImmediateGenerator__c946': cache hit -- 0 gates, area 0.00, delay -1000000000.00
[pass.abc] region 'ImmediateGenerator.ImmediateGenerator__c947': cache hit -- 0 gates, area 0.00, delay -1000000000.00
[pass.abc] region 'ImmediateGenerator.ImmediateGenerator__c948': cache hit -- 0 gates, area 0.00, delay -1000000000.00
[pass.abc] region 'ImmediateGenerator.ImmediateGenerator__c949': cache hit -- 0 gates, area 0.00, delay -1000000000.00
[pass.abc] region 'ImmediateGenerator.ImmediateGenerator__c950': cache hit -- 0 gates, area 0.00, delay -1000000000.00
[pass.abc] region 'ImmediateGenerator.ImmediateGenerator__c951': cache hit -- 0 gates, area 0.00, delay -1000000000.00
[pass.abc] region 'ImmediateGenerator.ImmediateGenerator__c952': cache hit -- 0 gates, area 0.00, delay -1000000000.00
[pass.abc] region 'ImmediateGenerator.ImmediateGenerator__c953': cache hit -- 0 gates, area 0.00, delay -1000000000.00
[pass.abc] region 'ImmediateGenerator.ImmediateGenerator__c954': cache hit -- 0 gates, area 0.00, delay -1000000000.00
[pass.abc] region 'ImmediateGenerator.ImmediateGenerator__c955': cache hit -- 0 gates, area 0.00, delay -1000000000.00
[pass.abc] region 'ImmediateGenerator.ImmediateGenerator__c956': cache hit -- 0 gates, area 0.00, delay -1000000000.00
[pass.abc] region 'ImmediateGenerator.ImmediateGenerator__c957': cache hit -- 0 gates, area 0.00, delay -1000000000.00
[pass.abc] region 'ImmediateGenerator.ImmediateGenerator__c958': cache hit -- 0 gates, area 0.00, delay -1000000000.00
[pass.abc] region 'ImmediateGenerator.ImmediateGenerator__c959': cache hit -- 0 gates, area 0.00, delay -1000000000.00
[pass.abc] region 'ImmediateGenerator.ImmediateGenerator__c960': cache hit -- 0 gates, area 0.00, delay -1000000000.00
[pass.abc] region 'ImmediateGenerator.ImmediateGenerator__c961': cache hit -- 0 gates, area 0.00, delay -1000000000.00
[pass.abc] region 'ImmediateGenerator.ImmediateGenerator__c962': cache hit -- 0 gates, area 0.00, delay -1000000000.00
[pass.abc] region 'ImmediateGenerator.ImmediateGenerator__c963': cache hit -- 0 gates, area 0.00, delay -1000000000.00
[pass.abc] region 'ImmediateGenerator.ImmediateGenerator__c964': cache hit -- 0 gates, area 0.00, delay -1000000000.00
[pass.abc] region 'ImmediateGenerator.ImmediateGenerator__c965': cache hit -- 0 gates, area 0.00, delay -1000000000.00
[pass.abc] region 'ImmediateGenerator.ImmediateGenerator__c966': cache hit -- 0 gates, area 0.00, delay -1000000000.00
[pass.abc] region 'ImmediateGenerator.ImmediateGenerator__c967': cache hit -- 0 gates, area 0.00, delay -1000000000.00
[pass.abc] region 'ImmediateGenerator.ImmediateGenerator__c968': cache hit -- 0 gates, area 0.00, delay -1000000000.00
[pass.abc] region 'ImmediateGenerator.ImmediateGenerator__c969': cache hit -- 0 gates, area 0.00, delay -1000000000.00
[pass.abc] region 'ImmediateGenerator.ImmediateGenerator__c970': cache hit -- 0 gates, area 0.00, delay -1000000000.00
[pass.abc] region 'ImmediateGenerator.ImmediateGenerator__c971': cache hit -- 0 gates, area 0.00, delay -1000000000.00
[pass.abc] region 'ImmediateGenerator.ImmediateGenerator__c972': cache hit -- 0 gates, area 0.00, delay -1000000000.00
[pass.abc] region 'ImmediateGenerator.ImmediateGenerator__c973': cache hit -- 0 gates, area 0.00, delay -1000000000.00
[pass.abc] region 'ImmediateGenerator.ImmediateGenerator__c974': cache hit -- 0 gates, area 0.00, delay -1000000000.00
[pass.abc] region 'ImmediateGenerator.ImmediateGenerator__c975': cache hit -- 0 gates, area 0.00, delay -1000000000.00
[pass.abc] region 'ImmediateGenerator.ImmediateGenerator__c976': cache hit -- 0 gates, area 0.00, delay -1000000000.00
[pass.abc] region 'ImmediateGenerator.ImmediateGenerator__c977': cache hit -- 0 gates, area 0.00, delay -1000000000.00
[pass.abc] region 'ImmediateGenerator.ImmediateGenerator__c978': cache hit -- 0 gates, area 0.00, delay -1000000000.00
[pass.abc] region 'ImmediateGenerator.ImmediateGenerator__c979': cache hit -- 0 gates, area 0.00, delay -1000000000.00
[pass.abc] region 'ImmediateGenerator.ImmediateGenerator__c980': cache hit -- 0 gates, area 0.00, delay -1000000000.00
[pass.abc] region 'ImmediateGenerator.ImmediateGenerator__c981': cache hit -- 0 gates, area 0.00, delay -1000000000.00
[pass.abc] region 'ImmediateGenerator.ImmediateGenerator__c982': cache hit -- 0 gates, area 0.00, delay -1000000000.00
[pass.abc] region 'ImmediateGenerator.ImmediateGenerator__c983': cache hit -- 0 gates, area 0.00, delay -1000000000.00
[pass.abc] region 'ImmediateGenerator.ImmediateGenerator__c984': cache hit -- 0 gates, area 0.00, delay -1000000000.00
[pass.abc] region 'ImmediateGenerator.ImmediateGenerator__c985': cache hit -- 0 gates, area 0.00, delay -1000000000.00
[pass.abc] region 'ImmediateGenerator.ImmediateGenerator__c986': cache hit -- 0 gates, area 0.00, delay -1000000000.00
[pass.abc] region 'ImmediateGenerator.ImmediateGenerator__c987': cache hit -- 0 gates, area 0.00, delay -1000000000.00
[pass.abc] region 'ImmediateGenerator.ImmediateGenerator__c988': cache hit -- 0 gates, area 0.00, delay -1000000000.00
[pass.abc] region 'ImmediateGenerator.ImmediateGenerator__c989': cache hit -- 0 gates, area 0.00, delay -1000000000.00
[pass.abc] region 'ImmediateGenerator.ImmediateGenerator__c990': cache hit -- 0 gates, area 0.00, delay -1000000000.00
[pass.abc] region 'ImmediateGenerator.ImmediateGenerator__c991': cache hit -- 0 gates, area 0.00, delay -1000000000.00
[pass.abc] region 'ImmediateGenerator.ImmediateGenerator__c992': cache hit -- 0 gates, area 0.00, delay -1000000000.00
[pass.abc] region 'ImmediateGenerator.ImmediateGenerator__c993': cache hit -- 0 gates, area 0.00, delay -1000000000.00
[pass.abc] region 'ImmediateGenerator.ImmediateGenerator__c994': cache hit -- 0 gates, area 0.00, delay -1000000000.00
[pass.abc] region 'ImmediateGenerator.ImmediateGenerator__c995': cache hit -- 0 gates, area 0.00, delay -1000000000.00
[pass.abc] region 'ImmediateGenerator.ImmediateGenerator__c996': cache hit -- 0 gates, area 0.00, delay -1000000000.00
[pass.abc] region 'ImmediateGenerator.ImmediateGenerator__c997': cache hit -- 0 gates, area 0.00, delay -1000000000.00
[pass.abc] region 'ImmediateGenerator.ImmediateGenerator__c998': cache hit -- 0 gates, area 0.00, delay -1000000000.00
[pass.abc] region 'ImmediateGenerator.ImmediateGenerator__c999': cache hit -- 0 gates, area 0.00, delay -1000000000.00
[pass.abc] region 'ImmediateGenerator.ImmediateGenerator__c1000': cache hit -- 0 gates, area 0.00, delay -1000000000.00
[pass.abc] region 'ImmediateGenerator.ImmediateGenerator__c1001': cache hit -- 0 gates, area 0.00, delay -1000000000.00
[pass.abc] region 'ImmediateGenerator.ImmediateGenerator__c1002': cache hit -- 0 gates, area 0.00, delay -1000000000.00
[pass.abc] region 'ImmediateGenerator.ImmediateGenerator__c1003': cache hit -- 0 gates, area 0.00, delay -1000000000.00
[pass.abc] region 'ImmediateGenerator.ImmediateGenerator__c1004': cache hit -- 0 gates, area 0.00, delay -1000000000.00
[pass.abc] region 'ImmediateGenerator.ImmediateGenerator__c1005': cache hit -- 0 gates, area 0.00, delay -1000000000.00
[pass.abc] region 'ImmediateGenerator.ImmediateGenerator__c1006': cache hit -- 0 gates, area 0.00, delay -1000000000.00
[pass.abc] region 'ImmediateGenerator.ImmediateGenerator__c1007': cache hit -- 0 gates, area 0.00, delay -1000000000.00
[pass.abc] region 'ImmediateGenerator.ImmediateGenerator__c1008': cache hit -- 0 gates, area 0.00, delay -1000000000.00
[pass.abc] region 'ImmediateGenerator.ImmediateGenerator__c1009': cache hit -- 0 gates, area 0.00, delay -1000000000.00
[pass.abc] region 'ImmediateGenerator.ImmediateGenerator__c1010': cache hit -- 0 gates, area 0.00, delay -1000000000.00
[pass.abc] region 'ImmediateGenerator.ImmediateGenerator__c1011': cache hit -- 0 gates, area 0.00, delay -1000000000.00
[pass.abc] region 'ImmediateGenerator.ImmediateGenerator__c1012': cache hit -- 0 gates, area 0.00, delay -1000000000.00
[pass.abc] region 'ImmediateGenerator.ImmediateGenerator__c1013': cache hit -- 0 gates, area 0.00, delay -1000000000.00
[pass.abc] region 'ImmediateGenerator.ImmediateGenerator__c1014': cache hit -- 0 gates, area 0.00, delay -1000000000.00
[pass.abc] region 'ImmediateGenerator.ImmediateGenerator__c1015': cache hit -- 0 gates, area 0.00, delay -1000000000.00
[pass.abc] region 'ImmediateGenerator.ImmediateGenerator__c1016': cache hit -- 0 gates, area 0.00, delay -1000000000.00
[pass.abc] region 'ImmediateGenerator.ImmediateGenerator__c1017': cache hit -- 0 gates, area 0.00, delay -1000000000.00
[pass.abc] region 'ImmediateGenerator.ImmediateGenerator__c1018': cache hit -- 0 gates, area 0.00, delay -1000000000.00
[pass.abc] region 'ImmediateGenerator.ImmediateGenerator__c1019': cache hit -- 0 gates, area 0.00, delay -1000000000.00
[pass.abc] region 'ImmediateGenerator.ImmediateGenerator__c1020': cache hit -- 0 gates, area 0.00, delay -1000000000.00
[pass.abc] region 'ImmediateGenerator.ImmediateGenerator__c1021': cache hit -- 0 gates, area 0.00, delay -1000000000.00
[pass.abc] region 'ImmediateGenerator.ImmediateGenerator__c1022': cache hit -- 0 gates, area 0.00, delay -1000000000.00
[pass.abc] region 'ImmediateGenerator.ImmediateGenerator__c1023': cache hit -- 0 gates, area 0.00, delay -1000000000.00
[pass.abc] region 'ImmediateGenerator.ImmediateGenerator__c1024': cache hit -- 0 gates, area 0.00, delay -1000000000.00
[pass.abc] region 'ImmediateGenerator.ImmediateGenerator__c1025': cache hit -- 0 gates, area 0.00, delay -1000000000.00
[pass.abc] region 'ImmediateGenerator.ImmediateGenerator__c1026': cache hit -- 0 gates, area 0.00, delay -1000000000.00
[pass.abc] region 'ImmediateGenerator.ImmediateGenerator__c1027': cache hit -- 0 gates, area 0.00, delay -1000000000.00
[pass.abc] region 'ImmediateGenerator.ImmediateGenerator__c1028': 4 gates, area 15.01, delay 2.00  critical output 'eq_5436_1' @ ./dino_prp/ImmediateGenerator.prp:18
[pass.abc] region 'ImmediateGenerator.ImmediateGenerator__c1029': 11 gates, area 37.50, delay 1.00  critical output 'get_mask_5440_1' @ ./dino_prp/ImmediateGenerator.prp:18
[pass.abc] region 'ImmediateGenerator.ImmediateGenerator__c1030': 12 gates, area 41.25, delay 1.00  critical output 'shl_5444_1' @ ./dino_prp/ImmediateGenerator.prp:18
[pass.abc] region 'ImmediateGenerator.ImmediateGenerator__c1031': 65 gates, area 168.75, delay 1.00  critical output 'sra_5448_1' @ ./dino_prp/ImmediateGenerator.prp:18
[pass.abc] region 'ImmediateGenerator.ImmediateGenerator__c1032': cache hit -- 65 gates, area 3.75, delay 1.00
[pass.abc] region 'ImmediateGenerator.ImmediateGenerator__c1033': cache hit -- 76 gates, area 243.75, delay 1.00
[pass.abc] region 'ImmediateGenerator.ImmediateGenerator__c1034': 9 gates, area 30.00, delay 1.00  critical output 'get_mask_5460_1' @ ./dino_prp/ImmediateGenerator.prp:18
[pass.abc] region 'ImmediateGenerator.ImmediateGenerator__c1035': 21 gates, area 33.75, delay 1.00  critical output 'shl_5464_1' @ ./dino_prp/ImmediateGenerator.prp:18
[pass.abc] region 'ImmediateGenerator.ImmediateGenerator__c1036': cache hit -- 66 gates, area 243.75, delay 1.00
[pass.abc] region 'ImmediateGenerator.ImmediateGenerator__c1037': cache hit -- 67 gates, area 243.75, delay 1.00
[pass.abc] region 'ImmediateGenerator.ImmediateGenerator__c1038': cache hit -- 68 gates, area 243.75, delay 1.00
[pass.abc] region 'ImmediateGenerator.ImmediateGenerator__c1039': cache hit -- 69 gates, area 243.75, delay 1.00
[pass.abc] region 'ImmediateGenerator.ImmediateGenerator__c1040': cache hit -- 70 gates, area 243.75, delay 1.00
[pass.abc] region 'ImmediateGenerator.ImmediateGenerator__c1041': cache hit -- 71 gates, area 243.75, delay 1.00
[pass.abc] region 'ImmediateGenerator.ImmediateGenerator__c1042': cache hit -- 72 gates, area 243.75, delay 1.00
[pass.abc] region 'ImmediateGenerator.ImmediateGenerator__c1043': cache hit -- 73 gates, area 243.75, delay 1.00
[pass.abc] region 'ImmediateGenerator.ImmediateGenerator__c1044': cache hit -- 74 gates, area 243.75, delay 1.00
[pass.abc] region 'ImmediateGenerator.ImmediateGenerator__c1045': cache hit -- 75 gates, area 243.75, delay 1.00
[pass.abc] region 'ImmediateGenerator.ImmediateGenerator__c1046': cache hit -- 76 gates, area 243.75, delay 1.00
[pass.abc] region 'ImmediateGenerator.ImmediateGenerator__c1047': cache hit -- 77 gates, area 243.75, delay 1.00
[pass.abc] region 'ImmediateGenerator.ImmediateGenerator__c1048': cache hit -- 78 gates, area 243.75, delay 1.00
[pass.abc] region 'ImmediateGenerator.ImmediateGenerator__c1049': cache hit -- 79 gates, area 243.75, delay 1.00
[pass.abc] region 'ImmediateGenerator.ImmediateGenerator__c1050': cache hit -- 80 gates, area 243.75, delay 1.00
[pass.abc] region 'ImmediateGenerator.ImmediateGenerator__c1051': cache hit -- 81 gates, area 243.75, delay 1.00
[pass.abc] region 'ImmediateGenerator.ImmediateGenerator__c1052': cache hit -- 82 gates, area 243.75, delay 1.00
[pass.abc] region 'ImmediateGenerator.ImmediateGenerator__c1053': cache hit -- 83 gates, area 243.75, delay 1.00
[pass.abc] region 'ImmediateGenerator.ImmediateGenerator__c1054': cache hit -- 84 gates, area 243.75, delay 1.00
[pass.abc] region 'ImmediateGenerator.ImmediateGenerator__c1055': cache hit -- 85 gates, area 243.75, delay 1.00
[pass.abc] region 'ImmediateGenerator.ImmediateGenerator__c1056': cache hit -- 86 gates, area 243.75, delay 1.00
[pass.abc] region 'ImmediateGenerator.ImmediateGenerator__c1057': cache hit -- 87 gates, area 243.75, delay 1.00
[pass.abc] region 'ImmediateGenerator.ImmediateGenerator__c1058': cache hit -- 88 gates, area 243.75, delay 1.00
[pass.abc] region 'ImmediateGenerator.ImmediateGenerator__c1059': cache hit -- 89 gates, area 243.75, delay 1.00
[pass.abc] region 'ImmediateGenerator.ImmediateGenerator__c1060': cache hit -- 90 gates, area 243.75, delay 1.00
[pass.abc] region 'ImmediateGenerator.ImmediateGenerator__c1061': cache hit -- 91 gates, area 243.75, delay 1.00
[pass.abc] region 'ImmediateGenerator.ImmediateGenerator__c1062': cache hit -- 92 gates, area 243.75, delay 1.00
[pass.abc] region 'ImmediateGenerator.ImmediateGenerator__c1063': cache hit -- 93 gates, area 243.75, delay 1.00
[pass.abc] region 'ImmediateGenerator.ImmediateGenerator__c1064': cache hit -- 94 gates, area 243.75, delay 1.00
[pass.abc] region 'ImmediateGenerator.ImmediateGenerator__c1065': cache hit -- 95 gates, area 243.75, delay 1.00
[pass.abc] region 'ImmediateGenerator.ImmediateGenerator__c1066': cache hit -- 96 gates, area 243.75, delay 1.00
[pass.abc] region 'ImmediateGenerator.ImmediateGenerator__c1067': cache hit -- 97 gates, area 243.75, delay 1.00
[pass.abc] region 'ImmediateGenerator.ImmediateGenerator__c1068': cache hit -- 98 gates, area 243.75, delay 1.00
[pass.abc] region 'ImmediateGenerator.ImmediateGenerator__c1069': cache hit -- 99 gates, area 243.75, delay 1.00
[pass.abc] region 'ImmediateGenerator.ImmediateGenerator__c1070': cache hit -- 100 gates, area 243.75, delay 1.00
[pass.abc] region 'ImmediateGenerator.ImmediateGenerator__c1071': cache hit -- 101 gates, area 243.75, delay 1.00
[pass.abc] region 'ImmediateGenerator.ImmediateGenerator__c1072': cache hit -- 102 gates, area 243.75, delay 1.00
[pass.abc] region 'ImmediateGenerator.ImmediateGenerator__c1073': cache hit -- 103 gates, area 243.75, delay 1.00
[pass.abc] region 'ImmediateGenerator.ImmediateGenerator__c1074': cache hit -- 104 gates, area 243.75, delay 1.00
[pass.abc] region 'ImmediateGenerator.ImmediateGenerator__c1075': cache hit -- 105 gates, area 243.75, delay 1.00
[pass.abc] region 'ImmediateGenerator.ImmediateGenerator__c1076': cache hit -- 106 gates, area 243.75, delay 1.00
[pass.abc] region 'ImmediateGenerator.ImmediateGenerator__c1077': cache hit -- 107 gates, area 243.75, delay 1.00
[pass.abc] region 'ImmediateGenerator.ImmediateGenerator__c1078': cache hit -- 108 gates, area 243.75, delay 1.00
[pass.abc] region 'ImmediateGenerator.ImmediateGenerator__c1079': 1314 gates, area 8069.30, delay 3.00  critical output 'or_5808_1' @ ./dino_prp/ImmediateGenerator.prp:18
[pass.abc] region 'ImmediateGenerator.ImmediateGenerator__c1080': 128 gates, area 405.00, delay 1.00  critical output 'shl_5812_1' @ ./dino_prp/ImmediateGenerator.prp:18
[pass.abc] region 'ImmediateGenerator.ImmediateGenerator__c1081': 128 gates, area 685.76, delay 1.00  critical output 'or_5828_1' @ ./dino_prp/ImmediateGenerator.prp:18
[pass.abc] region 'ImmediateGenerator.ImmediateGenerator__c1082': cache hit -- 65 gates, area 240.00, delay 1.00
[pass.abc] region 'ImmediateGenerator.ImmediateGenerator__c1083': cache hit -- 67 gates, area 570.65, delay 2.00
[pass.abc] region 'ImmediateGenerator.ImmediateGenerator__c1084': cache hit -- 0 gates, area 0.00, delay -1000000000.00
[pass.abc] region 'ImmediateGenerator.ImmediateGenerator__c1085': cache hit -- 0 gates, area 0.00, delay -1000000000.00
[pass.abc] region 'ImmediateGenerator.ImmediateGenerator__c1086': cache hit -- 0 gates, area 0.00, delay -1000000000.00
[pass.abc] region 'ImmediateGenerator.ImmediateGenerator__c1087': cache hit -- 0 gates, area 0.00, delay -1000000000.00
[pass.abc] region 'ImmediateGenerator.ImmediateGenerator__c1088': cache hit -- 0 gates, area 0.00, delay -1000000000.00
[pass.abc] region 'ImmediateGenerator.ImmediateGenerator__c1089': cache hit -- 0 gates, area 0.00, delay -1000000000.00
[pass.abc] region 'ImmediateGenerator.ImmediateGenerator__c1090': cache hit -- 0 gates, area 0.00, delay -1000000000.00
[pass.abc] region 'ImmediateGenerator.ImmediateGenerator__c1091': cache hit -- 0 gates, area 0.00, delay -1000000000.00
[pass.abc] region 'ImmediateGenerator.ImmediateGenerator__c1092': cache hit -- 0 gates, area 0.00, delay -1000000000.00
[pass.abc] region 'ImmediateGenerator.ImmediateGenerator__c1093': cache hit -- 0 gates, area 0.00, delay -1000000000.00
[pass.abc] region 'ImmediateGenerator.ImmediateGenerator__c1094': cache hit -- 0 gates, area 0.00, delay -1000000000.00
[pass.abc] region 'ImmediateGenerator.ImmediateGenerator__c1095': cache hit -- 0 gates, area 0.00, delay -1000000000.00
[pass.abc] region 'ImmediateGenerator.ImmediateGenerator__c1096': cache hit -- 0 gates, area 0.00, delay -1000000000.00
[pass.abc] region 'ImmediateGenerator.ImmediateGenerator__c1097': cache hit -- 0 gates, area 0.00, delay -1000000000.00
[pass.abc] region 'ImmediateGenerator.ImmediateGenerator__c1098': cache hit -- 0 gates, area 0.00, delay -1000000000.00
[pass.abc] region 'ImmediateGenerator.ImmediateGenerator__c1099': cache hit -- 0 gates, area 0.00, delay -1000000000.00
[pass.abc] region 'ImmediateGenerator.ImmediateGenerator__c1100': cache hit -- 0 gates, area 0.00, delay -1000000000.00
[pass.abc] region 'ImmediateGenerator.ImmediateGenerator__c1101': cache hit -- 0 gates, area 0.00, delay -1000000000.00
[pass.abc] region 'ImmediateGenerator.ImmediateGenerator__c1102': cache hit -- 0 gates, area 0.00, delay -1000000000.00
[pass.abc] region 'ImmediateGenerator.ImmediateGenerator__c1103': cache hit -- 0 gates, area 0.00, delay -1000000000.00
[pass.abc] region 'ImmediateGenerator.ImmediateGenerator__c1104': cache hit -- 0 gates, area 0.00, delay -1000000000.00
[pass.abc] region 'ImmediateGenerator.ImmediateGenerator__c1105': cache hit -- 0 gates, area 0.00, delay -1000000000.00
[pass.abc] region 'ImmediateGenerator.ImmediateGenerator__c1106': cache hit -- 0 gates, area 0.00, delay -1000000000.00
Warning: The current network has no primary outputs. Some commands may not work correctly.
Warning: The current GIA has no primary outputs. Some commands may not work correctly.
Warning: The current GIA has no primary outputs. Some commands may not work correctly.
Warning: The current network has no primary outputs. Some commands may not work correctly.
Warning: The current GIA has no primary outputs. Some commands may not work correctly.
Warning: The current GIA has no primary outputs. Some commands may not work correctly.
Warning: The current GIA has no primary outputs. Some commands may not work correctly.
Warning: The current GIA has no primary outputs. Some commands may not work correctly.
Warning: The current network has no primary outputs. Some commands may not work correctly.
[pass.abc] region 'ImmediateGenerator.ImmediateGenerator__c1107': 0 gates, area 0.00, delay -1000000000.00
[pass.abc] region 'ImmediateGenerator.ImmediateGenerator__c1108': cache hit -- 0 gates, area 0.00, delay -1000000000.00
[pass.abc] region 'ImmediateGenerator.ImmediateGenerator__c1109': cache hit -- 0 gates, area 0.00, delay -1000000000.00
[pass.abc] region 'ImmediateGenerator.ImmediateGenerator__c1110': cache hit -- 0 gates, area 0.00, delay -1000000000.00
[pass.abc] region 'ImmediateGenerator.ImmediateGenerator__c1111': cache hit -- 0 gates, area 0.00, delay -1000000000.00
[pass.abc] region 'ImmediateGenerator.ImmediateGenerator__c1112': cache hit -- 0 gates, area 0.00, delay -1000000000.00
[pass.abc] region 'ImmediateGenerator.ImmediateGenerator__c1113': cache hit -- 0 gates, area 0.00, delay -1000000000.00
[pass.abc] region 'ImmediateGenerator.ImmediateGenerator__c1114': cache hit -- 0 gates, area 0.00, delay -1000000000.00
[pass.abc] region 'ImmediateGenerator.ImmediateGenerator__c1115': cache hit -- 0 gates, area 0.00, delay -1000000000.00
[pass.abc] region 'ImmediateGenerator.ImmediateGenerator__c1116': cache hit -- 0 gates, area 0.00, delay -1000000000.00
[pass.abc] region 'ImmediateGenerator.ImmediateGenerator__c1117': cache hit -- 0 gates, area 0.00, delay -1000000000.00
[pass.abc] region 'ImmediateGenerator.ImmediateGenerator__c1118': cache hit -- 0 gates, area 0.00, delay -1000000000.00
[pass.abc] region 'ImmediateGenerator.ImmediateGenerator__c1119': cache hit -- 0 gates, area 0.00, delay -1000000000.00
[pass.abc] region 'ImmediateGenerator.ImmediateGenerator__c1120': cache hit -- 0 gates, area 0.00, delay -1000000000.00
[pass.abc] region 'ImmediateGenerator.ImmediateGenerator__c1121': cache hit -- 0 gates, area 0.00, delay -1000000000.00
[pass.abc] region 'ImmediateGenerator.ImmediateGenerator__c1122': cache hit -- 0 gates, area 0.00, delay -1000000000.00
[pass.abc] region 'ImmediateGenerator.ImmediateGenerator__c1123': cache hit -- 0 gates, area 0.00, delay -1000000000.00
[pass.abc] region 'ImmediateGenerator.ImmediateGenerator__c1124': cache hit -- 0 gates, area 0.00, delay -1000000000.00
[pass.abc] region 'ImmediateGenerator.ImmediateGenerator__c1125': cache hit -- 0 gates, area 0.00, delay -1000000000.00
[pass.abc] region 'ImmediateGenerator.ImmediateGenerator__c1126': cache hit -- 0 gates, area 0.00, delay -1000000000.00
[pass.abc] region 'ImmediateGenerator.ImmediateGenerator__c1127': cache hit -- 0 gates, area 0.00, delay -1000000000.00
[pass.abc] region 'ImmediateGenerator.ImmediateGenerator__c1128': cache hit -- 0 gates, area 0.00, delay -1000000000.00
[pass.abc] region 'ImmediateGenerator.ImmediateGenerator__c1129': cache hit -- 0 gates, area 0.00, delay -1000000000.00
[pass.abc] region 'ImmediateGenerator.ImmediateGenerator__c1130': cache hit -- 0 gates, area 0.00, delay -1000000000.00
[pass.abc] region 'ImmediateGenerator.ImmediateGenerator__c1131': cache hit -- 0 gates, area 0.00, delay -1000000000.00
[pass.abc] region 'ImmediateGenerator.ImmediateGenerator__c1132': cache hit -- 0 gates, area 0.00, delay -1000000000.00
[pass.abc] region 'ImmediateGenerator.ImmediateGenerator__c1133': cache hit -- 0 gates, area 0.00, delay -1000000000.00
[pass.abc] region 'ImmediateGenerator.ImmediateGenerator__c1134': cache hit -- 0 gates, area 0.00, delay -1000000000.00
[pass.abc] region 'ImmediateGenerator.ImmediateGenerator__c1135': cache hit -- 0 gates, area 0.00, delay -1000000000.00
[pass.abc] region 'ImmediateGenerator.ImmediateGenerator__c1136': cache hit -- 0 gates, area 0.00, delay -1000000000.00
[pass.abc] region 'ImmediateGenerator.ImmediateGenerator__c1137': cache hit -- 0 gates, area 0.00, delay -1000000000.00
[pass.abc] region 'ImmediateGenerator.ImmediateGenerator__c1138': cache hit -- 0 gates, area 0.00, delay -1000000000.00
[pass.abc] region 'ImmediateGenerator.ImmediateGenerator__c1139': cache hit -- 0 gates, area 0.00, delay -1000000000.00
[pass.abc] region 'ImmediateGenerator.ImmediateGenerator__c1140': cache hit -- 0 gates, area 0.00, delay -1000000000.00
[pass.abc] region 'ImmediateGenerator.ImmediateGenerator__c1141': cache hit -- 0 gates, area 0.00, delay -1000000000.00
[pass.abc] region 'ImmediateGenerator.ImmediateGenerator__c1142': cache hit -- 0 gates, area 0.00, delay -1000000000.00
[pass.abc] region 'ImmediateGenerator.ImmediateGenerator__c1143': cache hit -- 0 gates, area 0.00, delay -1000000000.00
[pass.abc] region 'ImmediateGenerator.ImmediateGenerator__c1144': cache hit -- 0 gates, area 0.00, delay -1000000000.00
[pass.abc] region 'ImmediateGenerator.ImmediateGenerator__c1145': cache hit -- 0 gates, area 0.00, delay -1000000000.00
[pass.abc] region 'ImmediateGenerator.ImmediateGenerator__c1146': cache hit -- 0 gates, area 0.00, delay -1000000000.00
[pass.abc] region 'ImmediateGenerator.ImmediateGenerator__c1147': cache hit -- 0 gates, area 0.00, delay -1000000000.00
[pass.abc] region 'ImmediateGenerator.ImmediateGenerator__c1148': cache hit -- 0 gates, area 0.00, delay -1000000000.00
[pass.abc] region 'ImmediateGenerator.ImmediateGenerator__c1149': cache hit -- 0 gates, area 0.00, delay -1000000000.00
[pass.abc] region 'ImmediateGenerator.ImmediateGenerator__c1150': cache hit -- 0 gates, area 0.00, delay -1000000000.00
[pass.abc] region 'ImmediateGenerator.ImmediateGenerator__c1151': cache hit -- 0 gates, area 0.00, delay -1000000000.00
[pass.abc] region 'ImmediateGenerator.ImmediateGenerator__c1152': cache hit -- 0 gates, area 0.00, delay -1000000000.00
[pass.abc] region 'ImmediateGenerator.ImmediateGenerator__c1153': cache hit -- 0 gates, area 0.00, delay -1000000000.00
[pass.abc] region 'ImmediateGenerator.ImmediateGenerator__c1154': cache hit -- 0 gates, area 0.00, delay -1000000000.00
[pass.abc] region 'ImmediateGenerator.ImmediateGenerator__c1155': cache hit -- 0 gates, area 0.00, delay -1000000000.00
[pass.abc] region 'ImmediateGenerator.ImmediateGenerator__c1156': cache hit -- 0 gates, area 0.00, delay -1000000000.00
[pass.abc] region 'ImmediateGenerator.ImmediateGenerator__c1157': cache hit -- 0 gates, area 0.00, delay -1000000000.00
[pass.abc] region 'ImmediateGenerator.ImmediateGenerator__c1158': cache hit -- 0 gates, area 0.00, delay -1000000000.00
[pass.abc] region 'ImmediateGenerator.ImmediateGenerator__c1159': cache hit -- 0 gates, area 0.00, delay -1000000000.00
[pass.abc] region 'ImmediateGenerator.ImmediateGenerator__c1160': cache hit -- 0 gates, area 0.00, delay -1000000000.00
[pass.abc] region 'ImmediateGenerator.ImmediateGenerator__c1161': cache hit -- 0 gates, area 0.00, delay -1000000000.00
Warning: The current network has no primary outputs. Some commands may not work correctly.
Warning: The current GIA has no primary outputs. Some commands may not work correctly.
Warning: The current GIA has no primary outputs. Some commands may not work correctly.
Warning: The current network has no primary outputs. Some commands may not work correctly.
Warning: The current GIA has no primary outputs. Some commands may not work correctly.
Warning: The current GIA has no primary outputs. Some commands may not work correctly.
Warning: The current GIA has no primary outputs. Some commands may not work correctly.
Warning: The current GIA has no primary outputs. Some commands may not work correctly.
Warning: The current network has no primary outputs. Some commands may not work correctly.
[pass.abc] region 'ImmediateGenerator.ImmediateGenerator__c1162': 0 gates, area 0.00, delay -1000000000.00
[pass.abc] region 'ImmediateGenerator.ImmediateGenerator__c1163': cache hit -- 0 gates, area 0.00, delay -1000000000.00
[pass.abc] region 'ImmediateGenerator.ImmediateGenerator__c1164': cache hit -- 0 gates, area 0.00, delay -1000000000.00
[pass.abc] region 'ImmediateGenerator.ImmediateGenerator__c1165': cache hit -- 0 gates, area 0.00, delay -1000000000.00
[pass.abc] region 'ImmediateGenerator.ImmediateGenerator__c1166': cache hit -- 0 gates, area 0.00, delay -1000000000.00
[pass.abc] region 'ImmediateGenerator.ImmediateGenerator__c1167': cache hit -- 0 gates, area 0.00, delay -1000000000.00
[pass.abc] region 'ImmediateGenerator.ImmediateGenerator__c1168': cache hit -- 0 gates, area 0.00, delay -1000000000.00
[pass.abc] region 'ImmediateGenerator.ImmediateGenerator__c1169': cache hit -- 0 gates, area 0.00, delay -1000000000.00
[pass.abc] region 'ImmediateGenerator.ImmediateGenerator__c1170': cache hit -- 0 gates, area 0.00, delay -1000000000.00
[pass.abc] region 'ImmediateGenerator.ImmediateGenerator__c1171': cache hit -- 0 gates, area 0.00, delay -1000000000.00
[pass.abc] region 'ImmediateGenerator.ImmediateGenerator__c1172': cache hit -- 0 gates, area 0.00, delay -1000000000.00
Warning: The current network has no primary outputs. Some commands may not work correctly.
Warning: The current GIA has no primary outputs. Some commands may not work correctly.
Warning: The current GIA has no primary outputs. Some commands may not work correctly.
Warning: The current network has no primary outputs. Some commands may not work correctly.
Warning: The current GIA has no primary outputs. Some commands may not work correctly.
Warning: The current GIA has no primary outputs. Some commands may not work correctly.
Warning: The current GIA has no primary outputs. Some commands may not work correctly.
Warning: The current GIA has no primary outputs. Some commands may not work correctly.
Warning: The current network has no primary outputs. Some commands may not work correctly.
[pass.abc] region 'ImmediateGenerator.ImmediateGenerator__c1173': 0 gates, area 0.00, delay -1000000000.00
[pass.abc] region 'ImmediateGenerator.ImmediateGenerator__c1174': cache hit -- 0 gates, area 0.00, delay -1000000000.00
[pass.abc] region 'ImmediateGenerator.ImmediateGenerator__c1175': cache hit -- 0 gates, area 0.00, delay -1000000000.00
[pass.abc] region 'ImmediateGenerator.ImmediateGenerator__c1176': cache hit -- 0 gates, area 0.00, delay -1000000000.00
[pass.abc] region 'ImmediateGenerator.ImmediateGenerator__c1177': cache hit -- 0 gates, area 0.00, delay -1000000000.00
[pass.abc] region 'ImmediateGenerator.ImmediateGenerator__c1178': cache hit -- 0 gates, area 0.00, delay -1000000000.00
[pass.abc] region 'ImmediateGenerator.ImmediateGenerator__c1179': cache hit -- 0 gates, area 0.00, delay -1000000000.00
[pass.abc] region 'ImmediateGenerator.ImmediateGenerator__c1180': cache hit -- 0 gates, area 0.00, delay -1000000000.00
[pass.abc] region 'ImmediateGenerator.ImmediateGenerator__c1181': cache hit -- 0 gates, area 0.00, delay -1000000000.00
Warning: The current network has no primary outputs. Some commands may not work correctly.
Warning: The current GIA has no primary outputs. Some commands may not work correctly.
Warning: The current GIA has no primary outputs. Some commands may not work correctly.
Warning: The current network has no primary outputs. Some commands may not work correctly.
Warning: The current GIA has no primary outputs. Some commands may not work correctly.
Warning: The current GIA has no primary outputs. Some commands may not work correctly.
Warning: The current GIA has no primary outputs. Some commands may not work correctly.
Warning: The current GIA has no primary outputs. Some commands may not work correctly.
Warning: The current network has no primary outputs. Some commands may not work correctly.
[pass.abc] region 'ImmediateGenerator.ImmediateGenerator__c1182': 0 gates, area 0.00, delay -1000000000.00
Warning: The current network has no primary outputs. Some commands may not work correctly.
Warning: The current GIA has no primary outputs. Some commands may not work correctly.
Warning: The current GIA has no primary outputs. Some commands may not work correctly.
Warning: The current network has no primary outputs. Some commands may not work correctly.
Warning: The current GIA has no primary outputs. Some commands may not work correctly.
Warning: The current GIA has no primary outputs. Some commands may not work correctly.
Warning: The current GIA has no primary outputs. Some commands may not work correctly.
Warning: The current GIA has no primary outputs. Some commands may not work correctly.
Warning: The current network has no primary outputs. Some commands may not work correctly.
[pass.abc] region 'ImmediateGenerator.ImmediateGenerator__c1183': 0 gates, area 0.00, delay -1000000000.00
[pass.abc] region 'ImmediateGenerator.ImmediateGenerator__c1184': 3 gates, area 17.52, delay 2.00  critical output 'eq_6248_1' @ ./dino_prp/ImmediateGenerator.prp:19
[pass.abc] region 'ImmediateGenerator.ImmediateGenerator__c1185': 21 gates, area 75.00, delay 1.00  critical output 'get_mask_6252_1' @ ./dino_prp/ImmediateGenerator.prp:19
[pass.abc] region 'ImmediateGenerator.ImmediateGenerator__c1186': 33 gates, area 78.75, delay 1.00  critical output 'shl_6256_1' @ ./dino_prp/ImmediateGenerator.prp:19
[pass.abc] region 'ImmediateGenerator.ImmediateGenerator__c1187': cache hit -- 66 gates, area 243.75, delay 1.00
[pass.abc] region 'ImmediateGenerator.ImmediateGenerator__c1188': cache hit -- 67 gates, area 243.75, delay 1.00
[pass.abc] region 'ImmediateGenerator.ImmediateGenerator__c1189': cache hit -- 68 gates, area 243.75, delay 1.00
[pass.abc] region 'ImmediateGenerator.ImmediateGenerator__c1190': cache hit -- 69 gates, area 243.75, delay 1.00
[pass.abc] region 'ImmediateGenerator.ImmediateGenerator__c1191': cache hit -- 70 gates, area 243.75, delay 1.00
[pass.abc] region 'ImmediateGenerator.ImmediateGenerator__c1192': cache hit -- 71 gates, area 243.75, delay 1.00
[pass.abc] region 'ImmediateGenerator.ImmediateGenerator__c1193': cache hit -- 72 gates, area 243.75, delay 1.00
[pass.abc] region 'ImmediateGenerator.ImmediateGenerator__c1194': cache hit -- 73 gates, area 243.75, delay 1.00
[pass.abc] region 'ImmediateGenerator.ImmediateGenerator__c1195': cache hit -- 74 gates, area 243.75, delay 1.00
[pass.abc] region 'ImmediateGenerator.ImmediateGenerator__c1196': cache hit -- 75 gates, area 243.75, delay 1.00
[pass.abc] region 'ImmediateGenerator.ImmediateGenerator__c1197': cache hit -- 76 gates, area 243.75, delay 1.00
[pass.abc] region 'ImmediateGenerator.ImmediateGenerator__c1198': cache hit -- 77 gates, area 243.75, delay 1.00
[pass.abc] region 'ImmediateGenerator.ImmediateGenerator__c1199': cache hit -- 78 gates, area 243.75, delay 1.00
[pass.abc] region 'ImmediateGenerator.ImmediateGenerator__c1200': cache hit -- 79 gates, area 243.75, delay 1.00
[pass.abc] region 'ImmediateGenerator.ImmediateGenerator__c1201': cache hit -- 80 gates, area 243.75, delay 1.00
[pass.abc] region 'ImmediateGenerator.ImmediateGenerator__c1202': cache hit -- 81 gates, area 243.75, delay 1.00
[pass.abc] region 'ImmediateGenerator.ImmediateGenerator__c1203': cache hit -- 82 gates, area 243.75, delay 1.00
[pass.abc] region 'ImmediateGenerator.ImmediateGenerator__c1204': cache hit -- 83 gates, area 243.75, delay 1.00
[pass.abc] region 'ImmediateGenerator.ImmediateGenerator__c1205': cache hit -- 84 gates, area 243.75, delay 1.00
[pass.abc] region 'ImmediateGenerator.ImmediateGenerator__c1206': cache hit -- 85 gates, area 243.75, delay 1.00
[pass.abc] region 'ImmediateGenerator.ImmediateGenerator__c1207': cache hit -- 86 gates, area 243.75, delay 1.00
[pass.abc] region 'ImmediateGenerator.ImmediateGenerator__c1208': cache hit -- 87 gates, area 243.75, delay 1.00
[pass.abc] region 'ImmediateGenerator.ImmediateGenerator__c1209': cache hit -- 88 gates, area 243.75, delay 1.00
[pass.abc] region 'ImmediateGenerator.ImmediateGenerator__c1210': cache hit -- 89 gates, area 243.75, delay 1.00
[pass.abc] region 'ImmediateGenerator.ImmediateGenerator__c1211': cache hit -- 90 gates, area 243.75, delay 1.00
[pass.abc] region 'ImmediateGenerator.ImmediateGenerator__c1212': cache hit -- 91 gates, area 243.75, delay 1.00
[pass.abc] region 'ImmediateGenerator.ImmediateGenerator__c1213': cache hit -- 92 gates, area 243.75, delay 1.00
[pass.abc] region 'ImmediateGenerator.ImmediateGenerator__c1214': cache hit -- 93 gates, area 243.75, delay 1.00
[pass.abc] region 'ImmediateGenerator.ImmediateGenerator__c1215': cache hit -- 94 gates, area 243.75, delay 1.00
[pass.abc] region 'ImmediateGenerator.ImmediateGenerator__c1216': cache hit -- 95 gates, area 243.75, delay 1.00
[pass.abc] region 'ImmediateGenerator.ImmediateGenerator__c1217': cache hit -- 96 gates, area 243.75, delay 1.00
[pass.abc] region 'ImmediateGenerator.ImmediateGenerator__c1218': 890 gates, area 5548.48, delay 3.00  critical output 'or_6504_1' @ ./dino_prp/ImmediateGenerator.prp:19
[pass.abc] region 'ImmediateGenerator.ImmediateGenerator__c1219': 128 gates, area 360.00, delay 1.00  critical output 'shl_6508_1' @ ./dino_prp/ImmediateGenerator.prp:19
[pass.abc] region 'ImmediateGenerator.ImmediateGenerator__c1220': 128 gates, area 562.83, delay 1.00  critical output 'or_6516_1' @ ./dino_prp/ImmediateGenerator.prp:19
[pass.abc] region 'ImmediateGenerator.ImmediateGenerator__c1221': cache hit -- 65 gates, area 240.00, delay 1.00
[pass.abc] region 'ImmediateGenerator.ImmediateGenerator__c1222': cache hit -- 67 gates, area 570.65, delay 2.00
[pass.abc] region 'ImmediateGenerator.ImmediateGenerator__c1223': cache hit -- 0 gates, area 0.00, delay -1000000000.00
[pass.abc] region 'ImmediateGenerator.ImmediateGenerator__c1224': cache hit -- 0 gates, area 0.00, delay -1000000000.00
[pass.abc] region 'ImmediateGenerator.ImmediateGenerator__c1225': cache hit -- 0 gates, area 0.00, delay -1000000000.00
[pass.abc] region 'ImmediateGenerator.ImmediateGenerator__c1226': cache hit -- 0 gates, area 0.00, delay -1000000000.00
[pass.abc] region 'ImmediateGenerator.ImmediateGenerator__c1227': cache hit -- 0 gates, area 0.00, delay -1000000000.00
[pass.abc] region 'ImmediateGenerator.ImmediateGenerator__c1228': cache hit -- 0 gates, area 0.00, delay -1000000000.00
[pass.abc] region 'ImmediateGenerator.ImmediateGenerator__c1229': cache hit -- 0 gates, area 0.00, delay -1000000000.00
[pass.abc] region 'ImmediateGenerator.ImmediateGenerator__c1230': cache hit -- 0 gates, area 0.00, delay -1000000000.00
[pass.abc] region 'ImmediateGenerator.ImmediateGenerator__c1231': cache hit -- 0 gates, area 0.00, delay -1000000000.00
[pass.abc] region 'ImmediateGenerator.ImmediateGenerator__c1232': cache hit -- 0 gates, area 0.00, delay -1000000000.00
[pass.abc] region 'ImmediateGenerator.ImmediateGenerator__c1233': cache hit -- 0 gates, area 0.00, delay -1000000000.00
[pass.abc] region 'ImmediateGenerator.ImmediateGenerator__c1234': cache hit -- 0 gates, area 0.00, delay -1000000000.00
[pass.abc] region 'ImmediateGenerator.ImmediateGenerator__c1235': cache hit -- 0 gates, area 0.00, delay -1000000000.00
[pass.abc] region 'ImmediateGenerator.ImmediateGenerator__c1236': cache hit -- 0 gates, area 0.00, delay -1000000000.00
[pass.abc] region 'ImmediateGenerator.ImmediateGenerator__c1237': cache hit -- 0 gates, area 0.00, delay -1000000000.00
[pass.abc] region 'ImmediateGenerator.ImmediateGenerator__c1238': cache hit -- 0 gates, area 0.00, delay -1000000000.00
[pass.abc] region 'ImmediateGenerator.ImmediateGenerator__c1239': cache hit -- 0 gates, area 0.00, delay -1000000000.00
[pass.abc] region 'ImmediateGenerator.ImmediateGenerator__c1240': cache hit -- 0 gates, area 0.00, delay -1000000000.00
[pass.abc] region 'ImmediateGenerator.ImmediateGenerator__c1241': cache hit -- 0 gates, area 0.00, delay -1000000000.00
[pass.abc] region 'ImmediateGenerator.ImmediateGenerator__c1242': cache hit -- 0 gates, area 0.00, delay -1000000000.00
[pass.abc] region 'ImmediateGenerator.ImmediateGenerator__c1243': cache hit -- 0 gates, area 0.00, delay -1000000000.00
[pass.abc] region 'ImmediateGenerator.ImmediateGenerator__c1244': cache hit -- 0 gates, area 0.00, delay -1000000000.00
[pass.abc] region 'ImmediateGenerator.ImmediateGenerator__c1245': cache hit -- 0 gates, area 0.00, delay -1000000000.00
[pass.abc] region 'ImmediateGenerator.ImmediateGenerator__c1246': cache hit -- 0 gates, area 0.00, delay -1000000000.00
[pass.abc] region 'ImmediateGenerator.ImmediateGenerator__c1247': cache hit -- 0 gates, area 0.00, delay -1000000000.00
[pass.abc] region 'ImmediateGenerator.ImmediateGenerator__c1248': cache hit -- 0 gates, area 0.00, delay -1000000000.00
[pass.abc] region 'ImmediateGenerator.ImmediateGenerator__c1249': cache hit -- 0 gates, area 0.00, delay -1000000000.00
[pass.abc] region 'ImmediateGenerator.ImmediateGenerator__c1250': cache hit -- 0 gates, area 0.00, delay -1000000000.00
[pass.abc] region 'ImmediateGenerator.ImmediateGenerator__c1251': cache hit -- 0 gates, area 0.00, delay -1000000000.00
[pass.abc] region 'ImmediateGenerator.ImmediateGenerator__c1252': cache hit -- 0 gates, area 0.00, delay -1000000000.00
[pass.abc] region 'ImmediateGenerator.ImmediateGenerator__c1253': cache hit -- 0 gates, area 0.00, delay -1000000000.00
[pass.abc] region 'ImmediateGenerator.ImmediateGenerator__c1254': cache hit -- 0 gates, area 0.00, delay -1000000000.00
[pass.abc] region 'ImmediateGenerator.ImmediateGenerator__c1255': cache hit -- 0 gates, area 0.00, delay -1000000000.00
[pass.abc] region 'ImmediateGenerator.ImmediateGenerator__c1256': cache hit -- 0 gates, area 0.00, delay -1000000000.00
[pass.abc] region 'ImmediateGenerator.ImmediateGenerator__c1257': cache hit -- 0 gates, area 0.00, delay -1000000000.00
[pass.abc] region 'ImmediateGenerator.ImmediateGenerator__c1258': cache hit -- 0 gates, area 0.00, delay -1000000000.00
[pass.abc] region 'ImmediateGenerator.ImmediateGenerator__c1259': cache hit -- 0 gates, area 0.00, delay -1000000000.00
[pass.abc] region 'ImmediateGenerator.ImmediateGenerator__c1260': cache hit -- 0 gates, area 0.00, delay -1000000000.00
[pass.abc] region 'ImmediateGenerator.ImmediateGenerator__c1261': cache hit -- 0 gates, area 0.00, delay -1000000000.00
[pass.abc] region 'ImmediateGenerator.ImmediateGenerator__c1262': cache hit -- 0 gates, area 0.00, delay -1000000000.00
[pass.abc] region 'ImmediateGenerator.ImmediateGenerator__c1263': cache hit -- 0 gates, area 0.00, delay -1000000000.00
[pass.abc] region 'ImmediateGenerator.ImmediateGenerator__c1264': cache hit -- 0 gates, area 0.00, delay -1000000000.00
[pass.abc] region 'ImmediateGenerator.ImmediateGenerator__c1265': cache hit -- 0 gates, area 0.00, delay -1000000000.00
[pass.abc] region 'ImmediateGenerator.ImmediateGenerator__c1266': cache hit -- 0 gates, area 0.00, delay -1000000000.00
[pass.abc] region 'ImmediateGenerator.ImmediateGenerator__c1267': cache hit -- 0 gates, area 0.00, delay -1000000000.00
[pass.abc] region 'ImmediateGenerator.ImmediateGenerator__c1268': cache hit -- 0 gates, area 0.00, delay -1000000000.00
[pass.abc] region 'ImmediateGenerator.ImmediateGenerator__c1269': cache hit -- 0 gates, area 0.00, delay -1000000000.00
[pass.abc] region 'ImmediateGenerator.ImmediateGenerator__c1270': cache hit -- 0 gates, area 0.00, delay -1000000000.00
[pass.abc] region 'ImmediateGenerator.ImmediateGenerator__c1271': cache hit -- 0 gates, area 0.00, delay -1000000000.00
[pass.abc] region 'ImmediateGenerator.ImmediateGenerator__c1272': cache hit -- 0 gates, area 0.00, delay -1000000000.00
[pass.abc] region 'ImmediateGenerator.ImmediateGenerator__c1273': cache hit -- 0 gates, area 0.00, delay -1000000000.00
[pass.abc] region 'ImmediateGenerator.ImmediateGenerator__c1274': cache hit -- 0 gates, area 0.00, delay -1000000000.00
[pass.abc] region 'ImmediateGenerator.ImmediateGenerator__c1275': cache hit -- 0 gates, area 0.00, delay -1000000000.00
[pass.abc] region 'ImmediateGenerator.ImmediateGenerator__c1276': cache hit -- 0 gates, area 0.00, delay -1000000000.00
[pass.abc] region 'ImmediateGenerator.ImmediateGenerator__c1277': cache hit -- 0 gates, area 0.00, delay -1000000000.00
[pass.abc] region 'ImmediateGenerator.ImmediateGenerator__c1278': cache hit -- 0 gates, area 0.00, delay -1000000000.00
[pass.abc] region 'ImmediateGenerator.ImmediateGenerator__c1279': cache hit -- 0 gates, area 0.00, delay -1000000000.00
[pass.abc] region 'ImmediateGenerator.ImmediateGenerator__c1280': cache hit -- 0 gates, area 0.00, delay -1000000000.00
[pass.abc] region 'ImmediateGenerator.ImmediateGenerator__c1281': cache hit -- 0 gates, area 0.00, delay -1000000000.00
[pass.abc] region 'ImmediateGenerator.ImmediateGenerator__c1282': cache hit -- 0 gates, area 0.00, delay -1000000000.00
[pass.abc] region 'ImmediateGenerator.ImmediateGenerator__c1283': cache hit -- 0 gates, area 0.00, delay -1000000000.00
[pass.abc] region 'ImmediateGenerator.ImmediateGenerator__c1284': cache hit -- 0 gates, area 0.00, delay -1000000000.00
[pass.abc] region 'ImmediateGenerator.ImmediateGenerator__c1285': cache hit -- 0 gates, area 0.00, delay -1000000000.00
[pass.abc] region 'ImmediateGenerator.ImmediateGenerator__c1286': cache hit -- 0 gates, area 0.00, delay -1000000000.00
[pass.abc] region 'ImmediateGenerator.ImmediateGenerator__c1287': cache hit -- 0 gates, area 0.00, delay -1000000000.00
[pass.abc] region 'ImmediateGenerator.ImmediateGenerator__c1288': cache hit -- 0 gates, area 0.00, delay -1000000000.00
[pass.abc] region 'ImmediateGenerator.ImmediateGenerator__c1289': cache hit -- 0 gates, area 0.00, delay -1000000000.00
[pass.abc] region 'ImmediateGenerator.ImmediateGenerator__c1290': cache hit -- 0 gates, area 0.00, delay -1000000000.00
[pass.abc] region 'ImmediateGenerator.ImmediateGenerator__c1291': cache hit -- 0 gates, area 0.00, delay -1000000000.00
[pass.abc] region 'ImmediateGenerator.ImmediateGenerator__c1292': 4 gates, area 15.01, delay 2.00  critical output 'eq_6812_1' @ ./dino_prp/ImmediateGenerator.prp:20
[pass.abc] region 'ImmediateGenerator.ImmediateGenerator__c1293': cache hit -- 21 gates, area 75.00, delay 1.00
[pass.abc] region 'ImmediateGenerator.ImmediateGenerator__c1294': cache hit -- 33 gates, area 78.75, delay 1.00
[pass.abc] region 'ImmediateGenerator.ImmediateGenerator__c1295': cache hit -- 66 gates, area 243.75, delay 1.00
[pass.abc] region 'ImmediateGenerator.ImmediateGenerator__c1296': cache hit -- 67 gates, area 243.75, delay 1.00
[pass.abc] region 'ImmediateGenerator.ImmediateGenerator__c1297': cache hit -- 68 gates, area 243.75, delay 1.00
[pass.abc] region 'ImmediateGenerator.ImmediateGenerator__c1298': cache hit -- 69 gates, area 243.75, delay 1.00
[pass.abc] region 'ImmediateGenerator.ImmediateGenerator__c1299': cache hit -- 70 gates, area 243.75, delay 1.00
[pass.abc] region 'ImmediateGenerator.ImmediateGenerator__c1300': cache hit -- 71 gates, area 243.75, delay 1.00
[pass.abc] region 'ImmediateGenerator.ImmediateGenerator__c1301': cache hit -- 72 gates, area 243.75, delay 1.00
[pass.abc] region 'ImmediateGenerator.ImmediateGenerator__c1302': cache hit -- 73 gates, area 243.75, delay 1.00
[pass.abc] region 'ImmediateGenerator.ImmediateGenerator__c1303': cache hit -- 74 gates, area 243.75, delay 1.00
[pass.abc] region 'ImmediateGenerator.ImmediateGenerator__c1304': cache hit -- 75 gates, area 243.75, delay 1.00
[pass.abc] region 'ImmediateGenerator.ImmediateGenerator__c1305': cache hit -- 76 gates, area 243.75, delay 1.00
[pass.abc] region 'ImmediateGenerator.ImmediateGenerator__c1306': cache hit -- 77 gates, area 243.75, delay 1.00
[pass.abc] region 'ImmediateGenerator.ImmediateGenerator__c1307': cache hit -- 78 gates, area 243.75, delay 1.00
[pass.abc] region 'ImmediateGenerator.ImmediateGenerator__c1308': cache hit -- 79 gates, area 243.75, delay 1.00
[pass.abc] region 'ImmediateGenerator.ImmediateGenerator__c1309': cache hit -- 80 gates, area 243.75, delay 1.00
[pass.abc] region 'ImmediateGenerator.ImmediateGenerator__c1310': cache hit -- 81 gates, area 243.75, delay 1.00
[pass.abc] region 'ImmediateGenerator.ImmediateGenerator__c1311': cache hit -- 82 gates, area 243.75, delay 1.00
[pass.abc] region 'ImmediateGenerator.ImmediateGenerator__c1312': cache hit -- 83 gates, area 243.75, delay 1.00
[pass.abc] region 'ImmediateGenerator.ImmediateGenerator__c1313': cache hit -- 84 gates, area 243.75, delay 1.00
[pass.abc] region 'ImmediateGenerator.ImmediateGenerator__c1314': cache hit -- 85 gates, area 243.75, delay 1.00
[pass.abc] region 'ImmediateGenerator.ImmediateGenerator__c1315': cache hit -- 86 gates, area 243.75, delay 1.00
[pass.abc] region 'ImmediateGenerator.ImmediateGenerator__c1316': cache hit -- 87 gates, area 243.75, delay 1.00
[pass.abc] region 'ImmediateGenerator.ImmediateGenerator__c1317': cache hit -- 88 gates, area 243.75, delay 1.00
[pass.abc] region 'ImmediateGenerator.ImmediateGenerator__c1318': cache hit -- 89 gates, area 243.75, delay 1.00
[pass.abc] region 'ImmediateGenerator.ImmediateGenerator__c1319': cache hit -- 90 gates, area 243.75, delay 1.00
[pass.abc] region 'ImmediateGenerator.ImmediateGenerator__c1320': cache hit -- 91 gates, area 243.75, delay 1.00
[pass.abc] region 'ImmediateGenerator.ImmediateGenerator__c1321': cache hit -- 92 gates, area 243.75, delay 1.00
[pass.abc] region 'ImmediateGenerator.ImmediateGenerator__c1322': cache hit -- 93 gates, area 243.75, delay 1.00
[pass.abc] region 'ImmediateGenerator.ImmediateGenerator__c1323': cache hit -- 94 gates, area 243.75, delay 1.00
[pass.abc] region 'ImmediateGenerator.ImmediateGenerator__c1324': cache hit -- 95 gates, area 243.75, delay 1.00
[pass.abc] region 'ImmediateGenerator.ImmediateGenerator__c1325': cache hit -- 96 gates, area 243.75, delay 1.00
[pass.abc] region 'ImmediateGenerator.ImmediateGenerator__c1326': cache hit -- 890 gates, area 5548.48, delay 3.00
[pass.abc] region 'ImmediateGenerator.ImmediateGenerator__c1327': cache hit -- 128 gates, area 360.00, delay 1.00
[pass.abc] region 'ImmediateGenerator.ImmediateGenerator__c1328': cache hit -- 128 gates, area 562.83, delay 1.00
[pass.abc] region 'ImmediateGenerator.ImmediateGenerator__c1329': cache hit -- 65 gates, area 240.00, delay 1.00
[pass.abc] region 'ImmediateGenerator.ImmediateGenerator__c1330': cache hit -- 67 gates, area 570.65, delay 2.00
[pass.abc] region 'ImmediateGenerator.ImmediateGenerator__c1331': cache hit -- 0 gates, area 0.00, delay -1000000000.00
[pass.abc] region 'ImmediateGenerator.ImmediateGenerator__c1332': cache hit -- 0 gates, area 0.00, delay -1000000000.00
[pass.abc] region 'ImmediateGenerator.ImmediateGenerator__c1333': cache hit -- 0 gates, area 0.00, delay -1000000000.00
[pass.abc] region 'ImmediateGenerator.ImmediateGenerator__c1334': cache hit -- 0 gates, area 0.00, delay -1000000000.00
[pass.abc] region 'ImmediateGenerator.ImmediateGenerator__c1335': cache hit -- 0 gates, area 0.00, delay -1000000000.00
[pass.abc] region 'ImmediateGenerator.ImmediateGenerator__c1336': cache hit -- 0 gates, area 0.00, delay -1000000000.00
[pass.abc] region 'ImmediateGenerator.ImmediateGenerator__c1337': cache hit -- 0 gates, area 0.00, delay -1000000000.00
[pass.abc] region 'ImmediateGenerator.ImmediateGenerator__c1338': cache hit -- 0 gates, area 0.00, delay -1000000000.00
[pass.abc] region 'ImmediateGenerator.ImmediateGenerator__c1339': cache hit -- 0 gates, area 0.00, delay -1000000000.00
[pass.abc] region 'ImmediateGenerator.ImmediateGenerator__c1340': cache hit -- 0 gates, area 0.00, delay -1000000000.00
[pass.abc] region 'ImmediateGenerator.ImmediateGenerator__c1341': cache hit -- 0 gates, area 0.00, delay -1000000000.00
[pass.abc] region 'ImmediateGenerator.ImmediateGenerator__c1342': cache hit -- 0 gates, area 0.00, delay -1000000000.00
[pass.abc] region 'ImmediateGenerator.ImmediateGenerator__c1343': cache hit -- 0 gates, area 0.00, delay -1000000000.00
[pass.abc] region 'ImmediateGenerator.ImmediateGenerator__c1344': cache hit -- 0 gates, area 0.00, delay -1000000000.00
[pass.abc] region 'ImmediateGenerator.ImmediateGenerator__c1345': cache hit -- 0 gates, area 0.00, delay -1000000000.00
[pass.abc] region 'ImmediateGenerator.ImmediateGenerator__c1346': cache hit -- 0 gates, area 0.00, delay -1000000000.00
[pass.abc] region 'ImmediateGenerator.ImmediateGenerator__c1347': cache hit -- 0 gates, area 0.00, delay -1000000000.00
[pass.abc] region 'ImmediateGenerator.ImmediateGenerator__c1348': cache hit -- 0 gates, area 0.00, delay -1000000000.00
[pass.abc] region 'ImmediateGenerator.ImmediateGenerator__c1349': cache hit -- 0 gates, area 0.00, delay -1000000000.00
[pass.abc] region 'ImmediateGenerator.ImmediateGenerator__c1350': cache hit -- 0 gates, area 0.00, delay -1000000000.00
[pass.abc] region 'ImmediateGenerator.ImmediateGenerator__c1351': cache hit -- 0 gates, area 0.00, delay -1000000000.00
[pass.abc] region 'ImmediateGenerator.ImmediateGenerator__c1352': cache hit -- 0 gates, area 0.00, delay -1000000000.00
[pass.abc] region 'ImmediateGenerator.ImmediateGenerator__c1353': cache hit -- 0 gates, area 0.00, delay -1000000000.00
[pass.abc] region 'ImmediateGenerator.ImmediateGenerator__c1354': cache hit -- 0 gates, area 0.00, delay -1000000000.00
[pass.abc] region 'ImmediateGenerator.ImmediateGenerator__c1355': cache hit -- 0 gates, area 0.00, delay -1000000000.00
[pass.abc] region 'ImmediateGenerator.ImmediateGenerator__c1356': cache hit -- 0 gates, area 0.00, delay -1000000000.00
[pass.abc] region 'ImmediateGenerator.ImmediateGenerator__c1357': cache hit -- 0 gates, area 0.00, delay -1000000000.00
[pass.abc] region 'ImmediateGenerator.ImmediateGenerator__c1358': cache hit -- 0 gates, area 0.00, delay -1000000000.00
[pass.abc] region 'ImmediateGenerator.ImmediateGenerator__c1359': cache hit -- 0 gates, area 0.00, delay -1000000000.00
[pass.abc] region 'ImmediateGenerator.ImmediateGenerator__c1360': cache hit -- 0 gates, area 0.00, delay -1000000000.00
[pass.abc] region 'ImmediateGenerator.ImmediateGenerator__c1361': cache hit -- 0 gates, area 0.00, delay -1000000000.00
[pass.abc] region 'ImmediateGenerator.ImmediateGenerator__c1362': cache hit -- 0 gates, area 0.00, delay -1000000000.00
[pass.abc] region 'ImmediateGenerator.ImmediateGenerator__c1363': cache hit -- 0 gates, area 0.00, delay -1000000000.00
[pass.abc] region 'ImmediateGenerator.ImmediateGenerator__c1364': cache hit -- 0 gates, area 0.00, delay -1000000000.00
[pass.abc] region 'ImmediateGenerator.ImmediateGenerator__c1365': cache hit -- 0 gates, area 0.00, delay -1000000000.00
[pass.abc] region 'ImmediateGenerator.ImmediateGenerator__c1366': cache hit -- 0 gates, area 0.00, delay -1000000000.00
[pass.abc] region 'ImmediateGenerator.ImmediateGenerator__c1367': cache hit -- 0 gates, area 0.00, delay -1000000000.00
[pass.abc] region 'ImmediateGenerator.ImmediateGenerator__c1368': cache hit -- 0 gates, area 0.00, delay -1000000000.00
[pass.abc] region 'ImmediateGenerator.ImmediateGenerator__c1369': cache hit -- 0 gates, area 0.00, delay -1000000000.00
[pass.abc] region 'ImmediateGenerator.ImmediateGenerator__c1370': cache hit -- 0 gates, area 0.00, delay -1000000000.00
[pass.abc] region 'ImmediateGenerator.ImmediateGenerator__c1371': cache hit -- 0 gates, area 0.00, delay -1000000000.00
[pass.abc] region 'ImmediateGenerator.ImmediateGenerator__c1372': cache hit -- 0 gates, area 0.00, delay -1000000000.00
[pass.abc] region 'ImmediateGenerator.ImmediateGenerator__c1373': cache hit -- 0 gates, area 0.00, delay -1000000000.00
[pass.abc] region 'ImmediateGenerator.ImmediateGenerator__c1374': cache hit -- 0 gates, area 0.00, delay -1000000000.00
[pass.abc] region 'ImmediateGenerator.ImmediateGenerator__c1375': cache hit -- 0 gates, area 0.00, delay -1000000000.00
[pass.abc] region 'ImmediateGenerator.ImmediateGenerator__c1376': cache hit -- 0 gates, area 0.00, delay -1000000000.00
[pass.abc] region 'ImmediateGenerator.ImmediateGenerator__c1377': cache hit -- 0 gates, area 0.00, delay -1000000000.00
[pass.abc] region 'ImmediateGenerator.ImmediateGenerator__c1378': cache hit -- 0 gates, area 0.00, delay -1000000000.00
[pass.abc] region 'ImmediateGenerator.ImmediateGenerator__c1379': cache hit -- 0 gates, area 0.00, delay -1000000000.00
[pass.abc] region 'ImmediateGenerator.ImmediateGenerator__c1380': cache hit -- 0 gates, area 0.00, delay -1000000000.00
[pass.abc] region 'ImmediateGenerator.ImmediateGenerator__c1381': cache hit -- 0 gates, area 0.00, delay -1000000000.00
[pass.abc] region 'ImmediateGenerator.ImmediateGenerator__c1382': cache hit -- 0 gates, area 0.00, delay -1000000000.00
[pass.abc] region 'ImmediateGenerator.ImmediateGenerator__c1383': cache hit -- 0 gates, area 0.00, delay -1000000000.00
[pass.abc] region 'ImmediateGenerator.ImmediateGenerator__c1384': cache hit -- 0 gates, area 0.00, delay -1000000000.00
[pass.abc] region 'ImmediateGenerator.ImmediateGenerator__c1385': cache hit -- 0 gates, area 0.00, delay -1000000000.00
[pass.abc] region 'ImmediateGenerator.ImmediateGenerator__c1386': cache hit -- 0 gates, area 0.00, delay -1000000000.00
[pass.abc] region 'ImmediateGenerator.ImmediateGenerator__c1387': cache hit -- 0 gates, area 0.00, delay -1000000000.00
[pass.abc] region 'ImmediateGenerator.ImmediateGenerator__c1388': cache hit -- 0 gates, area 0.00, delay -1000000000.00
[pass.abc] region 'ImmediateGenerator.ImmediateGenerator__c1389': cache hit -- 0 gates, area 0.00, delay -1000000000.00
[pass.abc] region 'ImmediateGenerator.ImmediateGenerator__c1390': cache hit -- 0 gates, area 0.00, delay -1000000000.00
[pass.abc] region 'ImmediateGenerator.ImmediateGenerator__c1391': cache hit -- 0 gates, area 0.00, delay -1000000000.00
[pass.abc] region 'ImmediateGenerator.ImmediateGenerator__c1392': cache hit -- 0 gates, area 0.00, delay -1000000000.00
[pass.abc] region 'ImmediateGenerator.ImmediateGenerator__c1393': cache hit -- 0 gates, area 0.00, delay -1000000000.00
[pass.abc] region 'ImmediateGenerator.ImmediateGenerator__c1394': cache hit -- 0 gates, area 0.00, delay -1000000000.00
[pass.abc] region 'ImmediateGenerator.ImmediateGenerator__c1395': cache hit -- 0 gates, area 0.00, delay -1000000000.00
[pass.abc] region 'ImmediateGenerator.ImmediateGenerator__c1396': cache hit -- 0 gates, area 0.00, delay -1000000000.00
[pass.abc] region 'ImmediateGenerator.ImmediateGenerator__c1397': cache hit -- 0 gates, area 0.00, delay -1000000000.00
[pass.abc] region 'ImmediateGenerator.ImmediateGenerator__c1398': cache hit -- 0 gates, area 0.00, delay -1000000000.00
[pass.abc] region 'ImmediateGenerator.ImmediateGenerator__c1399': cache hit -- 0 gates, area 0.00, delay -1000000000.00
[pass.abc] region 'ALUControl.ALUControl__c1': 70 gates, area 51.29, delay 2.00  critical output 'mux_432_1' @ ./dino_prp/ALUControl.prp:36
[pass.abc] region 'ALUControl.ALUControl__c2': 8 gates, area 26.25, delay 1.00  critical output 'get_mask_24_1' @ ./dino_prp/ALUControl.prp:1
[pass.abc] region 'ALUControl.ALUControl__c3': 4 gates, area 11.25, delay 1.00  critical output 'get_mask_28_1' @ ./dino_prp/ALUControl.prp:1
[pass.abc] region 'ALUControl.ALUControl__c4': 2 gates, area 3.75, delay 1.00  critical output 'get_mask_32_1' @ ./dino_prp/ALUControl.prp:1
[pass.abc] region 'ALUControl.ALUControl__c5': 2 gates, area 8.76, delay 1.00  critical output 'eq_36_1' @ ./dino_prp/ALUControl.prp:8
[pass.abc] region 'ALUControl.ALUControl__c6': 2 gates, area 8.76, delay 1.00  critical output 'eq_40_1' @ ./dino_prp/ALUControl.prp:8
[pass.abc] region 'ALUControl.ALUControl__c7': 2 gates, area 10.01, delay 1.00  critical output 'eq_44_1' @ ./dino_prp/ALUControl.prp:8
[pass.abc] region 'ALUControl.ALUControl__c8': 2 gates, area 8.76, delay 1.00  critical output 'eq_48_1' @ ./dino_prp/ALUControl.prp:8
[pass.abc] region 'ALUControl.ALUControl__c9': 2 gates, area 10.01, delay 1.00  critical output 'eq_52_1' @ ./dino_prp/ALUControl.prp:8
[pass.abc] region 'ALUControl.ALUControl__c10': 2 gates, area 10.01, delay 1.00  critical output 'eq_56_1' @ ./dino_prp/ALUControl.prp:8
[pass.abc] region 'ALUControl.ALUControl__c11': 2 gates, area 6.26, delay 1.00  critical output 'eq_60_1' @ ./dino_prp/ALUControl.prp:8
[pass.abc] region 'ALUControl.ALUControl__c12': 2 gates, area 3.75, delay 1.00  critical output 'eq_424_1' @ ./dino_prp/ALUControl.prp:36
[pass.abc] region 'ALUControl.ALUControl__c13': 27 gates, area 147.62, delay 4.00  critical output 'get_mask_428_1' @ ./dino_prp/ALUControl.prp:36
[pass.abc] region 'ALUControl.ALUControl__c14': cache hit -- 0 gates, area 0.00, delay -1000000000.00
[pass.abc] region 'DualIssueForwardingUnit.DualIssueForwardingUnit__c1': 66 gates, area 32.54, delay 1.00  critical output 'mux_240_1' @ ./dino_prp/DualIssueForwardingUnit.prp:13
[pass.abc] region 'DualIssueForwardingUnit.DualIssueForwardingUnit__c2': cache hit -- 66 gates, area 32.54, delay 1.00
[pass.abc] region 'DualIssueForwardingUnit.DualIssueForwardingUnit__c3': 66 gates, area 35.04, delay 1.00  critical output 'mux_620_1' @ ./dino_prp/DualIssueForwardingUnit.prp:38
[pass.abc] region 'DualIssueForwardingUnit.DualIssueForwardingUnit__c4': cache hit -- 66 gates, area 35.04, delay 1.00
[pass.abc] region 'DualIssueForwardingUnit.DualIssueForwardingUnit__c5': 6 gates, area 18.75, delay 1.00  critical output 'get_mask_16_1' @ ./dino_prp/DualIssueForwardingUnit.prp:1
[pass.abc] region 'DualIssueForwardingUnit.DualIssueForwardingUnit__c6': 6 gates, area 18.75, delay 1.00  critical output 'get_mask_20_1' @ ./dino_prp/DualIssueForwardingUnit.prp:1
[pass.abc] region 'DualIssueForwardingUnit.DualIssueForwardingUnit__c7': 6 gates, area 18.75, delay 1.00  critical output 'get_mask_24_1' @ ./dino_prp/DualIssueForwardingUnit.prp:1
[pass.abc] region 'DualIssueForwardingUnit.DualIssueForwardingUnit__c8': 6 gates, area 18.75, delay 1.00  critical output 'get_mask_28_1' @ ./dino_prp/DualIssueForwardingUnit.prp:1
[pass.abc] region 'DualIssueForwardingUnit.DualIssueForwardingUnit__c9': 6 gates, area 18.75, delay 1.00  critical output 'get_mask_32_1' @ ./dino_prp/DualIssueForwardingUnit.prp:1
[pass.abc] region 'DualIssueForwardingUnit.DualIssueForwardingUnit__c10': 2 gates, area 3.75, delay 1.00  critical output 'get_mask_36_1' @ ./dino_prp/DualIssueForwardingUnit.prp:1
[pass.abc] region 'DualIssueForwardingUnit.DualIssueForwardingUnit__c11': 6 gates, area 18.75, delay 1.00  critical output 'get_mask_40_1' @ ./dino_prp/DualIssueForwardingUnit.prp:1
[pass.abc] region 'DualIssueForwardingUnit.DualIssueForwardingUnit__c12': 2 gates, area 3.75, delay 1.00  critical output 'get_mask_44_1' @ ./dino_prp/DualIssueForwardingUnit.prp:1
[pass.abc] region 'DualIssueForwardingUnit.DualIssueForwardingUnit__c13': 6 gates, area 18.75, delay 1.00  critical output 'get_mask_48_1' @ ./dino_prp/DualIssueForwardingUnit.prp:1
[pass.abc] region 'DualIssueForwardingUnit.DualIssueForwardingUnit__c14': 2 gates, area 3.75, delay 1.00  critical output 'get_mask_52_1' @ ./dino_prp/DualIssueForwardingUnit.prp:1
[pass.abc] region 'DualIssueForwardingUnit.DualIssueForwardingUnit__c15': 6 gates, area 18.75, delay 1.00  critical output 'get_mask_56_1' @ ./dino_prp/DualIssueForwardingUnit.prp:1
[pass.abc] region 'DualIssueForwardingUnit.DualIssueForwardingUnit__c16': 2 gates, area 3.75, delay 1.00  critical output 'get_mask_60_1' @ ./dino_prp/DualIssueForwardingUnit.prp:1
[pass.abc] region 'DualIssueForwardingUnit.DualIssueForwardingUnit__c17': 11 gates, area 80.10, delay 3.00  critical output 'eq_176_1' @ ./dino_prp/DualIssueForwardingUnit.prp:11
[pass.abc] region 'DualIssueForwardingUnit.DualIssueForwardingUnit__c18': 13 gates, area 86.36, delay 3.00  critical output 'get_mask_180_1' @ ./dino_prp/DualIssueForwardingUnit.prp:11
Warning: The current network has no primary outputs. Some commands may not work correctly.
Warning: The current GIA has no primary outputs. Some commands may not work correctly.
Warning: The current GIA has no primary outputs. Some commands may not work correctly.
Warning: The current network has no primary outputs. Some commands may not work correctly.
Warning: The current GIA has no primary outputs. Some commands may not work correctly.
Warning: The current GIA has no primary outputs. Some commands may not work correctly.
Warning: The current GIA has no primary outputs. Some commands may not work correctly.
Warning: The current GIA has no primary outputs. Some commands may not work correctly.
Warning: The current network has no primary outputs. Some commands may not work correctly.
[pass.abc] region 'DualIssueForwardingUnit.DualIssueForwardingUnit__c19': 0 gates, area 0.00, delay -1000000000.00
[pass.abc] region 'DualIssueForwardingUnit.DualIssueForwardingUnit__c20': cache hit -- 11 gates, area 80.10, delay 3.00
[pass.abc] region 'DualIssueForwardingUnit.DualIssueForwardingUnit__c21': 4 gates, area 25.03, delay 1.00  critical output 'get_mask_208_1' @ ./dino_prp/DualIssueForwardingUnit.prp:12
[pass.abc] region 'DualIssueForwardingUnit.DualIssueForwardingUnit__c22': cache hit -- 0 gates, area 0.00, delay -1000000000.00
[pass.abc] region 'DualIssueForwardingUnit.DualIssueForwardingUnit__c23': cache hit -- 11 gates, area 80.10, delay 3.00
[pass.abc] region 'DualIssueForwardingUnit.DualIssueForwardingUnit__c24': 4 gates, area 25.03, delay 1.00  critical output 'get_mask_236_1' @ ./dino_prp/DualIssueForwardingUnit.prp:13
[pass.abc] region 'DualIssueForwardingUnit.DualIssueForwardingUnit__c25': cache hit -- 0 gates, area 0.00, delay -1000000000.00
[pass.abc] region 'DualIssueForwardingUnit.DualIssueForwardingUnit__c26': cache hit -- 11 gates, area 80.10, delay 3.00
[pass.abc] region 'DualIssueForwardingUnit.DualIssueForwardingUnit__c27': cache hit -- 13 gates, area 86.36, delay 3.00
[pass.abc] region 'DualIssueForwardingUnit.DualIssueForwardingUnit__c28': cache hit -- 0 gates, area 0.00, delay -1000000000.00
[pass.abc] region 'DualIssueForwardingUnit.DualIssueForwardingUnit__c29': cache hit -- 11 gates, area 80.10, delay 3.00
[pass.abc] region 'DualIssueForwardingUnit.DualIssueForwardingUnit__c30': cache hit -- 4 gates, area 25.03, delay 1.00
[pass.abc] region 'DualIssueForwardingUnit.DualIssueForwardingUnit__c31': cache hit -- 0 gates, area 0.00, delay -1000000000.00
[pass.abc] region 'DualIssueForwardingUnit.DualIssueForwardingUnit__c32': cache hit -- 11 gates, area 80.10, delay 3.00
[pass.abc] region 'DualIssueForwardingUnit.DualIssueForwardingUnit__c33': cache hit -- 4 gates, area 25.03, delay 1.00
[pass.abc] region 'DualIssueForwardingUnit.DualIssueForwardingUnit__c34': cache hit -- 0 gates, area 0.00, delay -1000000000.00
[pass.abc] region 'DualIssueForwardingUnit.DualIssueForwardingUnit__c35': uncacheable -- ambiguous boundary: two inputs the region uses identically
[pass.abc] region 'DualIssueForwardingUnit.DualIssueForwardingUnit__c35': 73 gates, area 63.82, delay 3.00  critical output 'mux_496_1' @ ./dino_prp/DualIssueForwardingUnit.prp:34
[pass.abc] region 'DualIssueForwardingUnit.DualIssueForwardingUnit__c36': cache hit -- 11 gates, area 80.10, delay 3.00
[pass.abc] region 'DualIssueForwardingUnit.DualIssueForwardingUnit__c37': 67 gates, area 17.52, delay 2.00  critical output 'and_532_1' @ ./dino_prp/DualIssueForwardingUnit.prp:36
[pass.abc] region 'DualIssueForwardingUnit.DualIssueForwardingUnit__c38': 68 gates, area 247.50, delay 1.00  critical output 'shl_536_1' @ ./dino_prp/DualIssueForwardingUnit.prp:36
[pass.abc] region 'DualIssueForwardingUnit.DualIssueForwardingUnit__c39': 4 gates, area 11.25, delay 1.00  critical output 'get_mask_544_1' @ ./dino_prp/DualIssueForwardingUnit.prp:36
Warning: The current network has no primary outputs. Some commands may not work correctly.
Warning: The current GIA has no primary outputs. Some commands may not work correctly.
Warning: The current GIA has no primary outputs. Some commands may not work correctly.
Warning: The current network has no primary outputs. Some commands may not work correctly.
Warning: The current GIA has no primary outputs. Some commands may not work correctly.
Warning: The current GIA has no primary outputs. Some commands may not work correctly.
Warning: The current GIA has no primary outputs. Some commands may not work correctly.
Warning: The current GIA has no primary outputs. Some commands may not work correctly.
Warning: The current network has no primary outputs. Some commands may not work correctly.
[pass.abc] region 'DualIssueForwardingUnit.DualIssueForwardingUnit__c40': 0 gates, area 0.00, delay -1000000000.00
[pass.abc] region 'DualIssueForwardingUnit.DualIssueForwardingUnit__c41': cache hit -- 0 gates, area 0.00, delay -1000000000.00
Warning: The current network has no primary outputs. Some commands may not work correctly.
Warning: The current GIA has no primary outputs. Some commands may not work correctly.
Warning: The current GIA has no primary outputs. Some commands may not work correctly.
Warning: The current network has no primary outputs. Some commands may not work correctly.
Warning: The current GIA has no primary outputs. Some commands may not work correctly.
Warning: The current GIA has no primary outputs. Some commands may not work correctly.
Warning: The current GIA has no primary outputs. Some commands may not work correctly.
Warning: The current GIA has no primary outputs. Some commands may not work correctly.
Warning: The current network has no primary outputs. Some commands may not work correctly.
[pass.abc] region 'DualIssueForwardingUnit.DualIssueForwardingUnit__c42': 0 gates, area 0.00, delay -1000000000.00
[pass.abc] region 'DualIssueForwardingUnit.DualIssueForwardingUnit__c43': cache hit -- 0 gates, area 0.00, delay -1000000000.00
[pass.abc] region 'DualIssueForwardingUnit.DualIssueForwardingUnit__c44': cache hit -- 0 gates, area 0.00, delay -1000000000.00
[pass.abc] region 'DualIssueForwardingUnit.DualIssueForwardingUnit__c45': cache hit -- 11 gates, area 80.10, delay 3.00
[pass.abc] region 'DualIssueForwardingUnit.DualIssueForwardingUnit__c46': 4 gates, area 27.53, delay 1.00  critical output 'get_mask_588_1' @ ./dino_prp/DualIssueForwardingUnit.prp:37
[pass.abc] region 'DualIssueForwardingUnit.DualIssueForwardingUnit__c47': cache hit -- 0 gates, area 0.00, delay -1000000000.00
[pass.abc] region 'DualIssueForwardingUnit.DualIssueForwardingUnit__c48': cache hit -- 11 gates, area 80.10, delay 3.00
[pass.abc] region 'DualIssueForwardingUnit.DualIssueForwardingUnit__c49': 4 gates, area 25.03, delay 1.00  critical output 'get_mask_616_1' @ ./dino_prp/DualIssueForwardingUnit.prp:38
[pass.abc] region 'DualIssueForwardingUnit.DualIssueForwardingUnit__c50': cache hit -- 0 gates, area 0.00, delay -1000000000.00
[pass.abc] region 'DualIssueForwardingUnit.DualIssueForwardingUnit__c51': uncacheable -- ambiguous boundary: two inputs the region uses identically
[pass.abc] region 'DualIssueForwardingUnit.DualIssueForwardingUnit__c51': 73 gates, area 63.82, delay 3.00  critical output 'mux_692_1' @ ./dino_prp/DualIssueForwardingUnit.prp:46
[pass.abc] region 'DualIssueForwardingUnit.DualIssueForwardingUnit__c52': cache hit -- 11 gates, area 80.10, delay 3.00
[pass.abc] region 'DualIssueForwardingUnit.DualIssueForwardingUnit__c53': cache hit -- 67 gates, area 17.52, delay 2.00
[pass.abc] region 'DualIssueForwardingUnit.DualIssueForwardingUnit__c54': cache hit -- 68 gates, area 247.50, delay 1.00
[pass.abc] region 'DualIssueForwardingUnit.DualIssueForwardingUnit__c55': cache hit -- 4 gates, area 11.25, delay 1.00
[pass.abc] region 'DualIssueForwardingUnit.DualIssueForwardingUnit__c56': cache hit -- 0 gates, area 0.00, delay -1000000000.00
[pass.abc] region 'DualIssueForwardingUnit.DualIssueForwardingUnit__c57': cache hit -- 0 gates, area 0.00, delay -1000000000.00
[pass.abc] region 'DualIssueForwardingUnit.DualIssueForwardingUnit__c58': cache hit -- 0 gates, area 0.00, delay -1000000000.00
[pass.abc] region 'DualIssueForwardingUnit.DualIssueForwardingUnit__c59': cache hit -- 0 gates, area 0.00, delay -1000000000.00
[pass.abc] region 'DualIssueForwardingUnit.DualIssueForwardingUnit__c60': cache hit -- 0 gates, area 0.00, delay -1000000000.00
[pass.abc] region 'DualIssueForwardingUnit.DualIssueForwardingUnit__c61': cache hit -- 11 gates, area 80.10, delay 3.00
[pass.abc] region 'DualIssueForwardingUnit.DualIssueForwardingUnit__c62': cache hit -- 4 gates, area 27.53, delay 1.00
[pass.abc] region 'DualIssueForwardingUnit.DualIssueForwardingUnit__c63': cache hit -- 0 gates, area 0.00, delay -1000000000.00
[pass.abc] region 'DualIssueForwardingUnit.DualIssueForwardingUnit__c64': cache hit -- 11 gates, area 80.10, delay 3.00
[pass.abc] region 'DualIssueForwardingUnit.DualIssueForwardingUnit__c65': cache hit -- 4 gates, area 25.03, delay 1.00
[pass.abc] region 'DualIssueForwardingUnit.DualIssueForwardingUnit__c66': cache hit -- 0 gates, area 0.00, delay -1000000000.00
[pass.abc] region 'DualIssueHazardUnit.DualIssueHazardUnit__c1': uncacheable -- ambiguous boundary: two inputs the region uses identically
[pass.abc] region 'DualIssueHazardUnit.DualIssueHazardUnit__c1': 2 gates, area 12.52, delay 1.00  critical output 'or_56_1' @ ./dino_prp/DualIssueHazardUnit.prp:5
[pass.abc] region 'DualIssueHazardUnit.DualIssueHazardUnit__c2': uncacheable -- ambiguous boundary: two inputs the region uses identically
[pass.abc] region 'DualIssueHazardUnit.DualIssueHazardUnit__c2': 66 gates, area 10.01, delay 1.00  critical output 'and_168_1' @ ./dino_prp/DualIssueHazardUnit.prp:15
[pass.abc] region 'DualIssueHazardUnit.DualIssueHazardUnit__c3': uncacheable -- ambiguous boundary: two inputs the region uses identically
[pass.abc] region 'DualIssueHazardUnit.DualIssueHazardUnit__c3': 66 gates, area 415.66, delay 1.00  critical output 'or_172_1' @ ./dino_prp/DualIssueHazardUnit.prp:17
[pass.abc] region 'DualIssueHazardUnit.DualIssueHazardUnit__c4': 6 gates, area 18.75, delay 1.00  critical output 'get_mask_16_1' @ ./dino_prp/DualIssueHazardUnit.prp:1
[pass.abc] region 'DualIssueHazardUnit.DualIssueHazardUnit__c5': 6 gates, area 18.75, delay 1.00  critical output 'get_mask_20_1' @ ./dino_prp/DualIssueHazardUnit.prp:1
[pass.abc] region 'DualIssueHazardUnit.DualIssueHazardUnit__c6': 6 gates, area 18.75, delay 1.00  critical output 'get_mask_24_1' @ ./dino_prp/DualIssueHazardUnit.prp:1
[pass.abc] region 'DualIssueHazardUnit.DualIssueHazardUnit__c7': 6 gates, area 18.75, delay 1.00  critical output 'get_mask_28_1' @ ./dino_prp/DualIssueHazardUnit.prp:1
[pass.abc] region 'DualIssueHazardUnit.DualIssueHazardUnit__c8': 6 gates, area 18.75, delay 1.00  critical output 'get_mask_36_1' @ ./dino_prp/DualIssueHazardUnit.prp:1
[pass.abc] region 'DualIssueHazardUnit.DualIssueHazardUnit__c9': 2 gates, area 3.75, delay 1.00  critical output 'get_mask_40_1' @ ./dino_prp/DualIssueHazardUnit.prp:1
[pass.abc] region 'DualIssueHazardUnit.DualIssueHazardUnit__c10': 6 gates, area 18.75, delay 1.00  critical output 'get_mask_48_1' @ ./dino_prp/DualIssueHazardUnit.prp:1
[pass.abc] region 'DualIssueHazardUnit.DualIssueHazardUnit__c11': 2 gates, area 3.75, delay 1.00  critical output 'get_mask_52_1' @ ./dino_prp/DualIssueHazardUnit.prp:1
[pass.abc] region 'DualIssueHazardUnit.DualIssueHazardUnit__c12': uncacheable -- ambiguous boundary: two inputs the region uses identically
[pass.abc] region 'DualIssueHazardUnit.DualIssueHazardUnit__c12': 98 gates, area 266.54, delay 4.00  critical output 'and_136_1' @ ./dino_prp/DualIssueHazardUnit.prp:14
[pass.abc] region 'DualIssueHazardUnit.DualIssueHazardUnit__c13': uncacheable -- ambiguous boundary: two inputs the region uses identically
[pass.abc] region 'DualIssueHazardUnit.DualIssueHazardUnit__c13': 98 gates, area 266.54, delay 4.00  critical output 'and_152_1' @ ./dino_prp/DualIssueHazardUnit.prp:14
Warning: 33 registers in this network have don't-care init values.
The don't-care are assumed to be 0. The result may not verify.
Use command "print_latch" to see the init values of registers.
Use command "zero" to convert or "init" to change the values.
[pass.abc] region 'StageReg.StageReg__c1': 167 gates, area 1204.76, delay 3.00  critical output 'reg_instruction_o' @ ./dino_prp/StageReg.prp:3
Warning: 65 registers in this network have don't-care init values.
The don't-care are assumed to be 0. The result may not verify.
Use command "print_latch" to see the init values of registers.
Use command "zero" to convert or "init" to change the values.
[pass.abc] region 'StageReg.StageReg__c2': 327 gates, area 2365.72, delay 3.00  critical output 'reg_pc_o' @ ./dino_prp/StageReg.prp:4
Warning: 2 registers in this network have don't-care init values.
The don't-care are assumed to be 0. The result may not verify.
Use command "print_latch" to see the init values of registers.
Use command "zero" to convert or "init" to change the values.
[pass.abc] region 'StageReg.StageReg__c3': 4 gates, area 22.52, delay 1.00  critical output 'reg_isValid_o' @ ./dino_prp/StageReg.prp:5
[pass.abc] region 'StageReg.StageReg__c4': 2 gates, area 3.75, delay 1.00  critical output 'get_mask_36_1' @ ./dino_prp/StageReg.prp:1
[pass.abc] region 'StageReg.StageReg__c5': 2 gates, area 3.75, delay 1.00  critical output 'get_mask_40_1' @ ./dino_prp/StageReg.prp:1
[pass.abc] region 'StageReg.StageReg__c6': 2 gates, area 3.75, delay 1.00  critical output 'eq_60_1' @ ./dino_prp/StageReg.prp:6
[pass.abc] region 'StageReg.StageReg__c7': 2 gates, area 6.26, delay 1.00  critical output 'eq_68_1' @ ./dino_prp/StageReg.prp:11
[pass.abc] region 'StageReg.StageReg__c8': cache hit -- 2 gates, area 6.26, delay 1.00
[pass.abc] region 'StageReg.StageReg__c9': cache hit -- 2 gates, area 6.26, delay 1.00
[pass.abc] region 'StageReg.StageReg__c10': 2 gates, area 3.75, delay 1.00  critical output 'and_124_1' @ ./dino_prp/StageReg.prp:21
[pass.abc] region 'StageReg.StageReg__c11': 2 gates, area 3.75, delay 1.00  critical output 'and_128_1' @ ./dino_prp/StageReg.prp:21
[pass.abc] region 'StageReg.StageReg__c12': 68 gates, area 27.53, delay 2.00  critical output 'mux_132_1' @ ./dino_prp/StageReg.prp:21
[pass.abc] region 'StageReg.StageReg__c13': 2 gates, area 7.50, delay 1.00  critical output 'not_144_1' @ ./dino_prp/StageReg.prp:22
[pass.abc] region 'StageReg.StageReg__c14': 66 gates, area 6.26, delay 1.00  critical output 'and_152_1' @ ./dino_prp/StageReg.prp:22
[pass.abc] region 'StageReg.StageReg__c15': cache hit -- 0 gates, area 0.00, delay -1000000000.00
[pass.abc] region 'StageReg.StageReg__c16': cache hit -- 0 gates, area 0.00, delay -1000000000.00
[pass.abc] region 'StageReg.StageReg__c17': cache hit -- 0 gates, area 0.00, delay -1000000000.00
[pass.abc] region 'StageReg.StageReg__c18': cache hit -- 0 gates, area 0.00, delay -1000000000.00
Warning: The current network has no primary outputs. Some commands may not work correctly.
Warning: The current GIA has no primary outputs. Some commands may not work correctly.
Warning: The current GIA has no primary outputs. Some commands may not work correctly.
Warning: The current network has no primary outputs. Some commands may not work correctly.
Warning: The current GIA has no primary outputs. Some commands may not work correctly.
Warning: The current GIA has no primary outputs. Some commands may not work correctly.
Warning: The current GIA has no primary outputs. Some commands may not work correctly.
Warning: The current GIA has no primary outputs. Some commands may not work correctly.
Warning: The current network has no primary outputs. Some commands may not work correctly.
[pass.abc] region 'StageReg.StageReg__c19': 0 gates, area 0.00, delay -1000000000.00
[pass.abc] region 'StageReg.StageReg__c20': cache hit -- 0 gates, area 0.00, delay -1000000000.00
[pass.abc] region 'StageReg.StageReg__c21': cache hit -- 0 gates, area 0.00, delay -1000000000.00
Warning: The current network has no primary outputs. Some commands may not work correctly.
Warning: The current GIA has no primary outputs. Some commands may not work correctly.
Warning: The current GIA has no primary outputs. Some commands may not work correctly.
Warning: The current network has no primary outputs. Some commands may not work correctly.
Warning: The current GIA has no primary outputs. Some commands may not work correctly.
Warning: The current GIA has no primary outputs. Some commands may not work correctly.
Warning: The current GIA has no primary outputs. Some commands may not work correctly.
Warning: The current GIA has no primary outputs. Some commands may not work correctly.
Warning: The current network has no primary outputs. Some commands may not work correctly.
[pass.abc] region 'StageReg.StageReg__c22': 0 gates, area 0.00, delay -1000000000.00
[pass.abc] region 'StageReg.StageReg__c23': cache hit -- 0 gates, area 0.00, delay -1000000000.00
[pass.abc] region 'StageReg.StageReg__c24': cache hit -- 0 gates, area 0.00, delay -1000000000.00
Warning: 65 registers in this network have don't-care init values.
The don't-care are assumed to be 0. The result may not verify.
Use command "print_latch" to see the init values of registers.
Use command "zero" to convert or "init" to change the values.
[pass.abc] region 'StageReg_2.StageReg_2__c1': 130 gates, area 731.90, delay 1.00  critical output 'reg_pc_o' @ ./dino_prp/StageReg_2.prp:7
Warning: 65 registers in this network have don't-care init values.
The don't-care are assumed to be 0. The result may not verify.
Use command "print_latch" to see the init values of registers.
Use command "zero" to convert or "init" to change the values.
[pass.abc] region 'StageReg_2.StageReg_2__c2': 130 gates, area 731.90, delay 1.00  critical output 'reg_instruction_o' @ ./dino_prp/StageReg_2.prp:8
Warning: 65 registers in this network have don't-care init values.
The don't-care are assumed to be 0. The result may not verify.
Use command "print_latch" to see the init values of registers.
Use command "zero" to convert or "init" to change the values.
[pass.abc] region 'StageReg_2.StageReg_2__c3': 130 gates, area 731.90, delay 1.00  critical output 'reg_sextImm_o' @ ./dino_prp/StageReg_2.prp:9
Warning: 65 registers in this network have don't-care init values.
The don't-care are assumed to be 0. The result may not verify.
Use command "print_latch" to see the init values of registers.
Use command "zero" to convert or "init" to change the values.
[pass.abc] region 'StageReg_2.StageReg_2__c4': 130 gates, area 731.90, delay 1.00  critical output 'reg_readdata1_o' @ ./dino_prp/StageReg_2.prp:10
Warning: 65 registers in this network have don't-care init values.
The don't-care are assumed to be 0. The result may not verify.
Use command "print_latch" to see the init values of registers.
Use command "zero" to convert or "init" to change the values.
[pass.abc] region 'StageReg_2.StageReg_2__c5': 130 gates, area 731.90, delay 1.00  critical output 'reg_readdata2_o' @ ./dino_prp/StageReg_2.prp:11
Warning: 2 registers in this network have don't-care init values.
The don't-care are assumed to be 0. The result may not verify.
Use command "print_latch" to see the init values of registers.
Use command "zero" to convert or "init" to change the values.
[pass.abc] region 'StageReg_2.StageReg_2__c6': 4 gates, area 22.52, delay 1.00  critical output 'reg_isValid_o' @ ./dino_prp/StageReg_2.prp:12
[pass.abc] region 'StageReg_2.StageReg_2__c7': cache hit -- 2 gates, area 3.75, delay 1.00
[pass.abc] region 'StageReg_2.StageReg_2__c8': cache hit -- 2 gates, area 3.75, delay 1.00
[pass.abc] region 'StageReg_2.StageReg_2__c9': cache hit -- 2 gates, area 6.26, delay 1.00
[pass.abc] region 'StageReg_2.StageReg_2__c10': 65 gates, area 240.00, delay 1.00  critical output 'get_mask_92_1' @ ./dino_prp/StageReg_2.prp:22
[pass.abc] region 'StageReg_2.StageReg_2__c11': 66 gates, area 488.15, delay 1.00  critical output 'mux_96_1' @ ./dino_prp/StageReg_2.prp:22
[pass.abc] region 'StageReg_2.StageReg_2__c12': 65 gates, area 240.00, delay 1.00  critical output 'get_mask_104_1' @ ./dino_prp/StageReg_2.prp:24
[pass.abc] region 'StageReg_2.StageReg_2__c13': cache hit -- 2 gates, area 6.26, delay 1.00
[pass.abc] region 'StageReg_2.StageReg_2__c14': cache hit -- 66 gates, area 488.15, delay 1.00
[pass.abc] region 'StageReg_2.StageReg_2__c15': 65 gates, area 240.00, delay 1.00  critical output 'get_mask_120_1' @ ./dino_prp/StageReg_2.prp:30
[pass.abc] region 'StageReg_2.StageReg_2__c16': cache hit -- 2 gates, area 6.26, delay 1.00
[pass.abc] region 'StageReg_2.StageReg_2__c17': cache hit -- 66 gates, area 488.15, delay 1.00
[pass.abc] region 'StageReg_2.StageReg_2__c18': 65 gates, area 240.00, delay 1.00  critical output 'get_mask_136_1' @ ./dino_prp/StageReg_2.prp:36
[pass.abc] region 'StageReg_2.StageReg_2__c19': cache hit -- 2 gates, area 6.26, delay 1.00
[pass.abc] region 'StageReg_2.StageReg_2__c20': cache hit -- 66 gates, area 488.15, delay 1.00
[pass.abc] region 'StageReg_2.StageReg_2__c21': 65 gates, area 240.00, delay 1.00  critical output 'get_mask_152_1' @ ./dino_prp/StageReg_2.prp:42
[pass.abc] region 'StageReg_2.StageReg_2__c22': cache hit -- 2 gates, area 6.26, delay 1.00
[pass.abc] region 'StageReg_2.StageReg_2__c23': cache hit -- 66 gates, area 488.15, delay 1.00
[pass.abc] region 'StageReg_2.StageReg_2__c24': cache hit -- 2 gates, area 7.50, delay 1.00
[pass.abc] region 'StageReg_2.StageReg_2__c25': 2 gates, area 6.26, delay 1.00  critical output 'and_176_1' @ ./dino_prp/StageReg_2.prp:47
[pass.abc] region 'StageReg_2.StageReg_2__c26': cache hit -- 0 gates, area 0.00, delay -1000000000.00
[pass.abc] region 'StageReg_2.StageReg_2__c27': cache hit -- 0 gates, area 0.00, delay -1000000000.00
[pass.abc] region 'StageReg_2.StageReg_2__c28': cache hit -- 0 gates, area 0.00, delay -1000000000.00
[pass.abc] region 'StageReg_2.StageReg_2__c29': cache hit -- 0 gates, area 0.00, delay -1000000000.00
[pass.abc] region 'StageReg_2.StageReg_2__c30': cache hit -- 0 gates, area 0.00, delay -1000000000.00
[pass.abc] region 'StageReg_2.StageReg_2__c31': cache hit -- 0 gates, area 0.00, delay -1000000000.00
Warning: The current network has no primary outputs. Some commands may not work correctly.
Warning: The current GIA has no primary outputs. Some commands may not work correctly.
Warning: The current GIA has no primary outputs. Some commands may not work correctly.
Warning: The current network has no primary outputs. Some commands may not work correctly.
Warning: The current GIA has no primary outputs. Some commands may not work correctly.
Warning: The current GIA has no primary outputs. Some commands may not work correctly.
Warning: The current GIA has no primary outputs. Some commands may not work correctly.
Warning: The current GIA has no primary outputs. Some commands may not work correctly.
Warning: The current network has no primary outputs. Some commands may not work correctly.
[pass.abc] region 'StageReg_2.StageReg_2__c32': 0 gates, area 0.00, delay -1000000000.00
[pass.abc] region 'StageReg_2.StageReg_2__c33': cache hit -- 0 gates, area 0.00, delay -1000000000.00
[pass.abc] region 'StageReg_2.StageReg_2__c34': cache hit -- 0 gates, area 0.00, delay -1000000000.00
[pass.abc] region 'StageReg_2.StageReg_2__c35': cache hit -- 0 gates, area 0.00, delay -1000000000.00
[pass.abc] region 'StageReg_2.StageReg_2__c36': cache hit -- 0 gates, area 0.00, delay -1000000000.00
[pass.abc] region 'StageReg_2.StageReg_2__c37': cache hit -- 0 gates, area 0.00, delay -1000000000.00
[pass.abc] region 'StageReg_2.StageReg_2__c38': cache hit -- 0 gates, area 0.00, delay -1000000000.00
[pass.abc] region 'StageReg_2.StageReg_2__c39': cache hit -- 0 gates, area 0.00, delay -1000000000.00
[pass.abc] region 'StageReg_2.StageReg_2__c40': cache hit -- 0 gates, area 0.00, delay -1000000000.00
[pass.abc] region 'StageReg_2.StageReg_2__c41': cache hit -- 0 gates, area 0.00, delay -1000000000.00
[pass.abc] region 'StageReg_2.StageReg_2__c42': cache hit -- 0 gates, area 0.00, delay -1000000000.00
[pass.abc] region 'StageReg_2.StageReg_2__c43': cache hit -- 0 gates, area 0.00, delay -1000000000.00
[pass.abc] region 'StageReg_2.StageReg_2__c44': cache hit -- 0 gates, area 0.00, delay -1000000000.00
Warning: 2 registers in this network have don't-care init values.
The don't-care are assumed to be 0. The result may not verify.
Use command "print_latch" to see the init values of registers.
Use command "zero" to convert or "init" to change the values.
[pass.abc] region 'StageReg_4.StageReg_4__c1': 4 gates, area 22.52, delay 1.00  critical output 'reg_ex_ctrl_itype_o' @ ./dino_prp/StageReg_4.prp:5
Warning: 2 registers in this network have don't-care init values.
The don't-care are assumed to be 0. The result may not verify.
Use command "print_latch" to see the init values of registers.
Use command "zero" to convert or "init" to change the values.
[pass.abc] region 'StageReg_4.StageReg_4__c2': 4 gates, area 22.52, delay 1.00  critical output 'reg_ex_ctrl_aluop_o' @ ./dino_prp/StageReg_4.prp:6
Warning: 2 registers in this network have don't-care init values.
The don't-care are assumed to be 0. The result may not verify.
Use command "print_latch" to see the init values of registers.
Use command "zero" to convert or "init" to change the values.
[pass.abc] region 'StageReg_4.StageReg_4__c3': 4 gates, area 22.52, delay 1.00  critical output 'reg_ex_ctrl_src1_o' @ ./dino_prp/StageReg_4.prp:7
Warning: 3 registers in this network have don't-care init values.
The don't-care are assumed to be 0. The result may not verify.
Use command "print_latch" to see the init values of registers.
Use command "zero" to convert or "init" to change the values.
[pass.abc] region 'StageReg_4.StageReg_4__c4': 6 gates, area 33.78, delay 1.00  critical output 'reg_ex_ctrl_src2_o' @ ./dino_prp/StageReg_4.prp:8
Warning: 2 registers in this network have don't-care init values.
The don't-care are assumed to be 0. The result may not verify.
Use command "print_latch" to see the init values of registers.
Use command "zero" to convert or "init" to change the values.
[pass.abc] region 'StageReg_4.StageReg_4__c5': 4 gates, area 22.52, delay 1.00  critical output 'reg_ex_ctrl_branch_o' @ ./dino_prp/StageReg_4.prp:9
Warning: 3 registers in this network have don't-care init values.
The don't-care are assumed to be 0. The result may not verify.
Use command "print_latch" to see the init values of registers.
Use command "zero" to convert or "init" to change the values.
[pass.abc] region 'StageReg_4.StageReg_4__c6': 6 gates, area 33.78, delay 1.00  critical output 'reg_ex_ctrl_jumptype_o' @ ./dino_prp/StageReg_4.prp:10
Warning: 2 registers in this network have don't-care init values.
The don't-care are assumed to be 0. The result may not verify.
Use command "print_latch" to see the init values of registers.
Use command "zero" to convert or "init" to change the values.
[pass.abc] region 'StageReg_4.StageReg_4__c7': 4 gates, area 22.52, delay 1.00  critical output 'reg_ex_ctrl_resultselect_o' @ ./dino_prp/StageReg_4.prp:11
Warning: 2 registers in this network have don't-care init values.
The don't-care are assumed to be 0. The result may not verify.
Use command "print_latch" to see the init values of registers.
Use command "zero" to convert or "init" to change the values.
[pass.abc] region 'StageReg_4.StageReg_4__c8': 4 gates, area 22.52, delay 1.00  critical output 'reg_ex_ctrl_wordinst_o' @ ./dino_prp/StageReg_4.prp:12
Warning: 3 registers in this network have don't-care init values.
The don't-care are assumed to be 0. The result may not verify.
Use command "print_latch" to see the init values of registers.
Use command "zero" to convert or "init" to change the values.
[pass.abc] region 'StageReg_4.StageReg_4__c9': 6 gates, area 33.78, delay 1.00  critical output 'reg_mem_ctrl_memop_o' @ ./dino_prp/StageReg_4.prp:13
Warning: 2 registers in this network have don't-care init values.
The don't-care are assumed to be 0. The result may not verify.
Use command "print_latch" to see the init values of registers.
Use command "zero" to convert or "init" to change the values.
[pass.abc] region 'StageReg_4.StageReg_4__c10': 4 gates, area 22.52, delay 1.00  critical output 'reg_wb_ctrl_toreg_o' @ ./dino_prp/StageReg_4.prp:14
Warning: 2 registers in this network have don't-care init values.
The don't-care are assumed to be 0. The result may not verify.
Use command "print_latch" to see the init values of registers.
Use command "zero" to convert or "init" to change the values.
[pass.abc] region 'StageReg_4.StageReg_4__c11': 4 gates, area 22.52, delay 1.00  critical output 'reg_wb_ctrl_regwrite_o' @ ./dino_prp/StageReg_4.prp:15
[pass.abc] region 'StageReg_4.StageReg_4__c12': cache hit -- 2 gates, area 3.75, delay 1.00
[pass.abc] region 'StageReg_4.StageReg_4__c13': cache hit -- 2 gates, area 3.75, delay 1.00
[pass.abc] region 'StageReg_4.StageReg_4__c14': 3 gates, area 7.50, delay 1.00  critical output 'get_mask_124_1' @ ./dino_prp/StageReg_4.prp:30
[pass.abc] region 'StageReg_4.StageReg_4__c15': cache hit -- 2 gates, area 7.50, delay 1.00
[pass.abc] region 'StageReg_4.StageReg_4__c16': 2 gates, area 6.26, delay 1.00  critical output 'and_136_1' @ ./dino_prp/StageReg_4.prp:31
[pass.abc] region 'StageReg_4.StageReg_4__c17': cache hit -- 2 gates, area 7.50, delay 1.00
[pass.abc] region 'StageReg_4.StageReg_4__c18': 2 gates, area 6.26, delay 1.00  critical output 'and_148_1' @ ./dino_prp/StageReg_4.prp:32
[pass.abc] region 'StageReg_4.StageReg_4__c19': cache hit -- 2 gates, area 7.50, delay 1.00
[pass.abc] region 'StageReg_4.StageReg_4__c20': 2 gates, area 6.26, delay 1.00  critical output 'and_160_1' @ ./dino_prp/StageReg_4.prp:33
[pass.abc] region 'StageReg_4.StageReg_4__c21': cache hit -- 2 gates, area 6.26, delay 1.00
[pass.abc] region 'StageReg_4.StageReg_4__c22': 4 gates, area 22.53, delay 1.00  critical output 'mux_172_1' @ ./dino_prp/StageReg_4.prp:34
[pass.abc] region 'StageReg_4.StageReg_4__c23': 3 gates, area 7.50, delay 1.00  critical output 'get_mask_176_1' @ ./dino_prp/StageReg_4.prp:38
[pass.abc] region 'StageReg_4.StageReg_4__c24': cache hit -- 2 gates, area 7.50, delay 1.00
[pass.abc] region 'StageReg_4.StageReg_4__c25': 2 gates, area 6.26, delay 1.00  critical output 'and_188_1' @ ./dino_prp/StageReg_4.prp:39
[pass.abc] region 'StageReg_4.StageReg_4__c26': cache hit -- 2 gates, area 6.26, delay 1.00
[pass.abc] region 'StageReg_4.StageReg_4__c27': cache hit -- 4 gates, area 22.53, delay 1.00
[pass.abc] region 'StageReg_4.StageReg_4__c28': 3 gates, area 7.50, delay 1.00  critical output 'get_mask_204_1' @ ./dino_prp/StageReg_4.prp:45
[pass.abc] region 'StageReg_4.StageReg_4__c29': cache hit -- 2 gates, area 7.50, delay 1.00
[pass.abc] region 'StageReg_4.StageReg_4__c30': 2 gates, area 6.26, delay 1.00  critical output 'and_216_1' @ ./dino_prp/StageReg_4.prp:47
[pass.abc] region 'StageReg_4.StageReg_4__c31': cache hit -- 2 gates, area 7.50, delay 1.00
[pass.abc] region 'StageReg_4.StageReg_4__c32': 2 gates, area 6.26, delay 1.00  critical output 'and_228_1' @ ./dino_prp/StageReg_4.prp:48
[pass.abc] region 'StageReg_4.StageReg_4__c33': cache hit -- 2 gates, area 6.26, delay 1.00
[pass.abc] region 'StageReg_4.StageReg_4__c34': cache hit -- 4 gates, area 22.53, delay 1.00
[pass.abc] region 'StageReg_4.StageReg_4__c35': cache hit -- 2 gates, area 7.50, delay 1.00
[pass.abc] region 'StageReg_4.StageReg_4__c36': 2 gates, area 6.26, delay 1.00  critical output 'and_252_1' @ ./dino_prp/StageReg_4.prp:53
[pass.abc] region 'StageReg_4.StageReg_4__c37': cache hit -- 2 gates, area 7.50, delay 1.00
[pass.abc] region 'StageReg_4.StageReg_4__c38': 2 gates, area 6.26, delay 1.00  critical output 'and_264_1' @ ./dino_prp/StageReg_4.prp:54
[pass.abc] region 'StageReg_4.StageReg_4__c39': cache hit -- 0 gates, area 0.00, delay -1000000000.00
[pass.abc] region 'StageReg_4.StageReg_4__c40': cache hit -- 0 gates, area 0.00, delay -1000000000.00
[pass.abc] region 'StageReg_4.StageReg_4__c41': cache hit -- 0 gates, area 0.00, delay -1000000000.00
[pass.abc] region 'StageReg_4.StageReg_4__c42': cache hit -- 0 gates, area 0.00, delay -1000000000.00
[pass.abc] region 'StageReg_4.StageReg_4__c43': cache hit -- 0 gates, area 0.00, delay -1000000000.00
[pass.abc] region 'StageReg_4.StageReg_4__c44': cache hit -- 0 gates, area 0.00, delay -1000000000.00
[pass.abc] region 'StageReg_4.StageReg_4__c45': cache hit -- 0 gates, area 0.00, delay -1000000000.00
[pass.abc] region 'StageReg_4.StageReg_4__c46': cache hit -- 0 gates, area 0.00, delay -1000000000.00
[pass.abc] region 'StageReg_4.StageReg_4__c47': cache hit -- 0 gates, area 0.00, delay -1000000000.00
[pass.abc] region 'StageReg_4.StageReg_4__c48': cache hit -- 0 gates, area 0.00, delay -1000000000.00
[pass.abc] region 'StageReg_4.StageReg_4__c49': cache hit -- 0 gates, area 0.00, delay -1000000000.00
[pass.abc] region 'StageReg_4.StageReg_4__c50': cache hit -- 0 gates, area 0.00, delay -1000000000.00
[pass.abc] region 'StageReg_4.StageReg_4__c51': cache hit -- 0 gates, area 0.00, delay -1000000000.00
[pass.abc] region 'StageReg_4.StageReg_4__c52': cache hit -- 0 gates, area 0.00, delay -1000000000.00
[pass.abc] region 'StageReg_4.StageReg_4__c53': cache hit -- 0 gates, area 0.00, delay -1000000000.00
[pass.abc] region 'StageReg_4.StageReg_4__c54': cache hit -- 0 gates, area 0.00, delay -1000000000.00
[pass.abc] region 'StageReg_4.StageReg_4__c55': cache hit -- 0 gates, area 0.00, delay -1000000000.00
[pass.abc] region 'StageReg_4.StageReg_4__c56': cache hit -- 0 gates, area 0.00, delay -1000000000.00
[pass.abc] region 'StageReg_4.StageReg_4__c57': cache hit -- 0 gates, area 0.00, delay -1000000000.00
[pass.abc] region 'StageReg_4.StageReg_4__c58': cache hit -- 0 gates, area 0.00, delay -1000000000.00
[pass.abc] region 'StageReg_4.StageReg_4__c59': cache hit -- 0 gates, area 0.00, delay -1000000000.00
[pass.abc] region 'StageReg_4.StageReg_4__c60': cache hit -- 0 gates, area 0.00, delay -1000000000.00
[pass.abc] region 'StageReg_4.StageReg_4__c61': cache hit -- 0 gates, area 0.00, delay -1000000000.00
[pass.abc] region 'StageReg_4.StageReg_4__c62': cache hit -- 0 gates, area 0.00, delay -1000000000.00
[pass.abc] region 'StageReg_4.StageReg_4__c63': cache hit -- 0 gates, area 0.00, delay -1000000000.00
[pass.abc] region 'StageReg_4.StageReg_4__c64': cache hit -- 0 gates, area 0.00, delay -1000000000.00
[pass.abc] region 'StageReg_4.StageReg_4__c65': cache hit -- 0 gates, area 0.00, delay -1000000000.00
[pass.abc] region 'StageReg_4.StageReg_4__c66': cache hit -- 0 gates, area 0.00, delay -1000000000.00
[pass.abc] region 'StageReg_4.StageReg_4__c67': cache hit -- 0 gates, area 0.00, delay -1000000000.00
[pass.abc] region 'StageReg_4.StageReg_4__c68': cache hit -- 0 gates, area 0.00, delay -1000000000.00
Warning: The current network has no primary outputs. Some commands may not work correctly.
Warning: The current GIA has no primary outputs. Some commands may not work correctly.
Warning: The current GIA has no primary outputs. Some commands may not work correctly.
Warning: The current network has no primary outputs. Some commands may not work correctly.
Warning: The current GIA has no primary outputs. Some commands may not work correctly.
Warning: The current GIA has no primary outputs. Some commands may not work correctly.
Warning: The current GIA has no primary outputs. Some commands may not work correctly.
Warning: The current GIA has no primary outputs. Some commands may not work correctly.
Warning: The current network has no primary outputs. Some commands may not work correctly.
[pass.abc] region 'StageReg_4.StageReg_4__c69': 0 gates, area 0.00, delay -1000000000.00
[pass.abc] region 'StageReg_4.StageReg_4__c70': cache hit -- 0 gates, area 0.00, delay -1000000000.00
[pass.abc] region 'StageReg_4.StageReg_4__c71': cache hit -- 0 gates, area 0.00, delay -1000000000.00
Warning: 3 registers in this network have don't-care init values.
The don't-care are assumed to be 0. The result may not verify.
Use command "print_latch" to see the init values of registers.
Use command "zero" to convert or "init" to change the values.
[pass.abc] region 'StageReg_8.StageReg_8__c1': 6 gates, area 33.78, delay 1.00  critical output 'reg_mem_ctrl_memop_o' @ ./dino_prp/StageReg_8.prp:3
[pass.abc] region 'StageReg_8.StageReg_8__c2': cache hit -- 4 gates, area 22.52, delay 1.00
[pass.abc] region 'StageReg_8.StageReg_8__c3': cache hit -- 4 gates, area 22.52, delay 1.00
[pass.abc] region 'StageReg_8.StageReg_8__c4': cache hit -- 2 gates, area 3.75, delay 1.00
[pass.abc] region 'StageReg_8.StageReg_8__c5': cache hit -- 2 gates, area 3.75, delay 1.00
[pass.abc] region 'StageReg_8.StageReg_8__c6': cache hit -- 2 gates, area 6.26, delay 1.00
[pass.abc] region 'StageReg_8.StageReg_8__c7': cache hit -- 3 gates, area 7.50, delay 1.00
[pass.abc] region 'StageReg_8.StageReg_8__c8': cache hit -- 66 gates, area 22.53, delay 1.00
[pass.abc] region 'StageReg_8.StageReg_8__c9': cache hit -- 2 gates, area 7.50, delay 1.00
[pass.abc] region 'StageReg_8.StageReg_8__c10': cache hit -- 2 gates, area 6.26, delay 1.00
[pass.abc] region 'StageReg_8.StageReg_8__c11': cache hit -- 2 gates, area 7.50, delay 1.00
[pass.abc] region 'StageReg_8.StageReg_8__c12': cache hit -- 2 gates, area 6.26, delay 1.00
[pass.abc] region 'StageReg_8.StageReg_8__c13': cache hit -- 0 gates, area 0.00, delay -1000000000.00
[pass.abc] region 'StageReg_8.StageReg_8__c14': cache hit -- 0 gates, area 0.00, delay -1000000000.00
Warning: The current network has no primary outputs. Some commands may not work correctly.
Warning: The current GIA has no primary outputs. Some commands may not work correctly.
Warning: The current GIA has no primary outputs. Some commands may not work correctly.
Warning: The current network has no primary outputs. Some commands may not work correctly.
Warning: The current GIA has no primary outputs. Some commands may not work correctly.
Warning: The current GIA has no primary outputs. Some commands may not work correctly.
Warning: The current GIA has no primary outputs. Some commands may not work correctly.
Warning: The current GIA has no primary outputs. Some commands may not work correctly.
Warning: The current network has no primary outputs. Some commands may not work correctly.
[pass.abc] region 'StageReg_8.StageReg_8__c15': 0 gates, area 0.00, delay -1000000000.00
[pass.abc] region 'StageReg_8.StageReg_8__c16': cache hit -- 0 gates, area 0.00, delay -1000000000.00
[pass.abc] region 'StageReg_8.StageReg_8__c17': cache hit -- 0 gates, area 0.00, delay -1000000000.00
[pass.abc] region 'StageReg_8.StageReg_8__c18': cache hit -- 0 gates, area 0.00, delay -1000000000.00
[pass.abc] region 'StageReg_8.StageReg_8__c19': cache hit -- 0 gates, area 0.00, delay -1000000000.00
[pass.abc] region 'StageReg_8.StageReg_8__c20': cache hit -- 0 gates, area 0.00, delay -1000000000.00
[pass.abc] region 'StageReg_8.StageReg_8__c21': cache hit -- 0 gates, area 0.00, delay -1000000000.00
[pass.abc] region 'StageReg_8.StageReg_8__c22': cache hit -- 0 gates, area 0.00, delay -1000000000.00
Warning: 65 registers in this network have don't-care init values.
The don't-care are assumed to be 0. The result may not verify.
Use command "print_latch" to see the init values of registers.
Use command "zero" to convert or "init" to change the values.
[pass.abc] region 'StageReg_10.StageReg_10__c1': 130 gates, area 724.39, delay 1.00  critical output 'reg_readdata_o' @ ./dino_prp/StageReg_10.prp:2
Warning: 65 registers in this network have don't-care init values.
The don't-care are assumed to be 0. The result may not verify.
Use command "print_latch" to see the init values of registers.
Use command "zero" to convert or "init" to change the values.
[pass.abc] region 'StageReg_10.StageReg_10__c2': 130 gates, area 724.39, delay 1.00  critical output 'reg_ex_result_o' @ ./dino_prp/StageReg_10.prp:3
Warning: 65 registers in this network have don't-care init values.
The don't-care are assumed to be 0. The result may not verify.
Use command "print_latch" to see the init values of registers.
Use command "zero" to convert or "init" to change the values.
[pass.abc] region 'StageReg_10.StageReg_10__c3': 130 gates, area 724.39, delay 1.00  critical output 'reg_instruction_o' @ ./dino_prp/StageReg_10.prp:4
[pass.abc] region 'StageReg_10.StageReg_10__c4': cache hit -- 2 gates, area 3.75, delay 1.00
Warning: 2 registers in this network have don't-care init values.
The don't-care are assumed to be 0. The result may not verify.
Use command "print_latch" to see the init values of registers.
Use command "zero" to convert or "init" to change the values.
[pass.abc] region 'StageReg_12.StageReg_12__c1': 4 gates, area 15.01, delay 1.00  critical output 'reg_wb_ctrl_toreg_o' @ ./dino_prp/StageReg_12.prp:2
Warning: 2 registers in this network have don't-care init values.
The don't-care are assumed to be 0. The result may not verify.
Use command "print_latch" to see the init values of registers.
Use command "zero" to convert or "init" to change the values.
[pass.abc] region 'StageReg_12.StageReg_12__c2': 4 gates, area 15.01, delay 1.00  critical output 'reg_wb_ctrl_regwrite_o' @ ./dino_prp/StageReg_12.prp:3
[pass.abc] region 'StageReg_12.StageReg_12__c3': cache hit -- 2 gates, area 3.75, delay 1.00
[pass.abc] region 'ALU.ALU__c1': uncacheable -- ambiguous boundary: two inputs the region uses identically
[pass.abc] region 'ALU.ALU__c1': 3150 gates, area 18434.70, delay 67.00  critical output 'hotmux_5060_1' @ ./dino_prp/ALU.prp:26
[pass.abc] region 'ALU.ALU__c2': 6 gates, area 18.75, delay 1.00  critical output 'get_mask_16_1' @ ./dino_prp/ALU.prp:1
[pass.abc] region 'ALU.ALU__c3': 65 gates, area 240.00, delay 1.00  critical output 'get_mask_20_1' @ ./dino_prp/ALU.prp:1
[pass.abc] region 'ALU.ALU__c4': 65 gates, area 240.00, delay 1.00  critical output 'get_mask_24_1' @ ./dino_prp/ALU.prp:1
[pass.abc] region 'ALU.ALU__c5': uncacheable -- ambiguous boundary: two inputs the region uses identically
[pass.abc] region 'ALU.ALU__c5': 125 gates, area 970.94, delay 32.00  critical output 'get_mask_40_1' @ ./dino_prp/ALU.prp:20
[pass.abc] region 'ALU.ALU__c6': 173 gates, area 1511.05, delay 5.00  critical output 'get_mask_76_1' @ ./dino_prp/ALU.prp:21
[pass.abc] region 'ALU.ALU__c7': uncacheable -- ambiguous boundary: two inputs the region uses identically
[pass.abc] region 'ALU.ALU__c7': 97 gates, area 855.92, delay 32.00  critical output 'get_mask_92_1' @ ./dino_prp/ALU.prp:22
[pass.abc] region 'ALU.ALU__c8': 147 gates, area 1540.04, delay 4.00  critical output 'sra_104_1' @ ./dino_prp/ALU.prp:23
[pass.abc] region 'ALU.ALU__c9': 209 gates, area 2069.24, delay 4.00  critical output 'shl_120_1' @ ./dino_prp/ALU.prp:24
[pass.abc] region 'ALU.ALU__c10': 2 gates, area 8.76, delay 1.00  critical output 'eq_152_1' @ ./dino_prp/ALU.prp:26
[pass.abc] region 'ALU.ALU__c11': 2 gates, area 8.76, delay 1.00  critical output 'eq_160_1' @ ./dino_prp/ALU.prp:26
[pass.abc] region 'ALU.ALU__c12': 2 gates, area 10.01, delay 1.00  critical output 'eq_168_1' @ ./dino_prp/ALU.prp:26
[pass.abc] region 'ALU.ALU__c13': 2 gates, area 8.76, delay 1.00  critical output 'eq_176_1' @ ./dino_prp/ALU.prp:26
[pass.abc] region 'ALU.ALU__c14': 2 gates, area 10.01, delay 1.00  critical output 'eq_184_1' @ ./dino_prp/ALU.prp:26
[pass.abc] region 'ALU.ALU__c15': 2 gates, area 10.01, delay 1.00  critical output 'eq_192_1' @ ./dino_prp/ALU.prp:26
[pass.abc] region 'ALU.ALU__c16': 2 gates, area 10.01, delay 1.00  critical output 'eq_200_1' @ ./dino_prp/ALU.prp:26
[pass.abc] region 'ALU.ALU__c17': 2 gates, area 8.76, delay 1.00  critical output 'eq_208_1' @ ./dino_prp/ALU.prp:26
[pass.abc] region 'ALU.ALU__c18': 2 gates, area 10.01, delay 1.00  critical output 'eq_216_1' @ ./dino_prp/ALU.prp:26
[pass.abc] region 'ALU.ALU__c19': 2 gates, area 10.01, delay 1.00  critical output 'eq_224_1' @ ./dino_prp/ALU.prp:26
[pass.abc] region 'ALU.ALU__c20': 2 gates, area 10.01, delay 1.00  critical output 'eq_232_1' @ ./dino_prp/ALU.prp:26
[pass.abc] region 'ALU.ALU__c21': 2 gates, area 10.01, delay 1.00  critical output 'eq_240_1' @ ./dino_prp/ALU.prp:26
[pass.abc] region 'ALU.ALU__c22': 2 gates, area 10.01, delay 1.00  critical output 'eq_248_1' @ ./dino_prp/ALU.prp:26
[pass.abc] region 'ALU.ALU__c23': 2 gates, area 10.01, delay 1.00  critical output 'eq_256_1' @ ./dino_prp/ALU.prp:26
[pass.abc] region 'ALU.ALU__c24': 2 gates, area 6.26, delay 1.00  critical output 'eq_260_1' @ ./dino_prp/ALU.prp:26
[pass.abc] region 'ALU.ALU__c25': 33 gates, area 3.75, delay 1.00  critical output 'and_284_1' @ ./dino_prp/ALU.prp:34
[pass.abc] region 'ALU.ALU__c26': cache hit -- 33 gates, area 3.75, delay 1.00
[pass.abc] region 'ALU.ALU__c27': cache hit -- 33 gates, area 3.75, delay 1.00
[pass.abc] region 'ALU.ALU__c28': cache hit -- 33 gates, area 3.75, delay 1.00
[pass.abc] region 'ALU.ALU__c29': 64 gates, area 3.75, delay 1.00  critical output 'and_2628_1' @ ./dino_prp/ALU.prp:58
[pass.abc] region 'DualIssueNextPC.DualIssueNextPC__c1': cache hit -- 68 gates, area 579.41, delay 2.00
[pass.abc] region 'DualIssueNextPC.DualIssueNextPC__c2': 69 gates, area 588.17, delay 2.00  critical output 'mux_544_1' @ ./dino_prp/DualIssueNextPC.prp:24
[pass.abc] region 'DualIssueNextPC.DualIssueNextPC__c3': 2 gates, area 3.75, delay 1.00  critical output 'get_mask_16_1' @ ./dino_prp/DualIssueNextPC.prp:1
[pass.abc] region 'DualIssueNextPC.DualIssueNextPC__c4': 3 gates, area 7.50, delay 1.00  critical output 'get_mask_20_1' @ ./dino_prp/DualIssueNextPC.prp:1
[pass.abc] region 'DualIssueNextPC.DualIssueNextPC__c5': cache hit -- 65 gates, area 240.00, delay 1.00
[pass.abc] region 'DualIssueNextPC.DualIssueNextPC__c6': cache hit -- 65 gates, area 240.00, delay 1.00
[pass.abc] region 'DualIssueNextPC.DualIssueNextPC__c7': cache hit -- 4 gates, area 11.25, delay 1.00
[pass.abc] region 'DualIssueNextPC.DualIssueNextPC__c8': cache hit -- 65 gates, area 240.00, delay 1.00
[pass.abc] region 'DualIssueNextPC.DualIssueNextPC__c9': 65 gates, area 240.00, delay 1.00  critical output 'get_mask_40_1' @ ./dino_prp/DualIssueNextPC.prp:1
[pass.abc] region 'DualIssueNextPC.DualIssueNextPC__c10': 2 gates, area 3.75, delay 1.00  critical output 'get_mask_44_1' @ ./dino_prp/DualIssueNextPC.prp:1
[pass.abc] region 'DualIssueNextPC.DualIssueNextPC__c11': 292 gates, area 1241.11, delay 34.00  critical output 'or_228_1' @ ./dino_prp/DualIssueNextPC.prp:15
[pass.abc] region 'DualIssueNextPC.DualIssueNextPC__c12': cache hit -- 2 gates, area 6.26, delay 1.00
[pass.abc] region 'DualIssueNextPC.DualIssueNextPC__c13': cache hit -- 153 gates, area 919.57, delay 21.00
[pass.abc] region 'DualIssueNextPC.DualIssueNextPC__c14': cache hit -- 65 gates, area 240.00, delay 1.00
[pass.abc] region 'DualIssueNextPC.DualIssueNextPC__c15': cache hit -- 149 gates, area 915.85, delay 22.00
[pass.abc] region 'DualIssueNextPC.DualIssueNextPC__c16': cache hit -- 65 gates, area 240.00, delay 1.00
[pass.abc] region 'DualIssueNextPC.DualIssueNextPC__c17': cache hit -- 0 gates, area 0.00, delay -1000000000.00
[pass.abc] region 'DualIssueNextPC.DualIssueNextPC__c18': cache hit -- 0 gates, area 0.00, delay -1000000000.00
[pass.abc] region 'DualIssueNextPC.DualIssueNextPC__c19': cache hit -- 0 gates, area 0.00, delay -1000000000.00
[pass.abc] region 'DualIssueNextPC.DualIssueNextPC__c20': cache hit -- 0 gates, area 0.00, delay -1000000000.00
[pass.abc] region 'DualIssueNextPC.DualIssueNextPC__c21': cache hit -- 0 gates, area 0.00, delay -1000000000.00
[pass.abc] region 'DualIssueNextPC.DualIssueNextPC__c22': cache hit -- 0 gates, area 0.00, delay -1000000000.00
[pass.abc] region 'DualIssueNextPC.DualIssueNextPC__c23': cache hit -- 24 gates, area 140.20, delay 4.00
[pass.abc] region 'DualIssueNextPC.DualIssueNextPC__c24': uncacheable -- ambiguous boundary: two inputs the region uses identically
[pass.abc] region 'DualIssueNextPC.DualIssueNextPC__c24': 196 gates, area 1774.42, delay 65.00  critical output 'sum_300_1' @ ./dino_prp/DualIssueNextPC.prp:17
[pass.abc] region 'DualIssueNextPC.DualIssueNextPC__c25': cache hit -- 65 gates, area 240.00, delay 1.00
[pass.abc] region 'DualIssueNextPC.DualIssueNextPC__c26': cache hit -- 67 gates, area 570.65, delay 2.00
[pass.abc] region 'DualIssueNextPC.DualIssueNextPC__c27': cache hit -- 0 gates, area 0.00, delay -1000000000.00
[pass.abc] region 'DualIssueNextPC.DualIssueNextPC__c28': cache hit -- 0 gates, area 0.00, delay -1000000000.00
[pass.abc] region 'DualIssueNextPC.DualIssueNextPC__c29': cache hit -- 0 gates, area 0.00, delay -1000000000.00
[pass.abc] region 'DualIssueNextPC.DualIssueNextPC__c30': cache hit -- 0 gates, area 0.00, delay -1000000000.00
[pass.abc] region 'DualIssueNextPC.DualIssueNextPC__c31': 2 gates, area 3.75, delay 1.00  critical output 'eq_344_1' @ ./dino_prp/DualIssueNextPC.prp:18
[pass.abc] region 'DualIssueNextPC.DualIssueNextPC__c32': uncacheable -- ambiguous boundary: two inputs the region uses identically
[pass.abc] region 'DualIssueNextPC.DualIssueNextPC__c32': 196 gates, area 1774.42, delay 65.00  critical output 'sum_348_1' @ ./dino_prp/DualIssueNextPC.prp:18
[pass.abc] region 'DualIssueNextPC.DualIssueNextPC__c33': cache hit -- 65 gates, area 240.00, delay 1.00
[pass.abc] region 'DualIssueNextPC.DualIssueNextPC__c34': uncacheable -- ambiguous boundary: two inputs the region uses identically
[pass.abc] region 'DualIssueNextPC.DualIssueNextPC__c34': 196 gates, area 1774.42, delay 65.00  critical output 'sum_360_1' @ ./dino_prp/DualIssueNextPC.prp:18
[pass.abc] region 'DualIssueNextPC.DualIssueNextPC__c35': cache hit -- 65 gates, area 240.00, delay 1.00
[pass.abc] region 'DualIssueNextPC.DualIssueNextPC__c36': cache hit -- 0 gates, area 0.00, delay -1000000000.00
[pass.abc] region 'DualIssueNextPC.DualIssueNextPC__c37': cache hit -- 0 gates, area 0.00, delay -1000000000.00
[pass.abc] region 'DualIssueNextPC.DualIssueNextPC__c38': cache hit -- 0 gates, area 0.00, delay -1000000000.00
[pass.abc] region 'DualIssueNextPC.DualIssueNextPC__c39': cache hit -- 0 gates, area 0.00, delay -1000000000.00
[pass.abc] region 'DualIssueNextPC.DualIssueNextPC__c40': cache hit -- 0 gates, area 0.00, delay -1000000000.00
[pass.abc] region 'DualIssueNextPC.DualIssueNextPC__c41': cache hit -- 0 gates, area 0.00, delay -1000000000.00
[pass.abc] region 'DualIssueNextPC.DualIssueNextPC__c42': cache hit -- 2 gates, area 6.26, delay 1.00
[pass.abc] region 'DualIssueNextPC.DualIssueNextPC__c43': cache hit -- 153 gates, area 919.57, delay 21.00
[pass.abc] region 'DualIssueNextPC.DualIssueNextPC__c44': cache hit -- 65 gates, area 240.00, delay 1.00
[pass.abc] region 'DualIssueNextPC.DualIssueNextPC__c45': cache hit -- 149 gates, area 915.85, delay 22.00
[pass.abc] region 'DualIssueNextPC.DualIssueNextPC__c46': cache hit -- 65 gates, area 240.00, delay 1.00
[pass.abc] region 'DualIssueNextPC.DualIssueNextPC__c47': cache hit -- 0 gates, area 0.00, delay -1000000000.00
[pass.abc] region 'DualIssueNextPC.DualIssueNextPC__c48': cache hit -- 0 gates, area 0.00, delay -1000000000.00
[pass.abc] region 'DualIssueNextPC.DualIssueNextPC__c49': cache hit -- 0 gates, area 0.00, delay -1000000000.00
[pass.abc] region 'DualIssueNextPC.DualIssueNextPC__c50': cache hit -- 0 gates, area 0.00, delay -1000000000.00
[pass.abc] region 'DualIssueNextPC.DualIssueNextPC__c51': cache hit -- 0 gates, area 0.00, delay -1000000000.00
[pass.abc] region 'DualIssueNextPC.DualIssueNextPC__c52': cache hit -- 0 gates, area 0.00, delay -1000000000.00
[pass.abc] region 'DualIssueNextPC.DualIssueNextPC__c53': 2 gates, area 6.26, delay 1.00  critical output 'eq_464_1' @ ./dino_prp/DualIssueNextPC.prp:20
[pass.abc] region 'DualIssueNextPC.DualIssueNextPC__c54': cache hit -- 67 gates, area 570.65, delay 2.00
[pass.abc] region 'DualIssueNextPC.DualIssueNextPC__c55': cache hit -- 67 gates, area 570.65, delay 2.00
[pass.abc] region 'DualIssueNextPC.DualIssueNextPC__c56': cache hit -- 0 gates, area 0.00, delay -1000000000.00
[pass.abc] region 'DualIssueNextPC.DualIssueNextPC__c57': cache hit -- 0 gates, area 0.00, delay -1000000000.00
[pass.abc] region 'DualIssueNextPC.DualIssueNextPC__c58': cache hit -- 2 gates, area 6.26, delay 1.00
[pass.abc] region 'DualIssueNextPC.DualIssueNextPC__c59': cache hit -- 67 gates, area 570.65, delay 2.00
[pass.abc] region 'DualIssueNextPC.DualIssueNextPC__c60': cache hit -- 67 gates, area 570.65, delay 2.00
[pass.abc] region 'DualIssueNextPC.DualIssueNextPC__c61': cache hit -- 0 gates, area 0.00, delay -1000000000.00
[pass.abc] region 'DualIssueNextPC.DualIssueNextPC__c62': cache hit -- 0 gates, area 0.00, delay -1000000000.00
[pass.abc] region 'DualIssueNextPC.DualIssueNextPC__c63': cache hit -- 2 gates, area 6.26, delay 1.00
[pass.abc] region 'DualIssueNextPC.DualIssueNextPC__c64': 66 gates, area 3.75, delay 1.00  critical output 'and_536_1' @ ./dino_prp/DualIssueNextPC.prp:24
[pass.abc] region 'DualIssueNextPC.DualIssueNextPC__c65': 66 gates, area 6.26, delay 1.00  critical output 'and_540_1' @ ./dino_prp/DualIssueNextPC.prp:24
[pass.abc] region 'DualIssueNextPC.DualIssueNextPC__c66': cache hit -- 0 gates, area 0.00, delay -1000000000.00
[pass.abc] region 'DualIssueNextPC.DualIssueNextPC__c67': cache hit -- 0 gates, area 0.00, delay -1000000000.00
Warning: 65 registers in this network have don't-care init values.
The don't-care are assumed to be 0. The result may not verify.
Use command "print_latch" to see the init values of registers.
Use command "zero" to convert or "init" to change the values.
[pass.abc] region 'StageReg_6.StageReg_6__c1': 130 gates, area 731.90, delay 1.00  critical output 'reg_ex_result_o' @ ./dino_prp/StageReg_6.prp:6
Warning: 65 registers in this network have don't-care init values.
The don't-care are assumed to be 0. The result may not verify.
Use command "print_latch" to see the init values of registers.
Use command "zero" to convert or "init" to change the values.
[pass.abc] region 'StageReg_6.StageReg_6__c2': 130 gates, area 731.90, delay 1.00  critical output 'reg_mem_writedata_o' @ ./dino_prp/StageReg_6.prp:7
Warning: 65 registers in this network have don't-care init values.
The don't-care are assumed to be 0. The result may not verify.
Use command "print_latch" to see the init values of registers.
Use command "zero" to convert or "init" to change the values.
[pass.abc] region 'StageReg_6.StageReg_6__c3': 130 gates, area 731.90, delay 1.00  critical output 'reg_nextpc_o' @ ./dino_prp/StageReg_6.prp:8
Warning: 2 registers in this network have don't-care init values.
The don't-care are assumed to be 0. The result may not verify.
Use command "print_latch" to see the init values of registers.
Use command "zero" to convert or "init" to change the values.
[pass.abc] region 'StageReg_6.StageReg_6__c4': 4 gates, area 22.52, delay 1.00  critical output 'reg_taken_o' @ ./dino_prp/StageReg_6.prp:9
[pass.abc] region 'StageReg_6.StageReg_6__c5': cache hit -- 130 gates, area 731.90, delay 1.00
[pass.abc] region 'StageReg_6.StageReg_6__c6': cache hit -- 4 gates, area 22.52, delay 1.00
[pass.abc] region 'StageReg_6.StageReg_6__c7': cache hit -- 2 gates, area 3.75, delay 1.00
[pass.abc] region 'StageReg_6.StageReg_6__c8': cache hit -- 2 gates, area 3.75, delay 1.00
[pass.abc] region 'StageReg_6.StageReg_6__c9': cache hit -- 2 gates, area 6.26, delay 1.00
[pass.abc] region 'StageReg_6.StageReg_6__c10': 65 gates, area 240.00, delay 1.00  critical output 'get_mask_92_1' @ ./dino_prp/StageReg_6.prp:21
[pass.abc] region 'StageReg_6.StageReg_6__c11': cache hit -- 66 gates, area 488.15, delay 1.00
[pass.abc] region 'StageReg_6.StageReg_6__c12': 65 gates, area 240.00, delay 1.00  critical output 'get_mask_104_1' @ ./dino_prp/StageReg_6.prp:23
[pass.abc] region 'StageReg_6.StageReg_6__c13': cache hit -- 2 gates, area 6.26, delay 1.00
[pass.abc] region 'StageReg_6.StageReg_6__c14': cache hit -- 66 gates, area 488.15, delay 1.00
[pass.abc] region 'StageReg_6.StageReg_6__c15': 65 gates, area 240.00, delay 1.00  critical output 'get_mask_120_1' @ ./dino_prp/StageReg_6.prp:29
[pass.abc] region 'StageReg_6.StageReg_6__c16': cache hit -- 2 gates, area 6.26, delay 1.00
[pass.abc] region 'StageReg_6.StageReg_6__c17': cache hit -- 66 gates, area 488.15, delay 1.00
[pass.abc] region 'StageReg_6.StageReg_6__c18': cache hit -- 65 gates, area 240.00, delay 1.00
[pass.abc] region 'StageReg_6.StageReg_6__c19': cache hit -- 2 gates, area 7.50, delay 1.00
[pass.abc] region 'StageReg_6.StageReg_6__c20': 2 gates, area 6.26, delay 1.00  critical output 'and_148_1' @ ./dino_prp/StageReg_6.prp:37
[pass.abc] region 'StageReg_6.StageReg_6__c21': cache hit -- 2 gates, area 6.26, delay 1.00
[pass.abc] region 'StageReg_6.StageReg_6__c22': cache hit -- 66 gates, area 488.15, delay 1.00
[pass.abc] region 'StageReg_6.StageReg_6__c23': cache hit -- 2 gates, area 7.50, delay 1.00
[pass.abc] region 'StageReg_6.StageReg_6__c24': cache hit -- 2 gates, area 6.26, delay 1.00
[pass.abc] region 'StageReg_6.StageReg_6__c25': cache hit -- 0 gates, area 0.00, delay -1000000000.00
[pass.abc] region 'StageReg_6.StageReg_6__c26': cache hit -- 0 gates, area 0.00, delay -1000000000.00
[pass.abc] region 'StageReg_6.StageReg_6__c27': cache hit -- 0 gates, area 0.00, delay -1000000000.00
[pass.abc] region 'StageReg_6.StageReg_6__c28': cache hit -- 0 gates, area 0.00, delay -1000000000.00
[pass.abc] region 'StageReg_6.StageReg_6__c29': cache hit -- 0 gates, area 0.00, delay -1000000000.00
[pass.abc] region 'StageReg_6.StageReg_6__c30': cache hit -- 0 gates, area 0.00, delay -1000000000.00
[pass.abc] region 'StageReg_6.StageReg_6__c31': cache hit -- 0 gates, area 0.00, delay -1000000000.00
[pass.abc] region 'StageReg_6.StageReg_6__c32': cache hit -- 0 gates, area 0.00, delay -1000000000.00
[pass.abc] region 'StageReg_6.StageReg_6__c33': cache hit -- 0 gates, area 0.00, delay -1000000000.00
[pass.abc] region 'StageReg_6.StageReg_6__c34': cache hit -- 0 gates, area 0.00, delay -1000000000.00
[pass.abc] region 'StageReg_6.StageReg_6__c35': cache hit -- 0 gates, area 0.00, delay -1000000000.00
[pass.abc] region 'StageReg_6.StageReg_6__c36': cache hit -- 0 gates, area 0.00, delay -1000000000.00
[pass.abc] region 'StageReg_6.StageReg_6__c37': cache hit -- 0 gates, area 0.00, delay -1000000000.00
[pass.abc] region 'StageReg_6.StageReg_6__c38': cache hit -- 0 gates, area 0.00, delay -1000000000.00
[pass.abc] region 'StageReg_6.StageReg_6__c39': cache hit -- 0 gates, area 0.00, delay -1000000000.00
[pass.abc] region 'StageReg_6.StageReg_6__c40': cache hit -- 0 gates, area 0.00, delay -1000000000.00
[pass.abc] region 'StageReg_6.StageReg_6__c41': cache hit -- 0 gates, area 0.00, delay -1000000000.00
[pass.abc] region 'StageReg_6.StageReg_6__c42': cache hit -- 0 gates, area 0.00, delay -1000000000.00
[pass.abc] region 'StageReg_6.StageReg_6__c43': cache hit -- 0 gates, area 0.00, delay -1000000000.00
Warning: 65 registers in this network have don't-care init values.
The don't-care are assumed to be 0. The result may not verify.
Use command "print_latch" to see the init values of registers.
Use command "zero" to convert or "init" to change the values.
[pass.abc] region 'PipelinedDualIssueCPU.PipelinedDualIssueCPU__c1': 266 gates, area 1983.23, delay 3.00  critical output 'pc_o' @ ./dino_prp/PipelinedDualIssueCPU.prp:36
[pass.abc] region 'PipelinedDualIssueCPU.PipelinedDualIssueCPU__c2': 68 gates, area 576.91, delay 2.00  critical output 'mux_676_1' @ ./dino_prp/PipelinedDualIssueCPU.prp:184
[pass.abc] region 'PipelinedDualIssueCPU.PipelinedDualIssueCPU__c3': 5 gates, area 31.28, delay 2.00  critical output 'mux_736_1' @ ./dino_prp/PipelinedDualIssueCPU.prp:189
[pass.abc] region 'PipelinedDualIssueCPU.PipelinedDualIssueCPU__c4': uncacheable -- combinational cycle inside the region
[pass.abc] region 'PipelinedDualIssueCPU.PipelinedDualIssueCPU__c4': 68 gates, area 576.91, delay 2.00  critical output 'mux_760_1' @ ./dino_prp/PipelinedDualIssueCPU.prp:194
[pass.abc] region 'PipelinedDualIssueCPU.PipelinedDualIssueCPU__c5': 6 gates, area 31.29, delay 2.00  critical output 'mux_832_1' @ ./dino_prp/PipelinedDualIssueCPU.prp:199
[pass.abc] region 'PipelinedDualIssueCPU.PipelinedDualIssueCPU__c6': 5 gates, area 31.28, delay 2.00  critical output 'mux_880_1' @ ./dino_prp/PipelinedDualIssueCPU.prp:204
[pass.abc] region 'PipelinedDualIssueCPU.PipelinedDualIssueCPU__c7': 6 gates, area 33.79, delay 2.00  critical output 'mux_916_1' @ ./dino_prp/PipelinedDualIssueCPU.prp:209
[pass.abc] region 'PipelinedDualIssueCPU.PipelinedDualIssueCPU__c8': 68 gates, area 419.41, delay 2.00  critical output 'mux_988_1' @ ./dino_prp/PipelinedDualIssueCPU.prp:214
[pass.abc] region 'PipelinedDualIssueCPU.PipelinedDualIssueCPU__c9': 2 gates, area 3.75, delay 1.00  critical output 'get_mask_16_1' @ ./dino_prp/PipelinedDualIssueCPU.prp:18
[pass.abc] region 'PipelinedDualIssueCPU.PipelinedDualIssueCPU__c10': 2 gates, area 3.75, delay 1.00  critical output 'get_mask_20_1' @ ./dino_prp/PipelinedDualIssueCPU.prp:18
[pass.abc] region 'PipelinedDualIssueCPU.PipelinedDualIssueCPU__c11': 65 gates, area 240.00, delay 1.00  critical output 'get_mask_40_1' @ ./dino_prp/PipelinedDualIssueCPU.prp:18
[pass.abc] region 'PipelinedDualIssueCPU.PipelinedDualIssueCPU__c12': 263 gates, area 982.50, delay 1.00  critical output 'issueUnit_5' @ ./dino_prp/PipelinedDualIssueCPU.prp:127
[pass.abc] region 'PipelinedDualIssueCPU.PipelinedDualIssueCPU__c13': cache hit -- 2 gates, area 6.26, delay 1.00
[pass.abc] region 'PipelinedDualIssueCPU.PipelinedDualIssueCPU__c14': uncacheable -- combinational cycle inside the region
[pass.abc] region 'PipelinedDualIssueCPU.PipelinedDualIssueCPU__c14': 2 gates, area 3.75, delay 1.00  critical output 'eq_204_1' @ ./dino_prp/PipelinedDualIssueCPU.prp:118
[pass.abc] region 'PipelinedDualIssueCPU.PipelinedDualIssueCPU__c15': uncacheable -- combinational cycle inside the region
[pass.abc] region 'PipelinedDualIssueCPU.PipelinedDualIssueCPU__c15': 65 gates, area 240.00, delay 1.00  critical output 'get_mask_208_1' @ ./dino_prp/PipelinedDualIssueCPU.prp:119
[pass.abc] region 'PipelinedDualIssueCPU.PipelinedDualIssueCPU__c16': cache hit -- 0 gates, area 0.00, delay -1000000000.00
[pass.abc] region 'PipelinedDualIssueCPU.PipelinedDualIssueCPU__c17': uncacheable -- combinational cycle inside the region
[pass.abc] region 'PipelinedDualIssueCPU.PipelinedDualIssueCPU__c17': 68 gates, area 576.91, delay 2.00  critical output 'mux_216_1' @ ./dino_prp/PipelinedDualIssueCPU.prp:118
[pass.abc] region 'PipelinedDualIssueCPU.PipelinedDualIssueCPU__c18': uncacheable -- combinational cycle inside the region
[pass.abc] region 'PipelinedDualIssueCPU.PipelinedDualIssueCPU__c18': 2 gates, area 3.75, delay 1.00  critical output 'eq_228_1' @ ./dino_prp/PipelinedDualIssueCPU.prp:123
[pass.abc] region 'PipelinedDualIssueCPU.PipelinedDualIssueCPU__c19': uncacheable -- combinational cycle inside the region
[pass.abc] region 'PipelinedDualIssueCPU.PipelinedDualIssueCPU__c19': 65 gates, area 240.00, delay 1.00  critical output 'get_mask_232_1' @ ./dino_prp/PipelinedDualIssueCPU.prp:124
[pass.abc] region 'PipelinedDualIssueCPU.PipelinedDualIssueCPU__c20': cache hit -- 0 gates, area 0.00, delay -1000000000.00
[pass.abc] region 'PipelinedDualIssueCPU.PipelinedDualIssueCPU__c21': uncacheable -- combinational cycle inside the region
[pass.abc] region 'PipelinedDualIssueCPU.PipelinedDualIssueCPU__c21': 68 gates, area 576.91, delay 2.00  critical output 'mux_240_1' @ ./dino_prp/PipelinedDualIssueCPU.prp:123
[pass.abc] region 'PipelinedDualIssueCPU.PipelinedDualIssueCPU__c22': uncacheable -- ambiguous boundary: two inputs the region uses identically
[pass.abc] region 'PipelinedDualIssueCPU.PipelinedDualIssueCPU__c22': 560 gates, area 1605.04, delay 2.00  critical output 'registers_12' @ ./dino_prp/PipelinedDualIssueCPU.prp:130
[pass.abc] region 'PipelinedDualIssueCPU.PipelinedDualIssueCPU__c23': 22 gates, area 78.75, delay 1.00  critical output 'pipeA_control_2' @ ./dino_prp/PipelinedDualIssueCPU.prp:131
[pass.abc] region 'PipelinedDualIssueCPU.PipelinedDualIssueCPU__c24': 22 gates, area 78.75, delay 1.00  critical output 'pipeB_control_2' @ ./dino_prp/PipelinedDualIssueCPU.prp:132
[pass.abc] region 'PipelinedDualIssueCPU.PipelinedDualIssueCPU__c25': uncacheable -- ambiguous boundary: two inputs the region uses identically
[pass.abc] region 'PipelinedDualIssueCPU.PipelinedDualIssueCPU__c25': 68 gates, area 225.00, delay 1.00  critical output 'forwarding_13' @ ./dino_prp/PipelinedDualIssueCPU.prp:141
[pass.abc] region 'PipelinedDualIssueCPU.PipelinedDualIssueCPU__c26': 4 gates, area 11.25, delay 1.00  critical output 'get_mask_452_1' @ ./dino_prp/PipelinedDualIssueCPU.prp:141
[pass.abc] region 'PipelinedDualIssueCPU.PipelinedDualIssueCPU__c27': cache hit -- 4 gates, area 11.25, delay 1.00
[pass.abc] region 'PipelinedDualIssueCPU.PipelinedDualIssueCPU__c28': cache hit -- 4 gates, area 11.25, delay 1.00
[pass.abc] region 'PipelinedDualIssueCPU.PipelinedDualIssueCPU__c29': cache hit -- 4 gates, area 11.25, delay 1.00
[pass.abc] region 'PipelinedDualIssueCPU.PipelinedDualIssueCPU__c30': uncacheable -- combinational cycle inside the region
[pass.abc] region 'PipelinedDualIssueCPU.PipelinedDualIssueCPU__c30': 178 gates, area 157.52, delay 1.00  critical output 'hazard_11' @ ./dino_prp/PipelinedDualIssueCPU.prp:144
[pass.abc] region 'PipelinedDualIssueCPU.PipelinedDualIssueCPU__c31': 202 gates, area 750.00, delay 1.00  critical output 'pipeA_if_id_8' @ ./dino_prp/PipelinedDualIssueCPU.prp:145
[pass.abc] region 'PipelinedDualIssueCPU.PipelinedDualIssueCPU__c32': 33 gates, area 120.00, delay 1.00  critical output 'get_mask_524_1' @ ./dino_prp/PipelinedDualIssueCPU.prp:146
[pass.abc] region 'PipelinedDualIssueCPU.PipelinedDualIssueCPU__c33': 290 gates, area 1419.56, delay 21.00  critical output 'pipeB_if_id_8' @ ./dino_prp/PipelinedDualIssueCPU.prp:147
[pass.abc] region 'PipelinedDualIssueCPU.PipelinedDualIssueCPU__c34': cache hit -- 33 gates, area 120.00, delay 1.00
[pass.abc] region 'PipelinedDualIssueCPU.PipelinedDualIssueCPU__c35': uncacheable -- ambiguous boundary: two inputs the region uses identically
[pass.abc] region 'PipelinedDualIssueCPU.PipelinedDualIssueCPU__c35': 653 gates, area 2433.75, delay 1.00  critical output 'pipeA_id_ex_10' @ ./dino_prp/PipelinedDualIssueCPU.prp:149
[pass.abc] region 'PipelinedDualIssueCPU.PipelinedDualIssueCPU__c36': 65 gates, area 240.00, delay 1.00  critical output 'get_mask_568_1' @ ./dino_prp/PipelinedDualIssueCPU.prp:150
[pass.abc] region 'PipelinedDualIssueCPU.PipelinedDualIssueCPU__c37': uncacheable -- ambiguous boundary: two inputs the region uses identically
[pass.abc] region 'PipelinedDualIssueCPU.PipelinedDualIssueCPU__c37': 653 gates, area 2433.75, delay 1.00  critical output 'pipeB_id_ex_10' @ ./dino_prp/PipelinedDualIssueCPU.prp:151
[pass.abc] region 'PipelinedDualIssueCPU.PipelinedDualIssueCPU__c38': cache hit -- 65 gates, area 240.00, delay 1.00
[pass.abc] region 'PipelinedDualIssueCPU.PipelinedDualIssueCPU__c39': uncacheable -- ambiguous boundary: two inputs the region uses identically
[pass.abc] region 'PipelinedDualIssueCPU.PipelinedDualIssueCPU__c39': 36 gates, area 123.75, delay 1.00  critical output 'pipeA_id_ex_ctrl_15' @ ./dino_prp/PipelinedDualIssueCPU.prp:153
[pass.abc] region 'PipelinedDualIssueCPU.PipelinedDualIssueCPU__c40': uncacheable -- ambiguous boundary: two inputs the region uses identically
[pass.abc] region 'PipelinedDualIssueCPU.PipelinedDualIssueCPU__c40': 36 gates, area 123.75, delay 1.00  critical output 'pipeB_id_ex_ctrl_15' @ ./dino_prp/PipelinedDualIssueCPU.prp:158
[pass.abc] region 'PipelinedDualIssueCPU.PipelinedDualIssueCPU__c41': 14 gates, area 52.50, delay 1.00  critical output 'pipeA_ex_mem_ctrl_7' @ ./dino_prp/PipelinedDualIssueCPU.prp:163
[pass.abc] region 'PipelinedDualIssueCPU.PipelinedDualIssueCPU__c42': 14 gates, area 52.50, delay 1.00  critical output 'pipeB_ex_mem_ctrl_7' @ ./dino_prp/PipelinedDualIssueCPU.prp:165
[pass.abc] region 'PipelinedDualIssueCPU.PipelinedDualIssueCPU__c43': 391 gates, area 1466.25, delay 1.00  critical output 'pipeA_mem_wb_6' @ ./dino_prp/PipelinedDualIssueCPU.prp:167
[pass.abc] region 'PipelinedDualIssueCPU.PipelinedDualIssueCPU__c44': cache hit -- 65 gates, area 240.00, delay 1.00
[pass.abc] region 'PipelinedDualIssueCPU.PipelinedDualIssueCPU__c45': 391 gates, area 1466.25, delay 1.00  critical output 'pipeB_mem_wb_6' @ ./dino_prp/PipelinedDualIssueCPU.prp:171
[pass.abc] region 'PipelinedDualIssueCPU.PipelinedDualIssueCPU__c46': cache hit -- 65 gates, area 240.00, delay 1.00
[pass.abc] region 'PipelinedDualIssueCPU.PipelinedDualIssueCPU__c47': 9 gates, area 33.75, delay 1.00  critical output 'pipeA_mem_wb_ctrl_5' @ ./dino_prp/PipelinedDualIssueCPU.prp:175
[pass.abc] region 'PipelinedDualIssueCPU.PipelinedDualIssueCPU__c48': 9 gates, area 33.75, delay 1.00  critical output 'pipeB_mem_wb_ctrl_5' @ ./dino_prp/PipelinedDualIssueCPU.prp:178
[pass.abc] region 'PipelinedDualIssueCPU.PipelinedDualIssueCPU__c49': cache hit -- 2 gates, area 6.26, delay 1.00
[pass.abc] region 'PipelinedDualIssueCPU.PipelinedDualIssueCPU__c50': 65 gates, area 240.00, delay 1.00  critical output 'get_mask_668_1' @ ./dino_prp/PipelinedDualIssueCPU.prp:185
[pass.abc] region 'PipelinedDualIssueCPU.PipelinedDualIssueCPU__c51': cache hit -- 0 gates, area 0.00, delay -1000000000.00
[pass.abc] region 'PipelinedDualIssueCPU.PipelinedDualIssueCPU__c52': cache hit -- 2 gates, area 6.26, delay 1.00
[pass.abc] region 'PipelinedDualIssueCPU.PipelinedDualIssueCPU__c53': 3 gates, area 7.50, delay 1.00  critical output 'get_mask_704_1' @ ./dino_prp/PipelinedDualIssueCPU.prp:190
[pass.abc] region 'PipelinedDualIssueCPU.PipelinedDualIssueCPU__c54': 3 gates, area 7.50, delay 1.00  critical output 'sra_708_1' @ ./dino_prp/PipelinedDualIssueCPU.prp:190
[pass.abc] region 'PipelinedDualIssueCPU.PipelinedDualIssueCPU__c55': 3 gates, area 3.75, delay 1.00  critical output 'and_716_1' @ ./dino_prp/PipelinedDualIssueCPU.prp:190
Warning: The current network has no primary outputs. Some commands may not work correctly.
Warning: The current GIA has no primary outputs. Some commands may not work correctly.
Warning: The current GIA has no primary outputs. Some commands may not work correctly.
Warning: The current network has no primary outputs. Some commands may not work correctly.
Warning: The current GIA has no primary outputs. Some commands may not work correctly.
Warning: The current GIA has no primary outputs. Some commands may not work correctly.
Warning: The current GIA has no primary outputs. Some commands may not work correctly.
Warning: The current GIA has no primary outputs. Some commands may not work correctly.
Warning: The current network has no primary outputs. Some commands may not work correctly.
[pass.abc] region 'PipelinedDualIssueCPU.PipelinedDualIssueCPU__c56': 0 gates, area 0.00, delay -1000000000.00
[pass.abc] region 'PipelinedDualIssueCPU.PipelinedDualIssueCPU__c57': cache hit -- 0 gates, area 0.00, delay -1000000000.00
Warning: The current network has no primary outputs. Some commands may not work correctly.
Warning: The current GIA has no primary outputs. Some commands may not work correctly.
Warning: The current GIA has no primary outputs. Some commands may not work correctly.
Warning: The current network has no primary outputs. Some commands may not work correctly.
Warning: The current GIA has no primary outputs. Some commands may not work correctly.
Warning: The current GIA has no primary outputs. Some commands may not work correctly.
Warning: The current GIA has no primary outputs. Some commands may not work correctly.
Warning: The current GIA has no primary outputs. Some commands may not work correctly.
Warning: The current network has no primary outputs. Some commands may not work correctly.
[pass.abc] region 'PipelinedDualIssueCPU.PipelinedDualIssueCPU__c58': 0 gates, area 0.00, delay -1000000000.00
[pass.abc] region 'PipelinedDualIssueCPU.PipelinedDualIssueCPU__c59': cache hit -- 0 gates, area 0.00, delay -1000000000.00
[pass.abc] region 'PipelinedDualIssueCPU.PipelinedDualIssueCPU__c60': cache hit -- 2 gates, area 6.26, delay 1.00
[pass.abc] region 'PipelinedDualIssueCPU.PipelinedDualIssueCPU__c61': uncacheable -- combinational cycle inside the region
[pass.abc] region 'PipelinedDualIssueCPU.PipelinedDualIssueCPU__c61': 65 gates, area 240.00, delay 1.00  critical output 'get_mask_752_1' @ ./dino_prp/PipelinedDualIssueCPU.prp:195
[pass.abc] region 'PipelinedDualIssueCPU.PipelinedDualIssueCPU__c62': cache hit -- 0 gates, area 0.00, delay -1000000000.00
[pass.abc] region 'PipelinedDualIssueCPU.PipelinedDualIssueCPU__c63': cache hit -- 2 gates, area 6.26, delay 1.00
[pass.abc] region 'PipelinedDualIssueCPU.PipelinedDualIssueCPU__c64': cache hit -- 3 gates, area 7.50, delay 1.00
[pass.abc] region 'PipelinedDualIssueCPU.PipelinedDualIssueCPU__c65': cache hit -- 3 gates, area 3.75, delay 1.00
[pass.abc] region 'PipelinedDualIssueCPU.PipelinedDualIssueCPU__c66': 3 gates, area 11.25, delay 1.00  critical output 'not_800_1' @ ./dino_prp/PipelinedDualIssueCPU.prp:200
[pass.abc] region 'PipelinedDualIssueCPU.PipelinedDualIssueCPU__c67': cache hit -- 3 gates, area 3.75, delay 1.00
[pass.abc] region 'PipelinedDualIssueCPU.PipelinedDualIssueCPU__c68': cache hit -- 0 gates, area 0.00, delay -1000000000.00
[pass.abc] region 'PipelinedDualIssueCPU.PipelinedDualIssueCPU__c69': cache hit -- 0 gates, area 0.00, delay -1000000000.00
[pass.abc] region 'PipelinedDualIssueCPU.PipelinedDualIssueCPU__c70': cache hit -- 0 gates, area 0.00, delay -1000000000.00
[pass.abc] region 'PipelinedDualIssueCPU.PipelinedDualIssueCPU__c71': cache hit -- 0 gates, area 0.00, delay -1000000000.00
[pass.abc] region 'PipelinedDualIssueCPU.PipelinedDualIssueCPU__c72': cache hit -- 0 gates, area 0.00, delay -1000000000.00
[pass.abc] region 'PipelinedDualIssueCPU.PipelinedDualIssueCPU__c73': cache hit -- 2 gates, area 6.26, delay 1.00
[pass.abc] region 'PipelinedDualIssueCPU.PipelinedDualIssueCPU__c74': cache hit -- 3 gates, area 7.50, delay 1.00
[pass.abc] region 'PipelinedDualIssueCPU.PipelinedDualIssueCPU__c75': cache hit -- 3 gates, area 3.75, delay 1.00
[pass.abc] region 'PipelinedDualIssueCPU.PipelinedDualIssueCPU__c76': cache hit -- 0 gates, area 0.00, delay -1000000000.00
[pass.abc] region 'PipelinedDualIssueCPU.PipelinedDualIssueCPU__c77': cache hit -- 0 gates, area 0.00, delay -1000000000.00
[pass.abc] region 'PipelinedDualIssueCPU.PipelinedDualIssueCPU__c78': cache hit -- 0 gates, area 0.00, delay -1000000000.00
[pass.abc] region 'PipelinedDualIssueCPU.PipelinedDualIssueCPU__c79': cache hit -- 2 gates, area 6.26, delay 1.00
[pass.abc] region 'PipelinedDualIssueCPU.PipelinedDualIssueCPU__c80': 3 gates, area 7.50, delay 1.00  critical output 'get_mask_904_1' @ ./dino_prp/PipelinedDualIssueCPU.prp:210
Warning: The current network has no primary outputs. Some commands may not work correctly.
Warning: The current GIA has no primary outputs. Some commands may not work correctly.
Warning: The current GIA has no primary outputs. Some commands may not work correctly.
Warning: The current network has no primary outputs. Some commands may not work correctly.
Warning: The current GIA has no primary outputs. Some commands may not work correctly.
Warning: The current GIA has no primary outputs. Some commands may not work correctly.
Warning: The current GIA has no primary outputs. Some commands may not work correctly.
Warning: The current GIA has no primary outputs. Some commands may not work correctly.
Warning: The current network has no primary outputs. Some commands may not work correctly.
[pass.abc] region 'PipelinedDualIssueCPU.PipelinedDualIssueCPU__c81': 0 gates, area 0.00, delay -1000000000.00
[pass.abc] region 'PipelinedDualIssueCPU.PipelinedDualIssueCPU__c82': cache hit -- 0 gates, area 0.00, delay -1000000000.00
[pass.abc] region 'PipelinedDualIssueCPU.PipelinedDualIssueCPU__c83': cache hit -- 2 gates, area 6.26, delay 1.00
[pass.abc] region 'PipelinedDualIssueCPU.PipelinedDualIssueCPU__c84': 65 gates, area 191.25, delay 1.00  critical output 'sra_948_1' @ ./dino_prp/PipelinedDualIssueCPU.prp:215
[pass.abc] region 'PipelinedDualIssueCPU.PipelinedDualIssueCPU__c85': cache hit -- 65 gates, area 3.75, delay 1.00
[pass.abc] region 'PipelinedDualIssueCPU.PipelinedDualIssueCPU__c86': 65 gates, area 243.75, delay 1.00  critical output 'not_956_1' @ ./dino_prp/PipelinedDualIssueCPU.prp:215
[pass.abc] region 'PipelinedDualIssueCPU.PipelinedDualIssueCPU__c87': cache hit -- 65 gates, area 3.75, delay 1.00
[pass.abc] region 'PipelinedDualIssueCPU.PipelinedDualIssueCPU__c88': cache hit -- 0 gates, area 0.00, delay -1000000000.00
[pass.abc] region 'PipelinedDualIssueCPU.PipelinedDualIssueCPU__c89': cache hit -- 0 gates, area 0.00, delay -1000000000.00
[pass.abc] region 'PipelinedDualIssueCPU.PipelinedDualIssueCPU__c90': cache hit -- 0 gates, area 0.00, delay -1000000000.00
Warning: The current network has no primary outputs. Some commands may not work correctly.
Warning: The current GIA has no primary outputs. Some commands may not work correctly.
Warning: The current GIA has no primary outputs. Some commands may not work correctly.
Warning: The current network has no primary outputs. Some commands may not work correctly.
Warning: The current GIA has no primary outputs. Some commands may not work correctly.
Warning: The current GIA has no primary outputs. Some commands may not work correctly.
Warning: The current GIA has no primary outputs. Some commands may not work correctly.
Warning: The current GIA has no primary outputs. Some commands may not work correctly.
Warning: The current network has no primary outputs. Some commands may not work correctly.
[pass.abc] region 'PipelinedDualIssueCPU.PipelinedDualIssueCPU__c91': 0 gates, area 0.00, delay -1000000000.00
[pass.abc] region 'PipelinedDualIssueCPU.PipelinedDualIssueCPU__c92': cache hit -- 0 gates, area 0.00, delay -1000000000.00
[pass.abc] region 'PipelinedDualIssueCPU.PipelinedDualIssueCPU__c93': cache hit -- 2 gates, area 8.76, delay 1.00
[pass.abc] region 'PipelinedDualIssueCPU.PipelinedDualIssueCPU__c94': cache hit -- 2 gates, area 8.76, delay 1.00
[pass.abc] region 'PipelinedDualIssueCPU.PipelinedDualIssueCPU__c95': cache hit -- 2 gates, area 10.01, delay 1.00
[pass.abc] region 'PipelinedDualIssueCPU.PipelinedDualIssueCPU__c96': cache hit -- 2 gates, area 8.76, delay 1.00
[pass.abc] region 'PipelinedDualIssueCPU.PipelinedDualIssueCPU__c97': cache hit -- 2 gates, area 10.01, delay 1.00
[pass.abc] region 'PipelinedDualIssueCPU.PipelinedDualIssueCPU__c98': cache hit -- 2 gates, area 10.01, delay 1.00
[pass.abc] region 'PipelinedDualIssueCPU.PipelinedDualIssueCPU__c99': cache hit -- 2 gates, area 6.26, delay 1.00
[pass.abc] region 'PipelinedDualIssueCPU.PipelinedDualIssueCPU__c100': uncacheable -- combinational cycle inside the region
[pass.abc] region 'PipelinedDualIssueCPU.PipelinedDualIssueCPU__c100': 201 gates, area 1412.59, delay 3.00  critical output 'hotmux_1068_1' @ ./dino_prp/PipelinedDualIssueCPU.prp:218
[pass.abc] region 'PipelinedDualIssueCPU.PipelinedDualIssueCPU__c101': cache hit -- 2 gates, area 8.76, delay 1.00
[pass.abc] region 'PipelinedDualIssueCPU.PipelinedDualIssueCPU__c102': cache hit -- 2 gates, area 8.76, delay 1.00
[pass.abc] region 'PipelinedDualIssueCPU.PipelinedDualIssueCPU__c103': cache hit -- 2 gates, area 10.01, delay 1.00
[pass.abc] region 'PipelinedDualIssueCPU.PipelinedDualIssueCPU__c104': cache hit -- 2 gates, area 8.76, delay 1.00
[pass.abc] region 'PipelinedDualIssueCPU.PipelinedDualIssueCPU__c105': cache hit -- 2 gates, area 10.01, delay 1.00
[pass.abc] region 'PipelinedDualIssueCPU.PipelinedDualIssueCPU__c106': cache hit -- 2 gates, area 10.01, delay 1.00
[pass.abc] region 'PipelinedDualIssueCPU.PipelinedDualIssueCPU__c107': cache hit -- 2 gates, area 6.26, delay 1.00
[pass.abc] region 'PipelinedDualIssueCPU.PipelinedDualIssueCPU__c108': uncacheable -- combinational cycle inside the region
[pass.abc] region 'PipelinedDualIssueCPU.PipelinedDualIssueCPU__c108': 201 gates, area 1412.59, delay 3.00  critical output 'hotmux_1148_1' @ ./dino_prp/PipelinedDualIssueCPU.prp:236
[pass.abc] region 'PipelinedDualIssueCPU.PipelinedDualIssueCPU__c109': cache hit -- 2 gates, area 8.76, delay 1.00
[pass.abc] region 'PipelinedDualIssueCPU.PipelinedDualIssueCPU__c110': cache hit -- 2 gates, area 8.76, delay 1.00
[pass.abc] region 'PipelinedDualIssueCPU.PipelinedDualIssueCPU__c111': cache hit -- 2 gates, area 10.01, delay 1.00
[pass.abc] region 'PipelinedDualIssueCPU.PipelinedDualIssueCPU__c112': cache hit -- 2 gates, area 8.76, delay 1.00
[pass.abc] region 'PipelinedDualIssueCPU.PipelinedDualIssueCPU__c113': cache hit -- 2 gates, area 10.01, delay 1.00
[pass.abc] region 'PipelinedDualIssueCPU.PipelinedDualIssueCPU__c114': cache hit -- 2 gates, area 10.01, delay 1.00
[pass.abc] region 'PipelinedDualIssueCPU.PipelinedDualIssueCPU__c115': cache hit -- 2 gates, area 6.26, delay 1.00
[pass.abc] region 'PipelinedDualIssueCPU.PipelinedDualIssueCPU__c116': uncacheable -- combinational cycle inside the region
[pass.abc] region 'PipelinedDualIssueCPU.PipelinedDualIssueCPU__c116': 201 gates, area 1412.59, delay 3.00  critical output 'hotmux_1228_1' @ ./dino_prp/PipelinedDualIssueCPU.prp:254
[pass.abc] region 'PipelinedDualIssueCPU.PipelinedDualIssueCPU__c117': cache hit -- 2 gates, area 8.76, delay 1.00
[pass.abc] region 'PipelinedDualIssueCPU.PipelinedDualIssueCPU__c118': cache hit -- 2 gates, area 8.76, delay 1.00
[pass.abc] region 'PipelinedDualIssueCPU.PipelinedDualIssueCPU__c119': cache hit -- 2 gates, area 10.01, delay 1.00
[pass.abc] region 'PipelinedDualIssueCPU.PipelinedDualIssueCPU__c120': cache hit -- 2 gates, area 8.76, delay 1.00
[pass.abc] region 'PipelinedDualIssueCPU.PipelinedDualIssueCPU__c121': cache hit -- 2 gates, area 10.01, delay 1.00
[pass.abc] region 'PipelinedDualIssueCPU.PipelinedDualIssueCPU__c122': cache hit -- 2 gates, area 10.01, delay 1.00
[pass.abc] region 'PipelinedDualIssueCPU.PipelinedDualIssueCPU__c123': cache hit -- 2 gates, area 6.26, delay 1.00
[pass.abc] region 'PipelinedDualIssueCPU.PipelinedDualIssueCPU__c124': uncacheable -- combinational cycle inside the region
[pass.abc] region 'PipelinedDualIssueCPU.PipelinedDualIssueCPU__c124': 201 gates, area 1412.59, delay 3.00  critical output 'hotmux_1308_1' @ ./dino_prp/PipelinedDualIssueCPU.prp:272
[pass.abc] region 'PipelinedDualIssueCPU.PipelinedDualIssueCPU__c125': 2 gates, area 3.75, delay 1.00  critical output 'eq_1324_1' @ ./dino_prp/PipelinedDualIssueCPU.prp:293
[pass.abc] region 'PipelinedDualIssueCPU.PipelinedDualIssueCPU__c126': cache hit -- 2 gates, area 6.26, delay 1.00
[pass.abc] region 'PipelinedDualIssueCPU.PipelinedDualIssueCPU__c127': uncacheable -- combinational cycle inside the region
[pass.abc] region 'PipelinedDualIssueCPU.PipelinedDualIssueCPU__c127': 65 gates, area 240.00, delay 1.00  critical output 'get_mask_1336_1' @ ./dino_prp/PipelinedDualIssueCPU.prp:297
[pass.abc] region 'PipelinedDualIssueCPU.PipelinedDualIssueCPU__c128': uncacheable -- combinational cycle inside the region
[pass.abc] region 'PipelinedDualIssueCPU.PipelinedDualIssueCPU__c128': 65 gates, area 240.00, delay 1.00  critical output 'get_mask_1340_1' @ ./dino_prp/PipelinedDualIssueCPU.prp:297
[pass.abc] region 'PipelinedDualIssueCPU.PipelinedDualIssueCPU__c129': cache hit -- 68 gates, area 579.41, delay 2.00
[pass.abc] region 'PipelinedDualIssueCPU.PipelinedDualIssueCPU__c130': cache hit -- 2 gates, area 3.75, delay 1.00
[pass.abc] region 'PipelinedDualIssueCPU.PipelinedDualIssueCPU__c131': 2 gates, area 3.75, delay 1.00  critical output 'eq_1364_1' @ ./dino_prp/PipelinedDualIssueCPU.prp:303
[pass.abc] region 'PipelinedDualIssueCPU.PipelinedDualIssueCPU__c132': cache hit -- 0 gates, area 0.00, delay -1000000000.00
[pass.abc] region 'PipelinedDualIssueCPU.PipelinedDualIssueCPU__c133': cache hit -- 0 gates, area 0.00, delay -1000000000.00
Warning: The current network has no primary outputs. Some commands may not work correctly.
Warning: The current GIA has no primary outputs. Some commands may not work correctly.
Warning: The current GIA has no primary outputs. Some commands may not work correctly.
Warning: The current network has no primary outputs. Some commands may not work correctly.
Warning: The current GIA has no primary outputs. Some commands may not work correctly.
Warning: The current GIA has no primary outputs. Some commands may not work correctly.
Warning: The current GIA has no primary outputs. Some commands may not work correctly.
Warning: The current GIA has no primary outputs. Some commands may not work correctly.
Warning: The current network has no primary outputs. Some commands may not work correctly.
[pass.abc] region 'PipelinedDualIssueCPU.PipelinedDualIssueCPU__c134': 0 gates, area 0.00, delay -1000000000.00
[pass.abc] region 'PipelinedDualIssueCPU.PipelinedDualIssueCPU__c135': cache hit -- 0 gates, area 0.00, delay -1000000000.00
Warning: The current network has no primary outputs. Some commands may not work correctly.
Warning: The current GIA has no primary outputs. Some commands may not work correctly.
Warning: The current GIA has no primary outputs. Some commands may not work correctly.
Warning: The current network has no primary outputs. Some commands may not work correctly.
Warning: The current GIA has no primary outputs. Some commands may not work correctly.
Warning: The current GIA has no primary outputs. Some commands may not work correctly.
Warning: The current GIA has no primary outputs. Some commands may not work correctly.
Warning: The current GIA has no primary outputs. Some commands may not work correctly.
Warning: The current network has no primary outputs. Some commands may not work correctly.
[pass.abc] region 'PipelinedDualIssueCPU.PipelinedDualIssueCPU__c136': 0 gates, area 0.00, delay -1000000000.00
Warning: The current network has no primary outputs. Some commands may not work correctly.
Warning: The current GIA has no primary outputs. Some commands may not work correctly.
Warning: The current GIA has no primary outputs. Some commands may not work correctly.
Warning: The current network has no primary outputs. Some commands may not work correctly.
Warning: The current GIA has no primary outputs. Some commands may not work correctly.
Warning: The current GIA has no primary outputs. Some commands may not work correctly.
Warning: The current GIA has no primary outputs. Some commands may not work correctly.
Warning: The current GIA has no primary outputs. Some commands may not work correctly.
Warning: The current network has no primary outputs. Some commands may not work correctly.
[pass.abc] region 'PipelinedDualIssueCPU.PipelinedDualIssueCPU__c137': 0 gates, area 0.00, delay -1000000000.00
[pass.abc] region 'PipelinedDualIssueCPU.PipelinedDualIssueCPU__c138': cache hit -- 0 gates, area 0.00, delay -1000000000.00
Warning: The current network has no primary outputs. Some commands may not work correctly.
Warning: The current GIA has no primary outputs. Some commands may not work correctly.
Warning: The current GIA has no primary outputs. Some commands may not work correctly.
Warning: The current network has no primary outputs. Some commands may not work correctly.
Warning: The current GIA has no primary outputs. Some commands may not work correctly.
Warning: The current GIA has no primary outputs. Some commands may not work correctly.
Warning: The current GIA has no primary outputs. Some commands may not work correctly.
Warning: The current GIA has no primary outputs. Some commands may not work correctly.
Warning: The current network has no primary outputs. Some commands may not work correctly.
[pass.abc] region 'PipelinedDualIssueCPU.PipelinedDualIssueCPU__c139': 0 gates, area 0.00, delay -1000000000.00
[pass.abc] region 'PipelinedDualIssueCPU.PipelinedDualIssueCPU__c140': cache hit -- 0 gates, area 0.00, delay -1000000000.00
[pass.abc] region 'PipelinedDualIssueCPU.PipelinedDualIssueCPU__c141': cache hit -- 2 gates, area 3.75, delay 1.00
[pass.abc] region 'PipelinedDualIssueCPU.PipelinedDualIssueCPU__c142': cache hit -- 65 gates, area 240.00, delay 1.00
[pass.abc] region 'PipelinedDualIssueCPU.PipelinedDualIssueCPU__c143': 65 gates, area 240.00, delay 1.00  critical output 'get_mask_1472_1' @ ./dino_prp/PipelinedDualIssueCPU.prp:308
[pass.abc] region 'PipelinedDualIssueCPU.PipelinedDualIssueCPU__c144': 65 gates, area 240.00, delay 1.00  critical output 'get_mask_1476_1' @ ./dino_prp/PipelinedDualIssueCPU.prp:308
[pass.abc] region 'PipelinedDualIssueCPU.PipelinedDualIssueCPU__c145': cache hit -- 0 gates, area 0.00, delay -1000000000.00
[pass.abc] region 'PipelinedDualIssueCPU.PipelinedDualIssueCPU__c146': cache hit -- 0 gates, area 0.00, delay -1000000000.00
[pass.abc] region 'PipelinedDualIssueCPU.PipelinedDualIssueCPU__c147': cache hit -- 0 gates, area 0.00, delay -1000000000.00
[pass.abc] region 'PipelinedDualIssueCPU.PipelinedDualIssueCPU__c148': 2 gates, area 6.26, delay 1.00  critical output 'eq_1512_1' @ ./dino_prp/PipelinedDualIssueCPU.prp:310
[pass.abc] region 'PipelinedDualIssueCPU.PipelinedDualIssueCPU__c149': cache hit -- 65 gates, area 240.00, delay 1.00
[pass.abc] region 'PipelinedDualIssueCPU.PipelinedDualIssueCPU__c150': cache hit -- 65 gates, area 240.00, delay 1.00
[pass.abc] region 'PipelinedDualIssueCPU.PipelinedDualIssueCPU__c151': 68 gates, area 6.26, delay 1.00  critical output 'shl_1524_1' @ ./dino_prp/PipelinedDualIssueCPU.prp:310
[pass.abc] region 'PipelinedDualIssueCPU.PipelinedDualIssueCPU__c152': 65 gates, area 240.00, delay 1.00  critical output 'get_mask_1536_1' @ ./dino_prp/PipelinedDualIssueCPU.prp:310
[pass.abc] region 'PipelinedDualIssueCPU.PipelinedDualIssueCPU__c153': cache hit -- 0 gates, area 0.00, delay -1000000000.00
[pass.abc] region 'PipelinedDualIssueCPU.PipelinedDualIssueCPU__c154': cache hit -- 0 gates, area 0.00, delay -1000000000.00
[pass.abc] region 'PipelinedDualIssueCPU.PipelinedDualIssueCPU__c155': cache hit -- 0 gates, area 0.00, delay -1000000000.00
[pass.abc] region 'PipelinedDualIssueCPU.PipelinedDualIssueCPU__c156': cache hit -- 0 gates, area 0.00, delay -1000000000.00
[pass.abc] region 'PipelinedDualIssueCPU.PipelinedDualIssueCPU__c157': cache hit -- 0 gates, area 0.00, delay -1000000000.00
[pass.abc] region 'PipelinedDualIssueCPU.PipelinedDualIssueCPU__c158': cache hit -- 0 gates, area 0.00, delay -1000000000.00
[pass.abc] region 'PipelinedDualIssueCPU.PipelinedDualIssueCPU__c159': 2 gates, area 3.75, delay 1.00  critical output 'eq_1572_1' @ ./dino_prp/PipelinedDualIssueCPU.prp:311
[pass.abc] region 'PipelinedDualIssueCPU.PipelinedDualIssueCPU__c160': cache hit -- 65 gates, area 240.00, delay 1.00
[pass.abc] region 'PipelinedDualIssueCPU.PipelinedDualIssueCPU__c161': cache hit -- 67 gates, area 570.65, delay 2.00
[pass.abc] region 'PipelinedDualIssueCPU.PipelinedDualIssueCPU__c162': cache hit -- 0 gates, area 0.00, delay -1000000000.00
[pass.abc] region 'PipelinedDualIssueCPU.PipelinedDualIssueCPU__c163': cache hit -- 0 gates, area 0.00, delay -1000000000.00
[pass.abc] region 'PipelinedDualIssueCPU.PipelinedDualIssueCPU__c164': cache hit -- 2 gates, area 3.75, delay 1.00
[pass.abc] region 'PipelinedDualIssueCPU.PipelinedDualIssueCPU__c165': cache hit -- 65 gates, area 240.00, delay 1.00
[pass.abc] region 'PipelinedDualIssueCPU.PipelinedDualIssueCPU__c166': cache hit -- 65 gates, area 240.00, delay 1.00
[pass.abc] region 'PipelinedDualIssueCPU.PipelinedDualIssueCPU__c167': cache hit -- 0 gates, area 0.00, delay -1000000000.00
[pass.abc] region 'PipelinedDualIssueCPU.PipelinedDualIssueCPU__c168': cache hit -- 0 gates, area 0.00, delay -1000000000.00
[pass.abc] region 'PipelinedDualIssueCPU.PipelinedDualIssueCPU__c169': cache hit -- 2 gates, area 6.26, delay 1.00
[pass.abc] region 'PipelinedDualIssueCPU.PipelinedDualIssueCPU__c170': cache hit -- 65 gates, area 240.00, delay 1.00
[pass.abc] region 'PipelinedDualIssueCPU.PipelinedDualIssueCPU__c171': cache hit -- 65 gates, area 240.00, delay 1.00
[pass.abc] region 'PipelinedDualIssueCPU.PipelinedDualIssueCPU__c172': cache hit -- 68 gates, area 6.26, delay 1.00
[pass.abc] region 'PipelinedDualIssueCPU.PipelinedDualIssueCPU__c173': cache hit -- 65 gates, area 240.00, delay 1.00
[pass.abc] region 'PipelinedDualIssueCPU.PipelinedDualIssueCPU__c174': cache hit -- 0 gates, area 0.00, delay -1000000000.00
[pass.abc] region 'PipelinedDualIssueCPU.PipelinedDualIssueCPU__c175': cache hit -- 0 gates, area 0.00, delay -1000000000.00
[pass.abc] region 'PipelinedDualIssueCPU.PipelinedDualIssueCPU__c176': cache hit -- 0 gates, area 0.00, delay -1000000000.00
[pass.abc] region 'PipelinedDualIssueCPU.PipelinedDualIssueCPU__c177': cache hit -- 0 gates, area 0.00, delay -1000000000.00
[pass.abc] region 'PipelinedDualIssueCPU.PipelinedDualIssueCPU__c178': cache hit -- 0 gates, area 0.00, delay -1000000000.00
[pass.abc] region 'PipelinedDualIssueCPU.PipelinedDualIssueCPU__c179': cache hit -- 0 gates, area 0.00, delay -1000000000.00
[pass.abc] region 'PipelinedDualIssueCPU.PipelinedDualIssueCPU__c180': cache hit -- 2 gates, area 3.75, delay 1.00
[pass.abc] region 'PipelinedDualIssueCPU.PipelinedDualIssueCPU__c181': cache hit -- 65 gates, area 240.00, delay 1.00
[pass.abc] region 'PipelinedDualIssueCPU.PipelinedDualIssueCPU__c182': cache hit -- 67 gates, area 570.65, delay 2.00
[pass.abc] region 'PipelinedDualIssueCPU.PipelinedDualIssueCPU__c183': cache hit -- 0 gates, area 0.00, delay -1000000000.00
[pass.abc] region 'PipelinedDualIssueCPU.PipelinedDualIssueCPU__c184': cache hit -- 0 gates, area 0.00, delay -1000000000.00
[pass.abc] region 'PipelinedDualIssueCPU.PipelinedDualIssueCPU__c185': cache hit -- 2 gates, area 3.75, delay 1.00
[pass.abc] region 'PipelinedDualIssueCPU.PipelinedDualIssueCPU__c186': 2 gates, area 3.75, delay 1.00  critical output 'and_1756_1' @ ./dino_prp/PipelinedDualIssueCPU.prp:325
Warning: The current network has no primary outputs. Some commands may not work correctly.
Warning: The current GIA has no primary outputs. Some commands may not work correctly.
Warning: The current GIA has no primary outputs. Some commands may not work correctly.
Warning: The current network has no primary outputs. Some commands may not work correctly.
Warning: The current GIA has no primary outputs. Some commands may not work correctly.
Warning: The current GIA has no primary outputs. Some commands may not work correctly.
Warning: The current GIA has no primary outputs. Some commands may not work correctly.
Warning: The current GIA has no primary outputs. Some commands may not work correctly.
Warning: The current network has no primary outputs. Some commands may not work correctly.
[pass.abc] region 'PipelinedDualIssueCPU.PipelinedDualIssueCPU__c187': 0 gates, area 0.00, delay -1000000000.00
[pass.abc] region 'PipelinedDualIssueCPU.PipelinedDualIssueCPU__c188': cache hit -- 0 gates, area 0.00, delay -1000000000.00
[pass.abc] region 'PipelinedDualIssueCPU.PipelinedDualIssueCPU__c189': cache hit -- 2 gates, area 3.75, delay 1.00
[pass.abc] region 'PipelinedDualIssueCPU.PipelinedDualIssueCPU__c190': cache hit -- 3 gates, area 7.50, delay 1.00
[pass.abc] region 'PipelinedDualIssueCPU.PipelinedDualIssueCPU__c191': 3 gates, area 7.50, delay 1.00  critical output 'get_mask_1784_1' @ ./dino_prp/PipelinedDualIssueCPU.prp:327
[pass.abc] region 'PipelinedDualIssueCPU.PipelinedDualIssueCPU__c192': cache hit -- 3 gates, area 7.50, delay 1.00
[pass.abc] region 'PipelinedDualIssueCPU.PipelinedDualIssueCPU__c193': cache hit -- 3 gates, area 7.50, delay 1.00
[pass.abc] region 'PipelinedDualIssueCPU.PipelinedDualIssueCPU__c194': cache hit -- 0 gates, area 0.00, delay -1000000000.00
[pass.abc] region 'PipelinedDualIssueCPU.PipelinedDualIssueCPU__c195': cache hit -- 0 gates, area 0.00, delay -1000000000.00
[pass.abc] region 'PipelinedDualIssueCPU.PipelinedDualIssueCPU__c196': cache hit -- 0 gates, area 0.00, delay -1000000000.00
[pass.abc] region 'PipelinedDualIssueCPU.PipelinedDualIssueCPU__c197': cache hit -- 0 gates, area 0.00, delay -1000000000.00
[pass.abc] region 'PipelinedDualIssueCPU.PipelinedDualIssueCPU__c198': cache hit -- 2 gates, area 3.75, delay 1.00
[pass.abc] region 'PipelinedDualIssueCPU.PipelinedDualIssueCPU__c199': cache hit -- 65 gates, area 240.00, delay 1.00
[pass.abc] region 'PipelinedDualIssueCPU.PipelinedDualIssueCPU__c200': cache hit -- 65 gates, area 240.00, delay 1.00
[pass.abc] region 'PipelinedDualIssueCPU.PipelinedDualIssueCPU__c201': cache hit -- 0 gates, area 0.00, delay -1000000000.00
[pass.abc] region 'PipelinedDualIssueCPU.PipelinedDualIssueCPU__c202': cache hit -- 0 gates, area 0.00, delay -1000000000.00
[pass.abc] region 'PipelinedDualIssueCPU.PipelinedDualIssueCPU__c203': cache hit -- 2 gates, area 3.75, delay 1.00
[pass.abc] region 'PipelinedDualIssueCPU.PipelinedDualIssueCPU__c204': cache hit -- 65 gates, area 240.00, delay 1.00
[pass.abc] region 'PipelinedDualIssueCPU.PipelinedDualIssueCPU__c205': cache hit -- 65 gates, area 240.00, delay 1.00
[pass.abc] region 'PipelinedDualIssueCPU.PipelinedDualIssueCPU__c206': cache hit -- 0 gates, area 0.00, delay -1000000000.00
[pass.abc] region 'PipelinedDualIssueCPU.PipelinedDualIssueCPU__c207': cache hit -- 0 gates, area 0.00, delay -1000000000.00
[pass.abc] region 'PipelinedDualIssueCPU.PipelinedDualIssueCPU__c208': cache hit -- 2 gates, area 3.75, delay 1.00
[pass.abc] region 'PipelinedDualIssueCPU.PipelinedDualIssueCPU__c209': 4 gates, area 11.25, delay 1.00  critical output 'get_mask_1884_1' @ ./dino_prp/PipelinedDualIssueCPU.prp:330
[pass.abc] region 'PipelinedDualIssueCPU.PipelinedDualIssueCPU__c210': cache hit -- 4 gates, area 11.25, delay 1.00
Warning: The current network has no primary outputs. Some commands may not work correctly.
Warning: The current GIA has no primary outputs. Some commands may not work correctly.
Warning: The current GIA has no primary outputs. Some commands may not work correctly.
Warning: The current network has no primary outputs. Some commands may not work correctly.
Warning: The current GIA has no primary outputs. Some commands may not work correctly.
Warning: The current GIA has no primary outputs. Some commands may not work correctly.
Warning: The current GIA has no primary outputs. Some commands may not work correctly.
Warning: The current GIA has no primary outputs. Some commands may not work correctly.
Warning: The current network has no primary outputs. Some commands may not work correctly.
[pass.abc] region 'PipelinedDualIssueCPU.PipelinedDualIssueCPU__c211': 0 gates, area 0.00, delay -1000000000.00
Warning: The current network has no primary outputs. Some commands may not work correctly.
Warning: The current GIA has no primary outputs. Some commands may not work correctly.
Warning: The current GIA has no primary outputs. Some commands may not work correctly.
Warning: The current network has no primary outputs. Some commands may not work correctly.
Warning: The current GIA has no primary outputs. Some commands may not work correctly.
Warning: The current GIA has no primary outputs. Some commands may not work correctly.
Warning: The current GIA has no primary outputs. Some commands may not work correctly.
Warning: The current GIA has no primary outputs. Some commands may not work correctly.
Warning: The current network has no primary outputs. Some commands may not work correctly.
[pass.abc] region 'PipelinedDualIssueCPU.PipelinedDualIssueCPU__c212': 0 gates, area 0.00, delay -1000000000.00
Warning: The current network has no primary outputs. Some commands may not work correctly.
Warning: The current GIA has no primary outputs. Some commands may not work correctly.
Warning: The current GIA has no primary outputs. Some commands may not work correctly.
Warning: The current network has no primary outputs. Some commands may not work correctly.
Warning: The current GIA has no primary outputs. Some commands may not work correctly.
Warning: The current GIA has no primary outputs. Some commands may not work correctly.
Warning: The current GIA has no primary outputs. Some commands may not work correctly.
Warning: The current GIA has no primary outputs. Some commands may not work correctly.
Warning: The current network has no primary outputs. Some commands may not work correctly.
[pass.abc] region 'PipelinedDualIssueCPU.PipelinedDualIssueCPU__c213': 0 gates, area 0.00, delay -1000000000.00
[pass.abc] region 'PipelinedDualIssueCPU.PipelinedDualIssueCPU__c214': cache hit -- 0 gates, area 0.00, delay -1000000000.00
[pass.abc] region 'PipelinedDualIssueCPU.PipelinedDualIssueCPU__c215': cache hit -- 2 gates, area 3.75, delay 1.00
[pass.abc] region 'PipelinedDualIssueCPU.PipelinedDualIssueCPU__c216': cache hit -- 65 gates, area 240.00, delay 1.00
[pass.abc] region 'PipelinedDualIssueCPU.PipelinedDualIssueCPU__c217': cache hit -- 65 gates, area 240.00, delay 1.00
[pass.abc] region 'PipelinedDualIssueCPU.PipelinedDualIssueCPU__c218': cache hit -- 65 gates, area 240.00, delay 1.00
[pass.abc] region 'PipelinedDualIssueCPU.PipelinedDualIssueCPU__c219': cache hit -- 65 gates, area 240.00, delay 1.00
[pass.abc] region 'PipelinedDualIssueCPU.PipelinedDualIssueCPU__c220': cache hit -- 0 gates, area 0.00, delay -1000000000.00
[pass.abc] region 'PipelinedDualIssueCPU.PipelinedDualIssueCPU__c221': cache hit -- 0 gates, area 0.00, delay -1000000000.00
[pass.abc] region 'PipelinedDualIssueCPU.PipelinedDualIssueCPU__c222': cache hit -- 0 gates, area 0.00, delay -1000000000.00
[pass.abc] region 'PipelinedDualIssueCPU.PipelinedDualIssueCPU__c223': cache hit -- 0 gates, area 0.00, delay -1000000000.00
[pass.abc] region 'PipelinedDualIssueCPU.PipelinedDualIssueCPU__c224': cache hit -- 2 gates, area 3.75, delay 1.00
[pass.abc] region 'PipelinedDualIssueCPU.PipelinedDualIssueCPU__c225': cache hit -- 65 gates, area 240.00, delay 1.00
[pass.abc] region 'PipelinedDualIssueCPU.PipelinedDualIssueCPU__c226': cache hit -- 65 gates, area 240.00, delay 1.00
[pass.abc] region 'PipelinedDualIssueCPU.PipelinedDualIssueCPU__c227': cache hit -- 65 gates, area 240.00, delay 1.00
[pass.abc] region 'PipelinedDualIssueCPU.PipelinedDualIssueCPU__c228': cache hit -- 65 gates, area 240.00, delay 1.00
[pass.abc] region 'PipelinedDualIssueCPU.PipelinedDualIssueCPU__c229': cache hit -- 0 gates, area 0.00, delay -1000000000.00
[pass.abc] region 'PipelinedDualIssueCPU.PipelinedDualIssueCPU__c230': cache hit -- 0 gates, area 0.00, delay -1000000000.00
[pass.abc] region 'PipelinedDualIssueCPU.PipelinedDualIssueCPU__c231': cache hit -- 0 gates, area 0.00, delay -1000000000.00
[pass.abc] region 'PipelinedDualIssueCPU.PipelinedDualIssueCPU__c232': cache hit -- 0 gates, area 0.00, delay -1000000000.00
[pass.abc] region 'PipelinedDualIssueCPU.PipelinedDualIssueCPU__c233': uncacheable -- ambiguous boundary: two inputs the region uses identically
[pass.abc] region 'PipelinedDualIssueCPU.PipelinedDualIssueCPU__c233': 479 gates, area 2667.74, delay 2.00  critical output 'nextPCmod_9' @ ./dino_prp/PipelinedDualIssueCPU.prp:333
[pass.abc] region 'PipelinedDualIssueCPU.PipelinedDualIssueCPU__c234': cache hit -- 65 gates, area 240.00, delay 1.00
[pass.abc] region 'PipelinedDualIssueCPU.PipelinedDualIssueCPU__c235': cache hit -- 2 gates, area 3.75, delay 1.00
[pass.abc] region 'PipelinedDualIssueCPU.PipelinedDualIssueCPU__c236': cache hit -- 65 gates, area 240.00, delay 1.00
[pass.abc] region 'PipelinedDualIssueCPU.PipelinedDualIssueCPU__c237': cache hit -- 65 gates, area 240.00, delay 1.00
[pass.abc] region 'PipelinedDualIssueCPU.PipelinedDualIssueCPU__c238': cache hit -- 0 gates, area 0.00, delay -1000000000.00
[pass.abc] region 'PipelinedDualIssueCPU.PipelinedDualIssueCPU__c239': cache hit -- 0 gates, area 0.00, delay -1000000000.00
[pass.abc] region 'PipelinedDualIssueCPU.PipelinedDualIssueCPU__c240': cache hit -- 2 gates, area 3.75, delay 1.00
[pass.abc] region 'PipelinedDualIssueCPU.PipelinedDualIssueCPU__c241': cache hit -- 65 gates, area 240.00, delay 1.00
[pass.abc] region 'PipelinedDualIssueCPU.PipelinedDualIssueCPU__c242': cache hit -- 0 gates, area 0.00, delay -1000000000.00
[pass.abc] region 'PipelinedDualIssueCPU.PipelinedDualIssueCPU__c243': uncacheable -- combinational cycle inside the region
[pass.abc] region 'PipelinedDualIssueCPU.PipelinedDualIssueCPU__c243': 692 gates, area 3697.64, delay 2.00  critical output 'pipeA_ex_mem_10' @ ./dino_prp/PipelinedDualIssueCPU.prp:339
[pass.abc] region 'PipelinedDualIssueCPU.PipelinedDualIssueCPU__c244': cache hit -- 65 gates, area 240.00, delay 1.00
[pass.abc] region 'PipelinedDualIssueCPU.PipelinedDualIssueCPU__c245': cache hit -- 65 gates, area 240.00, delay 1.00
[pass.abc] region 'PipelinedDualIssueCPU.PipelinedDualIssueCPU__c246': cache hit -- 2 gates, area 3.75, delay 1.00
[pass.abc] region 'PipelinedDualIssueCPU.PipelinedDualIssueCPU__c247': cache hit -- 65 gates, area 240.00, delay 1.00
[pass.abc] region 'PipelinedDualIssueCPU.PipelinedDualIssueCPU__c248': cache hit -- 65 gates, area 240.00, delay 1.00
[pass.abc] region 'PipelinedDualIssueCPU.PipelinedDualIssueCPU__c249': cache hit -- 0 gates, area 0.00, delay -1000000000.00
[pass.abc] region 'PipelinedDualIssueCPU.PipelinedDualIssueCPU__c250': cache hit -- 0 gates, area 0.00, delay -1000000000.00
[pass.abc] region 'PipelinedDualIssueCPU.PipelinedDualIssueCPU__c251': cache hit -- 2 gates, area 3.75, delay 1.00
[pass.abc] region 'PipelinedDualIssueCPU.PipelinedDualIssueCPU__c252': cache hit -- 65 gates, area 240.00, delay 1.00
[pass.abc] region 'PipelinedDualIssueCPU.PipelinedDualIssueCPU__c253': cache hit -- 0 gates, area 0.00, delay -1000000000.00
[pass.abc] region 'PipelinedDualIssueCPU.PipelinedDualIssueCPU__c254': uncacheable -- combinational cycle inside the region
[pass.abc] region 'PipelinedDualIssueCPU.PipelinedDualIssueCPU__c254': 693 gates, area 3701.40, delay 2.00  critical output 'pipeB_ex_mem_10' @ ./dino_prp/PipelinedDualIssueCPU.prp:350
[pass.abc] region 'PipelinedDualIssueCPU.PipelinedDualIssueCPU__c255': cache hit -- 65 gates, area 240.00, delay 1.00
[pass.abc] region 'PipelinedDualIssueCPU.PipelinedDualIssueCPU__c256': cache hit -- 65 gates, area 240.00, delay 1.00
[pass.abc] region 'PipelinedDualIssueCPU.PipelinedDualIssueCPU__c257': 33 gates, area 120.00, delay 1.00  critical output 'get_mask_2180_1' @ ./dino_prp/PipelinedDualIssueCPU.prp:37
[pass.abc] region 'PipelinedDualIssueCPU.PipelinedDualIssueCPU__c258': cache hit -- 33 gates, area 120.00, delay 1.00
[pass.abc] region 'PipelinedDualIssueCPU.PipelinedDualIssueCPU__c259': 2 gates, area 3.75, delay 1.00  critical output 'get_mask_2216_1' @ ./dino_prp/PipelinedDualIssueCPU.prp:48
[pass.abc] region 'PipelinedDualIssueCPU.PipelinedDualIssueCPU__c260': cache hit -- 2 gates, area 3.75, delay 1.00
[pass.abc] region 'PipelinedDualIssueCPU.PipelinedDualIssueCPU__c261': cache hit -- 65 gates, area 240.00, delay 1.00
[pass.abc] region 'PipelinedDualIssueCPU.PipelinedDualIssueCPU__c262': cache hit -- 2 gates, area 3.75, delay 1.00
[pass.abc] region 'PipelinedDualIssueCPU.PipelinedDualIssueCPU__c263': cache hit -- 65 gates, area 240.00, delay 1.00
[pass.abc] region 'PipelinedDualIssueCPU.PipelinedDualIssueCPU__c264': cache hit -- 2 gates, area 3.75, delay 1.00
[pass.abc] region 'PipelinedDualIssueCPU.PipelinedDualIssueCPU__c265': 3 gates, area 7.50, delay 1.00  critical output 'get_mask_2276_1' @ ./dino_prp/PipelinedDualIssueCPU.prp:63
[pass.abc] region 'PipelinedDualIssueCPU.PipelinedDualIssueCPU__c266': cache hit -- 3 gates, area 7.50, delay 1.00
[pass.abc] region 'PipelinedDualIssueCPU.PipelinedDualIssueCPU__c267': cache hit -- 65 gates, area 240.00, delay 1.00
[pass.abc] region 'PipelinedDualIssueCPU.PipelinedDualIssueCPU__c268': cache hit -- 65 gates, area 240.00, delay 1.00
[pass.abc] region 'PipelinedDualIssueCPU.PipelinedDualIssueCPU__c269': cache hit -- 2 gates, area 3.75, delay 1.00
pass.abc cache: 2210 hit(s), 635 miss(es), 581 stored, 54 uncacheable (dino_pyrope_wd_2/abc_cache)
pass.abc qor: 2845 region(s), 124186 gates, area 520582.00, max delay 67.00 (region 'ALU.ALU__c1' output 'hotmux_5060_1' @ ./dino_prp/ALU.prp:26)
